InputGenerationTime,0.05706629699852783
ProfilingTime,10.71699531700142
SimulationTime,6.633634761994472
FramaCExecutionTime,40.58814870099741
TotalExecutionTime,426.33889693299716
