InputGenerationTime,0.01594695199310081
ProfilingTime,10.322929542002385
SimulationTime,5.826847395001096
FramaCExecutionTime,46.48600257499493
TotalExecutionTime,493.6082993009986
