InputGenerationTime,0.0171071029981249
ProfilingTime,11.690474930001074
SimulationTime,6.782280394996633
FramaCExecutionTime,49.93881574000261
TotalExecutionTime,162.26997172600386
