InputGenerationTime,0.11606005700014066
ProfilingTime,10.66786571200646
SimulationTime,50.33683708499302
FramaCExecutionTime,42.19512809099979
TotalExecutionTime,1326.5812587619876
