InputGenerationTime,0.02398628399896552
ProfilingTime,11.522729566000635
SimulationTime,6.743750376001117
FramaCExecutionTime,56.596672714000306
TotalExecutionTime,1140.1080559490001
