InputGenerationTime,0.012637748999623
ProfilingTime,11.757084502001817
SimulationTime,48.04304355500062
FramaCExecutionTime,57.36715431099947
TotalExecutionTime,2698.6362151569974
