InputGenerationTime,0.01046458700147923
ProfilingTime,9.747026060998905
SimulationTime,5.312496294995071
FramaCExecutionTime,35.76380379799957
TotalExecutionTime,1304.175671555
