InputGenerationTime,0.0658009869948728
ProfilingTime,10.398287690011784
SimulationTime,30.478911904006964
FramaCExecutionTime,40.643793021998135
TotalExecutionTime,1151.7389448059985
