InputGenerationTime,0.03469175999998697
ProfilingTime,12.873283229999288
SimulationTime,7.082309886998701
FramaCExecutionTime,61.06725525799993
TotalExecutionTime,973.826640663001
