InputGenerationTime,0.01882177800143836
ProfilingTime,10.041530638998665
SimulationTime,5.69491849699989
FramaCExecutionTime,52.14162661100272
TotalExecutionTime,1960.1205106240013
