InputGenerationTime,0.09513172299193684
ProfilingTime,9.904321227004402
SimulationTime,48.67885750900314
FramaCExecutionTime,42.57547555399651
TotalExecutionTime,4513.037948320998
