InputGenerationTime,0.01578046099984931
ProfilingTime,9.836562503000096
SimulationTime,6.028547432000096
FramaCExecutionTime,43.47882046399991
TotalExecutionTime,1320.89257292
