InputGenerationTime,0.03755415400155471
ProfilingTime,24.121018933001324
SimulationTime,17.136937376999413
FramaCExecutionTime,131.89057868900272
TotalExecutionTime,1549.2946767529975
