InputGenerationTime,0.03220963099738583
ProfilingTime,9.716430082997249
SimulationTime,4.847840205999091
FramaCExecutionTime,35.3322548990036
TotalExecutionTime,1190.1035416099985
