InputGenerationTime,0.06687718700050027
ProfilingTime,10.69356745999903
SimulationTime,7.206354359001125
FramaCExecutionTime,39.48932267499913
TotalExecutionTime,770.5035172870012
