InputGenerationTime,0.02154857700043067
ProfilingTime,10.0925218579996
SimulationTime,49.00423559999945
FramaCExecutionTime,36.822960536999744
TotalExecutionTime,2645.2385681220003
