InputGenerationTime,0.0763670619999175
ProfilingTime,10.318099976997473
SimulationTime,6.697519935994933
FramaCExecutionTime,39.75321220000478
TotalExecutionTime,247.56195920000027
