InputGenerationTime,0.0745205179991899
ProfilingTime,9.965221558013582
SimulationTime,5.698746378999203
FramaCExecutionTime,41.4757383850083
TotalExecutionTime,680.5453361520049
