InputGenerationTime,0.02481988799991086
ProfilingTime,9.993714986998384
SimulationTime,6.227718661000836
FramaCExecutionTime,34.30475738699897
TotalExecutionTime,1505.8378141139983
