InputGenerationTime,0.07727786700706929
ProfilingTime,10.488979631991242
SimulationTime,5.803486572011025
FramaCExecutionTime,40.76006832699932
TotalExecutionTime,280.62343208699895
