InputGenerationTime,0.03125360700141755
ProfilingTime,14.281999013997847
SimulationTime,8.880056609999883
FramaCExecutionTime,56.99454582999897
TotalExecutionTime,1755.1673240380005
