InputGenerationTime,0.01414316500449786
ProfilingTime,10.86315391700191
SimulationTime,6.295027813997876
FramaCExecutionTime,36.11738900899945
TotalExecutionTime,784.2110024549984
