InputGenerationTime,0.01039334099914413
ProfilingTime,9.983469054001034
SimulationTime,5.286902950996591
FramaCExecutionTime,36.1268426799943
TotalExecutionTime,892.899766251001
