InputGenerationTime,0.0301166839999496
ProfilingTime,9.971505555999101
SimulationTime,5.120503928001199
FramaCExecutionTime,35.60818583100081
TotalExecutionTime,1248.3181244859989
