InputGenerationTime,0.02306973400118295
ProfilingTime,9.955402245999721
SimulationTime,47.491631980999955
FramaCExecutionTime,34.95365613299873
TotalExecutionTime,895.1251436579987
