InputGenerationTime,0.02493770999899425
ProfilingTime,9.376946673999555
SimulationTime,6.102649622000172
FramaCExecutionTime,35.02617612699942
TotalExecutionTime,1472.8937948900002
