InputGenerationTime,0.01144098601071164
ProfilingTime,9.895770096001797
SimulationTime,7.5499634870066075
FramaCExecutionTime,34.14544824699988
TotalExecutionTime,652.8940921789908
