InputGenerationTime,0.03211433500109706
ProfilingTime,10.259224742003425
SimulationTime,1479.7502141740042
FramaCExecutionTime,39.37306821200036
TotalExecutionTime,3479.3860122179976
