InputGenerationTime,0.02195946400752291
ProfilingTime,16.738811667019036
SimulationTime,59.92836496300879
FramaCExecutionTime,50.55869247901137
TotalExecutionTime,5834.827861569007
