InputGenerationTime,0.06024347899983695
ProfilingTime,9.579320323000502
SimulationTime,6.726140882999971
FramaCExecutionTime,37.23784175899982
TotalExecutionTime,431.9160000669999
