InputGenerationTime,0.02471806799985643
ProfilingTime,9.860408959000097
SimulationTime,5.807445216999895
FramaCExecutionTime,36.439571203000014
TotalExecutionTime,115.46979758299995
