InputGenerationTime,0.04088580200186698
ProfilingTime,11.98002983799961
SimulationTime,6.715848356994684
FramaCExecutionTime,46.09346962199925
TotalExecutionTime,756.4431883049983
