InputGenerationTime,0.01647902900003828
ProfilingTime,12.054937502995017
SimulationTime,6.378772854994168
FramaCExecutionTime,48.37001351900108
TotalExecutionTime,781.7630874290044
