InputGenerationTime,0.03211433500109706
ProfilingTime,10.406703895001556
SimulationTime,50.393991929995536
FramaCExecutionTime,39.37306821200036
TotalExecutionTime,1868.5085301639992
