InputGenerationTime,0.05265666600462282
ProfilingTime,10.160990725002193
SimulationTime,5.680681409001409
FramaCExecutionTime,41.49356549300137
TotalExecutionTime,1274.1190734310003
