InputGenerationTime,0.02154857700043067
ProfilingTime,10.346056094000232
SimulationTime,49.112099627000134
FramaCExecutionTime,36.822960536999744
TotalExecutionTime,2468.0817892640007
