InputGenerationTime,0.06652831399696879
ProfilingTime,10.483877560007386
SimulationTime,9.392780844995286
FramaCExecutionTime,38.49409825599287
TotalExecutionTime,223.354214676001
