InputGenerationTime,0.02306895500078099
ProfilingTime,9.873820743003307
SimulationTime,5.186628660001588
FramaCExecutionTime,45.48063135499979
TotalExecutionTime,539.2212134959991
