InputGenerationTime,0.10587871700408868
ProfilingTime,9.936611427998287
SimulationTime,51.011602979007876
FramaCExecutionTime,43.57780704900506
TotalExecutionTime,2274.0364791289903
