InputGenerationTime,0.10177876400121022
ProfilingTime,10.519441861993982
SimulationTime,7.040550612000516
FramaCExecutionTime,40.503118693988654
TotalExecutionTime,1180.0723321949918
