InputGenerationTime,0.0745205179991899
ProfilingTime,10.118270385995856
SimulationTime,5.9970986250118585
FramaCExecutionTime,41.4757383850083
TotalExecutionTime,550.6649685519951
