InputGenerationTime,0.11015815800055861
ProfilingTime,11.346039787997142
SimulationTime,51.3047148080077
FramaCExecutionTime,48.40303555400169
TotalExecutionTime,2644.771143078993
