InputGenerationTime,0.01877888300077757
ProfilingTime,13.735856805000367
SimulationTime,16.845705244999408
FramaCExecutionTime,59.614060054998845
TotalExecutionTime,506.32934578599816
