InputGenerationTime,0.03125360700141755
ProfilingTime,13.091158917999564
SimulationTime,8.822797935998096
FramaCExecutionTime,56.99454582999897
TotalExecutionTime,1731.96556126
