InputGenerationTime,0.01306821499929356
ProfilingTime,10.04967448500065
SimulationTime,5.128940971000702
FramaCExecutionTime,36.68536588400093
TotalExecutionTime,97.71894931300085
