InputGenerationTime,0.01333866200002376
ProfilingTime,10.537565616992651
SimulationTime,6.117713736995938
FramaCExecutionTime,48.59325111399812
TotalExecutionTime,1011.8688670620031
