InputGenerationTime,0.07833635200222488
ProfilingTime,10.606787855998846
SimulationTime,9.639256493996072
FramaCExecutionTime,40.119682856995496
TotalExecutionTime,463.583953233996
