InputGenerationTime,0.0301440870098304
ProfilingTime,11.539738719002344
SimulationTime,15.816320481986622
FramaCExecutionTime,39.158365137991495
TotalExecutionTime,1170.2923379910062
