InputGenerationTime,0.02041564299724996
ProfilingTime,10.866165006998926
SimulationTime,7.050325902004261
FramaCExecutionTime,48.29850274599448
TotalExecutionTime,1536.0555256500083
