InputGenerationTime,0.06465608299913583
ProfilingTime,9.456673152999429
SimulationTime,5.107818358002987
FramaCExecutionTime,38.55570130500564
TotalExecutionTime,466.7868647849973
