InputGenerationTime,0.03064069100219058
ProfilingTime,10.308618271999876
SimulationTime,6.227510505999817
FramaCExecutionTime,34.7892839849992
TotalExecutionTime,630.6703781079996
