InputGenerationTime,0.02131568200275069
ProfilingTime,10.280980850999185
SimulationTime,6.055318078004348
FramaCExecutionTime,37.40565201899881
TotalExecutionTime,627.4018978870008
