InputGenerationTime,0.02154857700043067
ProfilingTime,10.225522042999728
SimulationTime,48.79058597100084
FramaCExecutionTime,36.822960536999744
TotalExecutionTime,1979.5066971569995
