InputGenerationTime,0.04271512100240216
ProfilingTime,26.158524490001582
SimulationTime,18.375686990999384
FramaCExecutionTime,140.39492750800127
TotalExecutionTime,3813.145092117
