InputGenerationTime,0.0341274840029655
ProfilingTime,10.305132152003353
SimulationTime,7.515832364006201
FramaCExecutionTime,37.64829516099417
TotalExecutionTime,764.9836381659989
