InputGenerationTime,0.11479880199476611
ProfilingTime,9.668300555000314
SimulationTime,8.184272081998643
FramaCExecutionTime,42.08872573199915
TotalExecutionTime,1384.9145784949942
