InputGenerationTime,0.07123787500131584
ProfilingTime,9.509257145999072
SimulationTime,5.472012915999585
FramaCExecutionTime,41.87460094400012
TotalExecutionTime,237.00194813000053
