InputGenerationTime,0.06465608299913583
ProfilingTime,9.837372155001503
SimulationTime,5.434314425998309
FramaCExecutionTime,38.55570130500564
TotalExecutionTime,637.0346074609988
