InputGenerationTime,0.09763066199957393
ProfilingTime,10.263018455996644
SimulationTime,6.669584624003619
FramaCExecutionTime,40.35617790700053
TotalExecutionTime,503.35200582300604
