InputGenerationTime,0.00968929698865395
ProfilingTime,12.561078087004717
SimulationTime,53.07521532800456
FramaCExecutionTime,48.13642818399239
TotalExecutionTime,2234.930749292005
