InputGenerationTime,0.01328051500604488
ProfilingTime,15.933661667004344
SimulationTime,3.045214676007163
FramaCExecutionTime,41.48226086300565
TotalExecutionTime,447.49390159799077
