InputGenerationTime,0.01578046099984931
ProfilingTime,9.944123261000186
SimulationTime,6.511327328000107
FramaCExecutionTime,43.47882046399991
TotalExecutionTime,1598.58944989
