InputGenerationTime,0.04271512100240216
ProfilingTime,41.65012052900056
SimulationTime,27.228098236999358
FramaCExecutionTime,140.39492750800127
TotalExecutionTime,3263.078632493998
