InputGenerationTime,0.11015815800055861
ProfilingTime,11.249908295998466
SimulationTime,51.18803285699687
FramaCExecutionTime,48.40303555400169
TotalExecutionTime,2830.099016520995
