InputGenerationTime,0.05706629699852783
ProfilingTime,10.092628056998365
SimulationTime,6.432951968003181
FramaCExecutionTime,40.58814870099741
TotalExecutionTime,57.17195240900037
