InputGenerationTime,0.08946731199102942
ProfilingTime,10.184275673003867
SimulationTime,10.838718355997116
FramaCExecutionTime,41.71104338199075
TotalExecutionTime,479.35722364499816
