InputGenerationTime,0.01951889699921594
ProfilingTime,9.814040909999676
SimulationTime,4.957873807999931
FramaCExecutionTime,35.60998623500018
TotalExecutionTime,123.16037674200015
