InputGenerationTime,0.05595495499437675
ProfilingTime,11.792510592000326
SimulationTime,7.044518353999592
FramaCExecutionTime,40.309179092000704
TotalExecutionTime,1338.9753989819947
