InputGenerationTime,0.04088580200186698
ProfilingTime,11.07726382400142
SimulationTime,5.817184872001235
FramaCExecutionTime,46.09346962199925
TotalExecutionTime,773.4060553189993
