InputGenerationTime,0.02358301000094798
ProfilingTime,9.90844433500024
SimulationTime,5.61057393199917
FramaCExecutionTime,34.802208841998436
TotalExecutionTime,189.91708174799896
