InputGenerationTime,0.01848810700175818
ProfilingTime,9.78380460599874
SimulationTime,5.186287769000046
FramaCExecutionTime,35.19626918999711
TotalExecutionTime,1007.0622916970024
