InputGenerationTime,0.11740471799566876
ProfilingTime,11.113141431997065
SimulationTime,75.05919203499798
FramaCExecutionTime,50.78784949700639
TotalExecutionTime,1821.9036542130052
