InputGenerationTime,0.03158086500002355
ProfilingTime,9.956989234000048
SimulationTime,5.957318558999987
FramaCExecutionTime,36.47446528099999
TotalExecutionTime,834.433440593
