InputGenerationTime,0.01344646500365343
ProfilingTime,11.138304848005646
SimulationTime,54.104621001009946
FramaCExecutionTime,41.5655235019949
TotalExecutionTime,4564.448864562
