InputGenerationTime,0.03070392999507021
ProfilingTime,14.868610921999789
SimulationTime,7.266402907000156
FramaCExecutionTime,43.51740340801189
TotalExecutionTime,650.5651094460045
