InputGenerationTime,0.06789501200000814
ProfilingTime,9.72188658199957
SimulationTime,5.887874239999292
FramaCExecutionTime,36.73994468700039
TotalExecutionTime,69.89879718799966
