InputGenerationTime,0.10100196998973843
ProfilingTime,12.879306070011808
SimulationTime,12.09779981400061
FramaCExecutionTime,42.211014248998254
TotalExecutionTime,873.6204497199942
