InputGenerationTime,0.02131568200275069
ProfilingTime,10.274899582997023
SimulationTime,6.15665664900007
FramaCExecutionTime,37.40565201899881
TotalExecutionTime,478.387310954
