InputGenerationTime,0.03914463899855036
ProfilingTime,12.959501592005836
SimulationTime,7.547787416006031
FramaCExecutionTime,48.82799473100022
TotalExecutionTime,800.9636297550023
