InputGenerationTime,0.03469175999998697
ProfilingTime,12.167745669999931
SimulationTime,6.978433549000329
FramaCExecutionTime,61.06725525799993
TotalExecutionTime,871.3228188690009
