InputGenerationTime,0.0658009869948728
ProfilingTime,13.27885170999798
SimulationTime,14.694763131003128
FramaCExecutionTime,40.643793021998135
TotalExecutionTime,1299.923990351992
