InputGenerationTime,0.09763066199957393
ProfilingTime,10.284722645999864
SimulationTime,6.84345707900502
FramaCExecutionTime,40.35617790700053
TotalExecutionTime,694.1628310620072
