InputGenerationTime,0.04653632100234972
ProfilingTime,10.553946921005263
SimulationTime,51.869032669012086
FramaCExecutionTime,41.64242968399776
TotalExecutionTime,4232.482239080004
