InputGenerationTime,0.01519978199939942
ProfilingTime,11.084026105003431
SimulationTime,6.152221639000345
FramaCExecutionTime,35.97166418199777
TotalExecutionTime,1536.9805749939987
