InputGenerationTime,0.0738430739947944
ProfilingTime,10.50601901600021
SimulationTime,8.129970255002263
FramaCExecutionTime,42.79753851800342
TotalExecutionTime,1837.3411574400016
