InputGenerationTime,0.02493770999899425
ProfilingTime,9.296681740999702
SimulationTime,5.80247349199999
FramaCExecutionTime,35.02617612699942
TotalExecutionTime,1241.2455860219998
