InputGenerationTime,0.01781125200795941
ProfilingTime,10.123210378995282
SimulationTime,5.976388712995686
FramaCExecutionTime,33.69016032500076
TotalExecutionTime,1074.6193197319953
