InputGenerationTime,0.07852797899977304
ProfilingTime,11.259045358005096
SimulationTime,12.864196698996238
FramaCExecutionTime,48.29240481999295
TotalExecutionTime,966.7597858939989
