InputGenerationTime,0.06581077299779281
ProfilingTime,24.310933990000194
SimulationTime,19.481977578001533
FramaCExecutionTime,115.83512147400324
TotalExecutionTime,4135.940056169999
