InputGenerationTime,0.0745205179991899
ProfilingTime,10.007554818992503
SimulationTime,5.890820182001335
FramaCExecutionTime,41.4757383850083
TotalExecutionTime,632.2692742469953
