InputGenerationTime,0.03659036000317428
ProfilingTime,11.346831219998421
SimulationTime,7.277833241998451
FramaCExecutionTime,43.33275046799827
TotalExecutionTime,1493.9773668159978
