InputGenerationTime,0.03469175999998697
ProfilingTime,13.346332233000794
SimulationTime,6.898277000000235
FramaCExecutionTime,61.06725525799993
TotalExecutionTime,852.1464229680005
