InputGenerationTime,0.03753126999072265
ProfilingTime,10.531601933005732
SimulationTime,11.203383895001025
FramaCExecutionTime,36.719459897998604
TotalExecutionTime,1712.8970742640086
