InputGenerationTime,0.01951889699921594
ProfilingTime,9.962577369000428
SimulationTime,5.153265631999602
FramaCExecutionTime,35.60998623500018
TotalExecutionTime,213.59297118799986
