InputGenerationTime,0.11740471799566876
ProfilingTime,11.897349453007337
SimulationTime,83.6158344239957
FramaCExecutionTime,50.78784949700639
TotalExecutionTime,1365.1590986830124
