InputGenerationTime,0.07123787500131584
ProfilingTime,11.50457182199898
SimulationTime,5.6150202579992765
FramaCExecutionTime,41.87460094400012
TotalExecutionTime,405.62977204600065
