InputGenerationTime,0.0738430739947944
ProfilingTime,11.713238331001776
SimulationTime,9.043568805995164
FramaCExecutionTime,42.79753851800342
TotalExecutionTime,1741.1438666989998
