InputGenerationTime,0.11202836499433033
ProfilingTime,9.951139230994158
SimulationTime,6.98125758599781
FramaCExecutionTime,39.724936091995914
TotalExecutionTime,258.9796284789918
