InputGenerationTime,0.03914463899855036
ProfilingTime,13.22145453900157
SimulationTime,7.257353688997682
FramaCExecutionTime,48.82799473100022
TotalExecutionTime,572.7596260380014
