InputGenerationTime,0.06281015000058687
ProfilingTime,10.081577248998656
SimulationTime,5.646285021000949
FramaCExecutionTime,39.76741987800051
TotalExecutionTime,1534.9828134569998
