InputGenerationTime,0.02311374100008834
ProfilingTime,9.715990182000496
SimulationTime,5.797698162000415
FramaCExecutionTime,35.06249987399951
TotalExecutionTime,266.6433159819999
