InputGenerationTime,0.02927012700092746
ProfilingTime,12.309746689999884
SimulationTime,20.08722964000117
FramaCExecutionTime,59.54822582100314
TotalExecutionTime,529.0457630009987
