InputGenerationTime,0.02332559400019818
ProfilingTime,10.222729483997682
SimulationTime,6.41682742699777
FramaCExecutionTime,45.93521431100089
TotalExecutionTime,508.2803308890034
