InputGenerationTime,0.0171071029981249
ProfilingTime,12.338692567995167
SimulationTime,7.07299399600015
FramaCExecutionTime,49.93881574000261
TotalExecutionTime,426.39340322800126
