InputGenerationTime,0.07630812800016429
ProfilingTime,10.563520406001771
SimulationTime,7.370284357999481
FramaCExecutionTime,39.353945180000665
TotalExecutionTime,211.77882154600047
