InputGenerationTime,0.01594695199310081
ProfilingTime,10.270921122006257
SimulationTime,6.043892271001823
FramaCExecutionTime,46.48600257499493
TotalExecutionTime,828.431394565996
