InputGenerationTime,0.01730999299979885
ProfilingTime,9.727885397998762
SimulationTime,4.972030271001131
FramaCExecutionTime,44.544735395000316
TotalExecutionTime,88.59790073000113
