InputGenerationTime,0.01343886599988764
ProfilingTime,10.502604132999295
SimulationTime,47.317719671000305
FramaCExecutionTime,35.34428882700013
TotalExecutionTime,1494.3218750250003
