InputGenerationTime,0.01781125200795941
ProfilingTime,9.435498990002088
SimulationTime,5.245370718999766
FramaCExecutionTime,33.69016032500076
TotalExecutionTime,1183.098237661994
