InputGenerationTime,0.01414316500449786
ProfilingTime,10.817652358004125
SimulationTime,6.626764679996995
FramaCExecutionTime,36.11738900899945
TotalExecutionTime,750.6335369529988
