InputGenerationTime,0.11015815800055861
ProfilingTime,10.801386735998676
SimulationTime,52.39837649901165
FramaCExecutionTime,48.40303555400169
TotalExecutionTime,1992.08506846799
