InputGenerationTime,0.06581077299779281
ProfilingTime,27.210212017998856
SimulationTime,18.192663207002624
FramaCExecutionTime,115.83512147400324
TotalExecutionTime,3604.7832516989984
