InputGenerationTime,0.03455019700049888
ProfilingTime,9.926331331000256
SimulationTime,6.199507097999231
FramaCExecutionTime,34.927573151000615
TotalExecutionTime,763.9668837900008
