InputGenerationTime,0.01333866200002376
ProfilingTime,10.455147232001764
SimulationTime,6.11889671201061
FramaCExecutionTime,48.59325111399812
TotalExecutionTime,1062.888328732006
