InputGenerationTime,0.03914463899855036
ProfilingTime,14.063661662999948
SimulationTime,7.245957850005652
FramaCExecutionTime,48.82799473100022
TotalExecutionTime,971.6542366310023
