InputGenerationTime,0.01725929699932749
ProfilingTime,9.464751735999016
SimulationTime,5.909737431000394
FramaCExecutionTime,34.431736876000286
TotalExecutionTime,853.563535927
