InputGenerationTime,0.0385067209990666
ProfilingTime,12.532586590999927
SimulationTime,9.617691068000568
FramaCExecutionTime,37.904336684001464
TotalExecutionTime,745.9150520419989
