InputGenerationTime,0.01839245700102765
ProfilingTime,10.012115640000047
SimulationTime,6.128986599998825
FramaCExecutionTime,35.089644800000315
TotalExecutionTime,358.1259559400005
