InputGenerationTime,0.01695346001361031
ProfilingTime,13.40039677900495
SimulationTime,4.32015222699556
FramaCExecutionTime,51.14702446399315
TotalExecutionTime,1194.8748847980023
