InputGenerationTime,0.04750419400079409
ProfilingTime,19.21170614300354
SimulationTime,11.816732027997205
FramaCExecutionTime,91.2054417679974
TotalExecutionTime,183.2677016519956
