InputGenerationTime,0.03755415400155471
ProfilingTime,25.523897944000055
SimulationTime,18.360144919999584
FramaCExecutionTime,131.89057868900272
TotalExecutionTime,2052.909009684001
