InputGenerationTime,0.03158086500002355
ProfilingTime,10.309355302000085
SimulationTime,6.229235985999821
FramaCExecutionTime,36.47446528099999
TotalExecutionTime,801.818502038
