InputGenerationTime,0.01968984300037846
ProfilingTime,10.240512905998912
SimulationTime,5.812345252001251
FramaCExecutionTime,38.81064819900348
TotalExecutionTime,730.2660919529953
