InputGenerationTime,0.0301166839999496
ProfilingTime,9.735056639001414
SimulationTime,4.823096170001008
FramaCExecutionTime,35.60818583100081
TotalExecutionTime,1203.648186167
