InputGenerationTime,0.04271512100240216
ProfilingTime,31.095672311003
SimulationTime,24.593032236
FramaCExecutionTime,140.39492750800127
TotalExecutionTime,3668.6916149319986
