InputGenerationTime,0.02234565999242477
ProfilingTime,11.286136574999546
SimulationTime,54.33971553899755
FramaCExecutionTime,39.94511723800679
TotalExecutionTime,6016.519676536991
