InputGenerationTime,0.10154341699671932
ProfilingTime,9.92087589201401
SimulationTime,16.848458886001026
FramaCExecutionTime,42.076754936002544
TotalExecutionTime,2604.17672988899
