InputGenerationTime,0.07460761899710633
ProfilingTime,10.25461849400017
SimulationTime,14.5870860159921
FramaCExecutionTime,39.61733392599854
TotalExecutionTime,195.97398741499637
