InputGenerationTime,0.03659036000317428
ProfilingTime,11.178079780002008
SimulationTime,6.801719843999308
FramaCExecutionTime,43.33275046799827
TotalExecutionTime,1457.1224484279956
