InputGenerationTime,0.0223144050000883
ProfilingTime,11.091107742000077
SimulationTime,6.902235980000114
FramaCExecutionTime,35.90068683499999
TotalExecutionTime,1172.964315793
