InputGenerationTime,0.0154482090001693
ProfilingTime,10.92553083099483
SimulationTime,4.473277419005171
FramaCExecutionTime,48.95317624400195
TotalExecutionTime,5401.162568115993
