InputGenerationTime,0.07492488600109937
ProfilingTime,10.771468554004969
SimulationTime,6.739680502003466
FramaCExecutionTime,42.08125151599961
TotalExecutionTime,1146.7009477180036
