InputGenerationTime,0.05706629699852783
ProfilingTime,10.74749793499359
SimulationTime,6.6714666100015165
FramaCExecutionTime,40.58814870099741
TotalExecutionTime,212.9718618870029
