InputGenerationTime,0.07492488600109937
ProfilingTime,10.41262775699579
SimulationTime,6.2938214739988325
FramaCExecutionTime,42.08125151599961
TotalExecutionTime,1129.1559266609984
