InputGenerationTime,0.02131568200275069
ProfilingTime,10.256385651002347
SimulationTime,6.2027161399964825
FramaCExecutionTime,37.40565201899881
TotalExecutionTime,511.29373397400195
