InputGenerationTime,0.0852646759885829
ProfilingTime,9.647356681001838
SimulationTime,103.54246976600552
FramaCExecutionTime,42.89104297501035
TotalExecutionTime,3037.22300709899
