InputGenerationTime,0.02927012700092746
ProfilingTime,12.126889698000014
SimulationTime,19.825441279997904
FramaCExecutionTime,59.54822582100314
TotalExecutionTime,183.0276922869998
