InputGenerationTime,0.09763066199957393
ProfilingTime,10.671564055002818
SimulationTime,7.217539656005101
FramaCExecutionTime,40.35617790700053
TotalExecutionTime,875.2675401880042
