InputGenerationTime,0.03064069100219058
ProfilingTime,10.23871111599874
SimulationTime,6.446200393998879
FramaCExecutionTime,34.7892839849992
TotalExecutionTime,663.7195795740008
