InputGenerationTime,0.02311374100008834
ProfilingTime,9.741170942999815
SimulationTime,5.602842918999158
FramaCExecutionTime,35.06249987399951
TotalExecutionTime,204.8375772620002
