InputGenerationTime,0.02387934099533595
ProfilingTime,16.17984073200205
SimulationTime,55.06999631400686
FramaCExecutionTime,40.29103302399744
TotalExecutionTime,2888.272415334999
