InputGenerationTime,0.03914463899855036
ProfilingTime,13.105033496998658
SimulationTime,6.971536762001051
FramaCExecutionTime,48.82799473100022
TotalExecutionTime,780.4239057590021
