InputGenerationTime,0.07647114399878774
ProfilingTime,12.349059177999152
SimulationTime,47.08187242099666
FramaCExecutionTime,39.74868804399739
TotalExecutionTime,1093.6319795419986
