InputGenerationTime,0.01725929699932749
ProfilingTime,9.534354404000624
SimulationTime,5.986949211999672
FramaCExecutionTime,34.431736876000286
TotalExecutionTime,1114.2371767799996
