InputGenerationTime,0.06920159800029069
ProfilingTime,9.56389757299985
SimulationTime,4.79311689899987
FramaCExecutionTime,38.74239860200032
TotalExecutionTime,846.3125314169993
