InputGenerationTime,0.01725929699932749
ProfilingTime,9.498579750999852
SimulationTime,5.888056421999863
FramaCExecutionTime,34.431736876000286
TotalExecutionTime,930.120426735999
