InputGenerationTime,0.06693528000323568
ProfilingTime,10.327959002999705
SimulationTime,51.93553776899353
FramaCExecutionTime,41.80391053999483
TotalExecutionTime,4896.395689532008
