InputGenerationTime,0.05692466000073182
ProfilingTime,10.15059544900032
SimulationTime,6.467613996999717
FramaCExecutionTime,39.214578377999715
TotalExecutionTime,1380.481586314001
