InputGenerationTime,0.04271512100240216
ProfilingTime,22.616384262000793
SimulationTime,18.141813173999253
FramaCExecutionTime,140.39492750800127
TotalExecutionTime,3897.3950225810004
