InputGenerationTime,0.03444526500243228
ProfilingTime,10.879766393001773
SimulationTime,6.197635341013665
FramaCExecutionTime,52.18555356100842
TotalExecutionTime,120.38630179599568
