InputGenerationTime,0.02387934099533595
ProfilingTime,17.394144593999954
SimulationTime,55.97530622901104
FramaCExecutionTime,40.29103302399744
TotalExecutionTime,2722.682730486995
