InputGenerationTime,0.11202836499433033
ProfilingTime,9.469288640000741
SimulationTime,6.7559053379955
FramaCExecutionTime,39.724936091995914
TotalExecutionTime,242.01559713800089
