InputGenerationTime,0.07833635200222488
ProfilingTime,10.728490683999553
SimulationTime,10.039059907998308
FramaCExecutionTime,40.119682856995496
TotalExecutionTime,180.71929727999668
