InputGenerationTime,0.02140154999869992
ProfilingTime,23.193443812000623
SimulationTime,15.322234126000694
FramaCExecutionTime,121.4568781320013
TotalExecutionTime,2065.735799681999
