InputGenerationTime,0.0745205179991899
ProfilingTime,10.239748367006541
SimulationTime,5.7865648200095166
FramaCExecutionTime,41.4757383850083
TotalExecutionTime,696.6151897620002
