InputGenerationTime,0.01578046099984931
ProfilingTime,9.877312400000164
SimulationTime,6.385659715999964
FramaCExecutionTime,43.47882046399991
TotalExecutionTime,1483.576266533
