InputGenerationTime,0.01951889699921594
ProfilingTime,9.996143850999943
SimulationTime,4.921553756999856
FramaCExecutionTime,35.60998623500018
TotalExecutionTime,288.28481982799894
