InputGenerationTime,0.02583890700043412
ProfilingTime,10.616023155998846
SimulationTime,51.807436705996224
FramaCExecutionTime,39.279005670003244
TotalExecutionTime,6339.7312404330005
