InputGenerationTime,0.01333866200002376
ProfilingTime,10.65672642600839
SimulationTime,6.066437159999623
FramaCExecutionTime,48.59325111399812
TotalExecutionTime,1181.9130700940004
