InputGenerationTime,0.01177785099571338
ProfilingTime,11.730510075001803
SimulationTime,6.419299235996732
FramaCExecutionTime,52.82057099800295
TotalExecutionTime,2069.289258773999
