InputGenerationTime,0.0301440870098304
ProfilingTime,11.351766588995815
SimulationTime,18.90336322800431
FramaCExecutionTime,39.158365137991495
TotalExecutionTime,1113.0682697680022
