InputGenerationTime,0.01414316500449786
ProfilingTime,10.189180642002611
SimulationTime,5.741936561003968
FramaCExecutionTime,36.11738900899945
TotalExecutionTime,544.2331933859969
