InputGenerationTime,0.03618974800338037
ProfilingTime,9.93069276100141
SimulationTime,11.953415323005174
FramaCExecutionTime,38.09326741400582
TotalExecutionTime,409.7356273309997
