InputGenerationTime,0.02041564299724996
ProfilingTime,10.960871621005936
SimulationTime,6.466020567997475
FramaCExecutionTime,48.29850274599448
TotalExecutionTime,1447.613341682998
