InputGenerationTime,0.02938545899814926
ProfilingTime,11.050491147005232
SimulationTime,6.906523550002021
FramaCExecutionTime,38.626025493998895
TotalExecutionTime,16187.863812715997
