InputGenerationTime,0.03148683500012339
ProfilingTime,9.968198807000135
SimulationTime,6.372610901999906
FramaCExecutionTime,43.64821819200006
TotalExecutionTime,866.2550962669998
