InputGenerationTime,0.02358301000094798
ProfilingTime,9.803994748999685
SimulationTime,5.271565944000031
FramaCExecutionTime,34.802208841998436
TotalExecutionTime,389.9041145989995
