InputGenerationTime,0.01647902900003828
ProfilingTime,12.26108777600166
SimulationTime,6.547891815003823
FramaCExecutionTime,48.37001351900108
TotalExecutionTime,645.317166666995
