InputGenerationTime,0.01003517399658449
ProfilingTime,13.79108666099637
SimulationTime,6.591906806999759
FramaCExecutionTime,46.60673828200379
TotalExecutionTime,484.3882013629991
