InputGenerationTime,0.01578046099984931
ProfilingTime,9.79151694999996
SimulationTime,6.410188994999999
FramaCExecutionTime,43.47882046399991
TotalExecutionTime,1337.156541838
