InputGenerationTime,0.03070392999507021
ProfilingTime,14.085179244008032
SimulationTime,7.298474821000127
FramaCExecutionTime,43.51740340801189
TotalExecutionTime,693.9742331159941
