InputGenerationTime,0.10154341699671932
ProfilingTime,10.379238406007062
SimulationTime,14.484853343004943
FramaCExecutionTime,42.076754936002544
TotalExecutionTime,2440.9506333839963
