InputGenerationTime,0.012637748999623
ProfilingTime,12.324130065000645
SimulationTime,48.39869759700014
FramaCExecutionTime,57.36715431099947
TotalExecutionTime,2759.3786975540006
