InputGenerationTime,0.02913684999657562
ProfilingTime,9.490946442005225
SimulationTime,4.367826142995909
FramaCExecutionTime,35.218215351000254
TotalExecutionTime,750.6241516259979
