InputGenerationTime,0.05377575800230261
ProfilingTime,9.49588455799676
SimulationTime,5.054098139000416
FramaCExecutionTime,38.171050539000134
TotalExecutionTime,870.579691177998
