InputGenerationTime,0.09763066199957393
ProfilingTime,13.475016525000683
SimulationTime,8.436225559999002
FramaCExecutionTime,40.35617790700053
TotalExecutionTime,804.5313782010053
