InputGenerationTime,0.06920159800029069
ProfilingTime,9.790720492001128
SimulationTime,4.966887839000265
FramaCExecutionTime,38.74239860200032
TotalExecutionTime,890.1441086779996
