InputGenerationTime,0.02131568200275069
ProfilingTime,10.25888474599924
SimulationTime,6.049562425003387
FramaCExecutionTime,37.40565201899881
TotalExecutionTime,791.6590879579962
