InputGenerationTime,0.06687718700050027
ProfilingTime,10.696797332999267
SimulationTime,7.0581469609987835
FramaCExecutionTime,39.48932267499913
TotalExecutionTime,752.5678039900013
