InputGenerationTime,0.01682621199870482
ProfilingTime,14.554113926991704
SimulationTime,11.118185041006655
FramaCExecutionTime,42.423894251012825
TotalExecutionTime,1907.9110524059943
