InputGenerationTime,0.0341274840029655
ProfilingTime,9.940655227008392
SimulationTime,7.140594195006997
FramaCExecutionTime,37.64829516099417
TotalExecutionTime,870.4863675960078
