InputGenerationTime,0.01144098601071164
ProfilingTime,9.635598777997075
SimulationTime,6.844133154998417
FramaCExecutionTime,34.14544824699988
TotalExecutionTime,863.857776313991
