InputGenerationTime,0.0301440870098304
ProfilingTime,11.113557431002846
SimulationTime,18.09839405499224
FramaCExecutionTime,39.158365137991495
TotalExecutionTime,1053.71964126901
