InputGenerationTime,0.0301440870098304
ProfilingTime,10.871939652002766
SimulationTime,18.139638271997683
FramaCExecutionTime,39.158365137991495
TotalExecutionTime,1082.7698902420088
