InputGenerationTime,0.07010217800052487
ProfilingTime,9.606719939998584
SimulationTime,6.75848717199915
FramaCExecutionTime,37.008794666999165
TotalExecutionTime,85.14387218899901
