InputGenerationTime,0.07322397099778755
ProfilingTime,9.85471907399915
SimulationTime,5.348673226995743
FramaCExecutionTime,39.72697308399802
TotalExecutionTime,1602.8662582350007
