InputGenerationTime,0.01905658200121252
ProfilingTime,10.975679208000656
SimulationTime,6.195866327994736
FramaCExecutionTime,35.78832621900074
TotalExecutionTime,1121.5251752469994
