InputGenerationTime,0.06581077299779281
ProfilingTime,24.240517393998744
SimulationTime,15.811648887000047
FramaCExecutionTime,115.83512147400324
TotalExecutionTime,4255.874477850997
