InputGenerationTime,0.04750419400079409
ProfilingTime,18.543645975005347
SimulationTime,12.123990621999837
FramaCExecutionTime,91.2054417679974
TotalExecutionTime,892.1418815619982
