InputGenerationTime,0.012637748999623
ProfilingTime,12.436036929000693
SimulationTime,4.134667553000327
FramaCExecutionTime,57.36715431099947
TotalExecutionTime,2516.807866926998
