InputGenerationTime,0.11015815800055861
ProfilingTime,11.809357254998758
SimulationTime,51.658043710005586
FramaCExecutionTime,48.40303555400169
TotalExecutionTime,1928.8565963009896
