InputGenerationTime,0.06465608299913583
ProfilingTime,9.653278324003622
SimulationTime,5.274553864001064
FramaCExecutionTime,38.55570130500564
TotalExecutionTime,525.7838747049973
