InputGenerationTime,0.06920159800029069
ProfilingTime,9.933044300998517
SimulationTime,5.0131876899995405
FramaCExecutionTime,38.74239860200032
TotalExecutionTime,1013.7835368119995
