InputGenerationTime,0.0207994360007433
ProfilingTime,9.591107713000383
SimulationTime,5.1673928919999526
FramaCExecutionTime,34.9967234679998
TotalExecutionTime,929.6214325880001
