InputGenerationTime,0.02187398799287621
ProfilingTime,9.791713705009897
SimulationTime,6.9870925069990335
FramaCExecutionTime,33.94771063499502
TotalExecutionTime,237.89946799600148
