InputGenerationTime,0.07647114399878774
ProfilingTime,9.846533657007967
SimulationTime,35.35042702998908
FramaCExecutionTime,39.74868804399739
TotalExecutionTime,270.8904435040022
