InputGenerationTime,0.01144098601071164
ProfilingTime,10.08836441099993
SimulationTime,7.91258769200067
FramaCExecutionTime,34.14544824699988
TotalExecutionTime,722.9886105929909
