InputGenerationTime,0.07492488600109937
ProfilingTime,10.966626902001735
SimulationTime,7.05862981100654
FramaCExecutionTime,42.08125151599961
TotalExecutionTime,1216.8608864889975
