InputGenerationTime,0.0590006890015502
ProfilingTime,25.90546122899832
SimulationTime,25.848726358999556
FramaCExecutionTime,113.22399641499942
TotalExecutionTime,4408.6260415
