InputGenerationTime,0.02471806799985643
ProfilingTime,10.10016530300004
SimulationTime,2.858369335999896
FramaCExecutionTime,36.439571203000014
TotalExecutionTime,322.4476322989999
