InputGenerationTime,0.07192333900093217
ProfilingTime,10.14249170399853
SimulationTime,49.16820873300094
FramaCExecutionTime,39.947012405998976
TotalExecutionTime,515.0557077700032
