InputGenerationTime,0.01046458700147923
ProfilingTime,9.519184087999747
SimulationTime,5.1472286979987985
FramaCExecutionTime,35.76380379799957
TotalExecutionTime,1184.3203217370028
