InputGenerationTime,0.03064069100219058
ProfilingTime,10.304374596998969
SimulationTime,6.4229464960008045
FramaCExecutionTime,34.7892839849992
TotalExecutionTime,815.2745176019998
