InputGenerationTime,0.0301166839999496
ProfilingTime,9.813407662000827
SimulationTime,5.05283896200126
FramaCExecutionTime,35.60818583100081
TotalExecutionTime,1293.5257982429994
