InputGenerationTime,0.02429182899868465
ProfilingTime,10.10834012000123
SimulationTime,5.426088223997795
FramaCExecutionTime,45.97813112299991
TotalExecutionTime,510.2863152980026
