InputGenerationTime,0.0658009869948728
ProfilingTime,10.477322239006753
SimulationTime,10.455794180001249
FramaCExecutionTime,40.643793021998135
TotalExecutionTime,941.4475585809996
