InputGenerationTime,0.11606005700014066
ProfilingTime,9.785251724999398
SimulationTime,49.405749108991586
FramaCExecutionTime,42.19512809099979
TotalExecutionTime,160.89468739798758
