InputGenerationTime,0.01908354100305587
ProfilingTime,9.867302962000394
SimulationTime,5.618530179999652
FramaCExecutionTime,45.59387044799951
TotalExecutionTime,669.9208358979995
