InputGenerationTime,0.02227763999690069
ProfilingTime,12.448247027001344
SimulationTime,7.962918999000976
FramaCExecutionTime,40.6428507610035
TotalExecutionTime,557.6511342919985
