InputGenerationTime,0.10372775399991951
ProfilingTime,10.778271039998799
SimulationTime,51.54248186699988
FramaCExecutionTime,41.57309912600067
TotalExecutionTime,4346.995167597999
