InputGenerationTime,0.02387934099533595
ProfilingTime,16.570806746996823
SimulationTime,4.296212397995987
FramaCExecutionTime,40.29103302399744
TotalExecutionTime,2816.9843785699923
