InputGenerationTime,0.07727786700706929
ProfilingTime,10.15138103600475
SimulationTime,5.612173071989673
FramaCExecutionTime,40.76006832699932
TotalExecutionTime,72.1822090469941
