InputGenerationTime,0.10154341699671932
ProfilingTime,10.488941552001052
SimulationTime,14.849509980005678
FramaCExecutionTime,42.076754936002544
TotalExecutionTime,2188.8089227929886
