InputGenerationTime,0.01003517399658449
ProfilingTime,12.090987333998783
SimulationTime,6.848746931995265
FramaCExecutionTime,46.60673828200379
TotalExecutionTime,503.3615471399971
