InputGenerationTime,0.06097441100064316
ProfilingTime,10.526764189999085
SimulationTime,49.105780539997795
FramaCExecutionTime,39.61232570200082
TotalExecutionTime,2351.8046069970005
