InputGenerationTime,0.02311374100008834
ProfilingTime,9.666944445000809
SimulationTime,6.2192636209993
FramaCExecutionTime,35.06249987399951
TotalExecutionTime,329.46061390900013
