InputGenerationTime,0.10100196998973843
ProfilingTime,9.935393612002372
SimulationTime,11.332516000999021
FramaCExecutionTime,42.211014248998254
TotalExecutionTime,690.2173966800037
