InputGenerationTime,0.02879062700048962
ProfilingTime,10.134267808000004
SimulationTime,7.416776186000789
FramaCExecutionTime,37.36917282200011
TotalExecutionTime,658.2333625729998
