InputGenerationTime,0.05692466000073182
ProfilingTime,9.642476768000051
SimulationTime,6.572483932999603
FramaCExecutionTime,39.214578377999715
TotalExecutionTime,1347.8196597810002
