InputGenerationTime,0.01121654300368391
ProfilingTime,14.275163938989863
SimulationTime,7.657637229000102
FramaCExecutionTime,48.89147891699395
TotalExecutionTime,1798.3126055189932
