InputGenerationTime,0.03238737300853245
ProfilingTime,11.992614702001447
SimulationTime,8.449182950993418
FramaCExecutionTime,43.14403645200946
TotalExecutionTime,862.1083025569969
