InputGenerationTime,0.12183218299469445
ProfilingTime,10.441218114996445
SimulationTime,58.6354136709997
FramaCExecutionTime,43.303145281999605
TotalExecutionTime,1643.9376079229987
