InputGenerationTime,0.02827716300089378
ProfilingTime,13.733599097999104
SimulationTime,7.2925394530029735
FramaCExecutionTime,39.25252934300079
TotalExecutionTime,870.1853819619973
