InputGenerationTime,0.04271512100240216
ProfilingTime,42.806341997002164
SimulationTime,30.98225884400017
FramaCExecutionTime,140.39492750800127
TotalExecutionTime,3407.7356008179995
