InputGenerationTime,0.03168364300108806
ProfilingTime,11.873365542000101
SimulationTime,6.31246209299934
FramaCExecutionTime,52.581870406000235
TotalExecutionTime,673.3803475660006
