InputGenerationTime,0.01730999299979885
ProfilingTime,9.692551870000898
SimulationTime,5.1573246359985205
FramaCExecutionTime,44.544735395000316
TotalExecutionTime,324.3044333709986
