InputGenerationTime,0.06673658799991244
ProfilingTime,10.44817451400013
SimulationTime,6.764537136999934
FramaCExecutionTime,40.517046983
TotalExecutionTime,779.1818186680002
