InputGenerationTime,0.02332559400019818
ProfilingTime,10.00926836600047
SimulationTime,6.5922998979986005
FramaCExecutionTime,45.93521431100089
TotalExecutionTime,659.1524157730018
