InputGenerationTime,0.07727786700706929
ProfilingTime,9.92925363399263
SimulationTime,5.5919933170080185
FramaCExecutionTime,40.76006832699932
TotalExecutionTime,103.4234376759996
