InputGenerationTime,0.03914463899855036
ProfilingTime,14.959413573997153
SimulationTime,7.594322466000449
FramaCExecutionTime,48.82799473100022
TotalExecutionTime,864.2877548019969
