InputGenerationTime,0.01730999299979885
ProfilingTime,9.619399028997577
SimulationTime,5.190794738002296
FramaCExecutionTime,44.544735395000316
TotalExecutionTime,384.2754279949986
