InputGenerationTime,0.02827716300089378
ProfilingTime,14.59598004000145
SimulationTime,8.315870061000169
FramaCExecutionTime,39.25252934300079
TotalExecutionTime,893.1174276229976
