InputGenerationTime,0.01877888300077757
ProfilingTime,13.785102392001136
SimulationTime,16.71916552699986
FramaCExecutionTime,59.614060054998845
TotalExecutionTime,650.7614303749979
