InputGenerationTime,0.01414316500449786
ProfilingTime,10.525653966004029
SimulationTime,6.117595809002523
FramaCExecutionTime,36.11738900899945
TotalExecutionTime,715.7927588499952
