InputGenerationTime,0.02195946400752291
ProfilingTime,13.881028420000803
SimulationTime,53.749945121991914
FramaCExecutionTime,50.55869247901137
TotalExecutionTime,4917.334935821011
