InputGenerationTime,0.01046458700147923
ProfilingTime,9.445036527999036
SimulationTime,4.9662498790057725
FramaCExecutionTime,35.76380379799957
TotalExecutionTime,1498.7975150710045
