InputGenerationTime,0.02481988799991086
ProfilingTime,10.256363868997141
SimulationTime,6.473988825000561
FramaCExecutionTime,34.30475738699897
TotalExecutionTime,1607.42781483
