InputGenerationTime,0.01343886599988764
ProfilingTime,10.500706638000338
SimulationTime,47.78030559400031
FramaCExecutionTime,35.34428882700013
TotalExecutionTime,2138.2470498919997
