InputGenerationTime,0.06888131699997757
ProfilingTime,10.564305850999517
SimulationTime,10.566264686000068
FramaCExecutionTime,39.89972157699958
TotalExecutionTime,242.53456365199963
