InputGenerationTime,0.01974974999029655
ProfilingTime,15.28114302099857
SimulationTime,54.21500376801123
FramaCExecutionTime,46.534168247992056
TotalExecutionTime,5498.170654301997
