InputGenerationTime,0.01695346001361031
ProfilingTime,12.948806737011182
SimulationTime,53.13175542699173
FramaCExecutionTime,51.14702446399315
TotalExecutionTime,514.5378378199966
