InputGenerationTime,0.02859270799672231
ProfilingTime,11.15381197300303
SimulationTime,53.96788919100072
FramaCExecutionTime,44.789751115997205
TotalExecutionTime,4834.346371539999
