InputGenerationTime,0.03070392999507021
ProfilingTime,14.854914184994414
SimulationTime,7.8402611409983365
FramaCExecutionTime,43.51740340801189
TotalExecutionTime,903.9662567969935
