InputGenerationTime,0.04653632100234972
ProfilingTime,11.040593605997856
SimulationTime,4.235511511011282
FramaCExecutionTime,41.64242968399776
TotalExecutionTime,4043.8530918749966
