InputGenerationTime,0.02485292500932701
ProfilingTime,11.42744720200426
SimulationTime,8.100839274004102
FramaCExecutionTime,41.027538213995285
TotalExecutionTime,1114.3647393590072
