InputGenerationTime,0.07833635200222488
ProfilingTime,10.31584202000522
SimulationTime,9.955869798002823
FramaCExecutionTime,40.119682856995496
TotalExecutionTime,483.8936937119943
