InputGenerationTime,0.08442942600049719
ProfilingTime,10.434019614000135
SimulationTime,7.109804816000178
FramaCExecutionTime,38.66163072400013
TotalExecutionTime,1512.2606882440004
