InputGenerationTime,0.02187398799287621
ProfilingTime,10.319435418001376
SimulationTime,7.5309342260006815
FramaCExecutionTime,33.94771063499502
TotalExecutionTime,307.00527182398946
