InputGenerationTime,0.10177876400121022
ProfilingTime,9.771178577997489
SimulationTime,6.831245064997347
FramaCExecutionTime,40.503118693988654
TotalExecutionTime,1128.4421700289968
