InputGenerationTime,0.0341274840029655
ProfilingTime,10.372550649000914
SimulationTime,7.773802092007827
FramaCExecutionTime,37.64829516099417
TotalExecutionTime,622.5793057560077
