InputGenerationTime,0.02377328900183784
ProfilingTime,10.296137323999574
SimulationTime,5.8045303559993044
FramaCExecutionTime,35.40231949600275
TotalExecutionTime,1086.8423620119993
