InputGenerationTime,0.05377575800230261
ProfilingTime,9.327842616999988
SimulationTime,5.407336716001737
FramaCExecutionTime,38.171050539000134
TotalExecutionTime,1220.8543457529959
