InputGenerationTime,0.0852646759885829
ProfilingTime,10.281277637011954
SimulationTime,90.82725370000117
FramaCExecutionTime,42.89104297501035
TotalExecutionTime,2923.9189227960014
