InputGenerationTime,0.01758529599464964
ProfilingTime,9.787764084001537
SimulationTime,4.963584483994055
FramaCExecutionTime,36.372605122000095
TotalExecutionTime,359.4154065710027
