InputGenerationTime,0.07123787500131584
ProfilingTime,11.696167408999827
SimulationTime,5.881062696998924
FramaCExecutionTime,41.87460094400012
TotalExecutionTime,320.54674789300043
