InputGenerationTime,0.03444526500243228
ProfilingTime,10.602506185998209
SimulationTime,5.775152350004646
FramaCExecutionTime,52.18555356100842
TotalExecutionTime,444.238244416003
