InputGenerationTime,0.11740471799566876
ProfilingTime,11.744543562002946
SimulationTime,88.30112646998896
FramaCExecutionTime,50.78784949700639
TotalExecutionTime,1465.3350664890022
