InputGenerationTime,0.01344646500365343
ProfilingTime,10.988268665998476
SimulationTime,54.33977337500255
FramaCExecutionTime,41.5655235019949
TotalExecutionTime,3354.3145819599886
