InputGenerationTime,0.03070392999507021
ProfilingTime,16.37580856400018
SimulationTime,9.233175907997065
FramaCExecutionTime,43.51740340801189
TotalExecutionTime,976.0321490630013
