InputGenerationTime,0.06381965599939576
ProfilingTime,10.195837941000718
SimulationTime,5.818688349998411
FramaCExecutionTime,40.0604183079995
TotalExecutionTime,593.6465720880005
