InputGenerationTime,0.0301440870098304
ProfilingTime,11.456803312001284
SimulationTime,15.71538705099374
FramaCExecutionTime,39.158365137991495
TotalExecutionTime,1337.5525242700096
