InputGenerationTime,0.08479241801251192
ProfilingTime,9.761598651995882
SimulationTime,6.387566114004585
FramaCExecutionTime,41.54485546500655
TotalExecutionTime,667.4006141610007
