InputGenerationTime,0.01328051500604488
ProfilingTime,13.959921367990319
SimulationTime,7.320485996999196
FramaCExecutionTime,41.48226086300565
TotalExecutionTime,104.88936926799943
