InputGenerationTime,0.03659036000317428
ProfilingTime,11.272479051003756
SimulationTime,6.976032614998985
FramaCExecutionTime,43.33275046799827
TotalExecutionTime,1530.7068615139942
