InputGenerationTime,0.0590006890015502
ProfilingTime,24.410899459002394
SimulationTime,23.613058558003104
FramaCExecutionTime,113.22399641499942
TotalExecutionTime,4508.356128689
