InputGenerationTime,0.01905658200121252
ProfilingTime,10.723063322999224
SimulationTime,5.739477661998535
FramaCExecutionTime,35.78832621900074
TotalExecutionTime,1171.5389105860013
