InputGenerationTime,0.03755415400155471
ProfilingTime,25.080317888001446
SimulationTime,18.231227853997552
FramaCExecutionTime,131.89057868900272
TotalExecutionTime,1425.4479180390008
