InputGenerationTime,0.08479241801251192
ProfilingTime,9.860769092003466
SimulationTime,6.534974691996467
FramaCExecutionTime,41.54485546500655
TotalExecutionTime,855.3025366299989
