InputGenerationTime,0.07971650699983002
ProfilingTime,11.323682779999217
SimulationTime,51.1205022940012
FramaCExecutionTime,40.773911910000606
TotalExecutionTime,2251.2692814189995
