InputGenerationTime,0.0658009869948728
ProfilingTime,10.002348495007027
SimulationTime,33.249269940002705
FramaCExecutionTime,40.643793021998135
TotalExecutionTime,984.7413639119914
