InputGenerationTime,0.06465608299913583
ProfilingTime,9.427834886999335
SimulationTime,5.230147173002479
FramaCExecutionTime,38.55570130500564
TotalExecutionTime,817.7525593530008
