InputGenerationTime,0.0613212600001134
ProfilingTime,11.973521971987793
SimulationTime,55.18492775999766
FramaCExecutionTime,40.81122030799452
TotalExecutionTime,710.3126438679901
