InputGenerationTime,0.06888131699997757
ProfilingTime,10.14502036200065
SimulationTime,9.143428004999805
FramaCExecutionTime,39.89972157699958
TotalExecutionTime,98.55280960099844
