InputGenerationTime,0.02041564299724996
ProfilingTime,10.754384933999972
SimulationTime,6.632899450007244
FramaCExecutionTime,48.29850274599448
TotalExecutionTime,1742.3766577560018
