InputGenerationTime,0.11740471799566876
ProfilingTime,10.904931275988929
SimulationTime,74.61667901600595
FramaCExecutionTime,50.78784949700639
TotalExecutionTime,1735.6177483320062
