InputGenerationTime,0.08946731199102942
ProfilingTime,10.261277643992798
SimulationTime,9.81421858300746
FramaCExecutionTime,41.71104338199075
TotalExecutionTime,326.0540320459986
