InputGenerationTime,0.01578046099984931
ProfilingTime,9.96879697700001
SimulationTime,6.4948060530000475
FramaCExecutionTime,43.47882046399991
TotalExecutionTime,1385.954611942
