InputGenerationTime,0.08479241801251192
ProfilingTime,16.090142410001135
SimulationTime,6.515260825006408
FramaCExecutionTime,41.54485546500655
TotalExecutionTime,877.9543632749992
