InputGenerationTime,0.01207756999792764
ProfilingTime,10.772363364994817
SimulationTime,53.804604019002
FramaCExecutionTime,45.69947358400168
TotalExecutionTime,2283.8889508009997
