InputGenerationTime,0.02881482700104243
ProfilingTime,12.287118889998965
SimulationTime,16.52801864000139
FramaCExecutionTime,55.802621858998464
TotalExecutionTime,1330.9007026580002
