InputGenerationTime,0.06097441100064316
ProfilingTime,9.713662645997829
SimulationTime,48.42902697300087
FramaCExecutionTime,39.61232570200082
TotalExecutionTime,2723.9211953660015
