InputGenerationTime,0.0301166839999496
ProfilingTime,10.01270114700128
SimulationTime,5.175952175999555
FramaCExecutionTime,35.60818583100081
TotalExecutionTime,1431.0621946800002
