InputGenerationTime,0.01344646500365343
ProfilingTime,11.06621386000188
SimulationTime,55.45830610199482
FramaCExecutionTime,41.5655235019949
TotalExecutionTime,4433.046610376987
