InputGenerationTime,0.01877888300077757
ProfilingTime,11.981760423001106
SimulationTime,17.175342934999208
FramaCExecutionTime,59.614060054998845
TotalExecutionTime,739.0875164459976
