InputGenerationTime,0.0223144050000883
ProfilingTime,11.135426945000063
SimulationTime,6.587083937999978
FramaCExecutionTime,35.90068683499999
TotalExecutionTime,1318.4894869080001
