InputGenerationTime,0.0613212600001134
ProfilingTime,12.215710344011313
SimulationTime,55.175197443008074
FramaCExecutionTime,40.81122030799452
TotalExecutionTime,1047.5330187569925
