InputGenerationTime,0.03148683500012339
ProfilingTime,10.134473043000071
SimulationTime,6.564818756000022
FramaCExecutionTime,43.64821819200006
TotalExecutionTime,849.8865894
