InputGenerationTime,0.02436892400146462
ProfilingTime,16.471201886000927
SimulationTime,8.80852733401116
FramaCExecutionTime,41.515238159990986
TotalExecutionTime,390.28593339900544
