InputGenerationTime,0.02358301000094798
ProfilingTime,10.068408598999667
SimulationTime,5.587932390999413
FramaCExecutionTime,34.802208841998436
TotalExecutionTime,205.62276686199948
