InputGenerationTime,0.04271512100240216
ProfilingTime,39.60295448299803
SimulationTime,28.058113300001423
FramaCExecutionTime,140.39492750800127
TotalExecutionTime,2974.752048131999
