InputGenerationTime,0.06281015000058687
ProfilingTime,9.818252151999332
SimulationTime,4.821435281999584
FramaCExecutionTime,39.76741987800051
TotalExecutionTime,1283.0782035720003
