InputGenerationTime,0.08286192300147377
ProfilingTime,10.109204622989637
SimulationTime,50.37568193700281
FramaCExecutionTime,39.38539788800699
TotalExecutionTime,880.7974448669993
