InputGenerationTime,0.02358301000094798
ProfilingTime,10.068690249998326
SimulationTime,5.6927115010003035
FramaCExecutionTime,34.802208841998436
TotalExecutionTime,343.7482513039995
