InputGenerationTime,0.08442942600049719
ProfilingTime,11.440575908999563
SimulationTime,7.095848732999912
FramaCExecutionTime,38.66163072400013
TotalExecutionTime,1677.5235306260001
