InputGenerationTime,0.0154482090001693
ProfilingTime,10.292473170004087
SimulationTime,50.91966869799944
FramaCExecutionTime,48.95317624400195
TotalExecutionTime,4497.930159723997
