InputGenerationTime,0.0738430739947944
ProfilingTime,11.518524185994465
SimulationTime,8.546352557998034
FramaCExecutionTime,42.79753851800342
TotalExecutionTime,2082.6000716109993
