InputGenerationTime,0.03469175999998697
ProfilingTime,12.327684780999334
SimulationTime,7.262479944000006
FramaCExecutionTime,61.06725525799993
TotalExecutionTime,715.7790819820002
