InputGenerationTime,0.07833635200222488
ProfilingTime,9.942827081002179
SimulationTime,9.456044302998635
FramaCExecutionTime,40.119682856995496
TotalExecutionTime,503.3208107869941
