InputGenerationTime,0.12183218299469445
ProfilingTime,10.50735588700627
SimulationTime,68.96819287500693
FramaCExecutionTime,43.303145281999605
TotalExecutionTime,765.9348701779963
