InputGenerationTime,0.02227763999690069
ProfilingTime,11.463750351998897
SimulationTime,6.949628428003052
FramaCExecutionTime,40.6428507610035
TotalExecutionTime,688.1933120729955
