InputGenerationTime,0.0154482090001693
ProfilingTime,10.351264173004893
SimulationTime,51.02275356798782
FramaCExecutionTime,48.95317624400195
TotalExecutionTime,4374.780321924001
