InputGenerationTime,0.07460761899710633
ProfilingTime,9.762847758000134
SimulationTime,31.91020135700819
FramaCExecutionTime,39.61733392599854
TotalExecutionTime,260.71290455599956
