InputGenerationTime,0.02305058599813492
ProfilingTime,12.383861582002282
SimulationTime,7.353949300999375
FramaCExecutionTime,58.556756318001135
TotalExecutionTime,136.5160968079981
