InputGenerationTime,0.02358301000094798
ProfilingTime,9.776960466999299
SimulationTime,5.322137900999223
FramaCExecutionTime,34.802208841998436
TotalExecutionTime,80.33247774899974
