InputGenerationTime,0.01682621199870482
ProfilingTime,13.614526694000233
SimulationTime,7.851633629994467
FramaCExecutionTime,42.423894251012825
TotalExecutionTime,1859.3368606050062
