InputGenerationTime,0.0590006890015502
ProfilingTime,31.15367493800295
SimulationTime,25.337860142000864
FramaCExecutionTime,113.22399641499942
TotalExecutionTime,4258.998915868
