InputGenerationTime,0.057158976997016
ProfilingTime,10.563538313996105
SimulationTime,17.893041525996523
FramaCExecutionTime,37.9393298319992
TotalExecutionTime,402.88549647799664
