InputGenerationTime,0.01682621199870482
ProfilingTime,15.903638112999033
SimulationTime,11.196729146002326
FramaCExecutionTime,42.423894251012825
TotalExecutionTime,2113.252937533005
