InputGenerationTime,0.01647902900003828
ProfilingTime,13.026595097995596
SimulationTime,6.80942453800526
FramaCExecutionTime,48.37001351900108
TotalExecutionTime,566.0412937359943
