InputGenerationTime,0.01165099699574057
ProfilingTime,10.044556309003383
SimulationTime,6.164384654999594
FramaCExecutionTime,33.58243524499994
TotalExecutionTime,1294.5978991349984
