InputGenerationTime,0.01267333799842163
ProfilingTime,9.802002966000146
SimulationTime,47.20262693299992
FramaCExecutionTime,34.714407606999885
TotalExecutionTime,2252.0383479619995
