InputGenerationTime,0.02485292500932701
ProfilingTime,11.549107566010207
SimulationTime,7.98778848699294
FramaCExecutionTime,41.027538213995285
TotalExecutionTime,1277.5609965650074
