InputGenerationTime,0.0155301419999887
ProfilingTime,9.929496771000231
SimulationTime,48.20847741899979
FramaCExecutionTime,35.18779909500063
TotalExecutionTime,1494.0213775269995
