InputGenerationTime,0.06730768499983242
ProfilingTime,10.52896568899996
SimulationTime,10.221117777000472
FramaCExecutionTime,40.06123223099894
TotalExecutionTime,668.9652738819987
