InputGenerationTime,0.01968984300037846
ProfilingTime,10.241283114002727
SimulationTime,5.94585069900495
FramaCExecutionTime,38.81064819900348
TotalExecutionTime,585.1883457779986
