InputGenerationTime,0.06297201899724314
ProfilingTime,10.700183469001786
SimulationTime,54.71441503600363
FramaCExecutionTime,39.85762919300032
TotalExecutionTime,1335.9071159240048
