InputGenerationTime,0.03753126999072265
ProfilingTime,10.61789045498881
SimulationTime,11.407052116992418
FramaCExecutionTime,36.719459897998604
TotalExecutionTime,1773.0537002720084
