InputGenerationTime,0.01848810700175818
ProfilingTime,9.971167133000563
SimulationTime,5.124207565000688
FramaCExecutionTime,35.19626918999711
TotalExecutionTime,1067.5924942080019
