InputGenerationTime,0.03220963099738583
ProfilingTime,9.841081418002432
SimulationTime,5.188405412998691
FramaCExecutionTime,35.3322548990036
TotalExecutionTime,1428.8114481209996
