InputGenerationTime,0.02429182899868465
ProfilingTime,9.912255231000017
SimulationTime,5.507184262001829
FramaCExecutionTime,45.97813112299991
TotalExecutionTime,479.48511761100235
