InputGenerationTime,0.0738430739947944
ProfilingTime,9.945870261995879
SimulationTime,9.95116471399524
FramaCExecutionTime,42.79753851800342
TotalExecutionTime,2167.2513613560004
