InputGenerationTime,0.09603555100329686
ProfilingTime,10.16264792199945
SimulationTime,5.956173062993912
FramaCExecutionTime,41.09978809001041
TotalExecutionTime,982.0232779890066
