InputGenerationTime,0.01306821499929356
ProfilingTime,10.32306635599889
SimulationTime,5.767793293000068
FramaCExecutionTime,36.68536588400093
TotalExecutionTime,224.67403836800077
