InputGenerationTime,0.04653632100234972
ProfilingTime,10.522514631993545
SimulationTime,51.44739185600338
FramaCExecutionTime,41.64242968399776
TotalExecutionTime,3149.2865588720015
