InputGenerationTime,0.07630812800016429
ProfilingTime,10.593741651999153
SimulationTime,6.93867768400014
FramaCExecutionTime,39.353945180000665
TotalExecutionTime,365.6320253160011
