InputGenerationTime,0.10587871700408868
ProfilingTime,10.4730517029966
SimulationTime,50.18106941599399
FramaCExecutionTime,43.57780704900506
TotalExecutionTime,2092.1185795119964
