InputGenerationTime,0.06281015000058687
ProfilingTime,10.356022149000637
SimulationTime,5.645743323999341
FramaCExecutionTime,39.76741987800051
TotalExecutionTime,1423.7062580309994
