InputGenerationTime,0.01905658200121252
ProfilingTime,10.819187566004985
SimulationTime,5.716923597996356
FramaCExecutionTime,35.78832621900074
TotalExecutionTime,1104.3180122010017
