InputGenerationTime,0.02436892400146462
ProfilingTime,15.258310906006955
SimulationTime,8.064904162005405
FramaCExecutionTime,41.515238159990986
TotalExecutionTime,296.2972393349919
