InputGenerationTime,0.05588082099711755
ProfilingTime,10.56553678400087
SimulationTime,52.1977667789979
FramaCExecutionTime,46.176827339004376
TotalExecutionTime,2734.338869737003
