InputGenerationTime,0.09603555100329686
ProfilingTime,9.91274727799464
SimulationTime,5.6651338869996835
FramaCExecutionTime,41.09978809001041
TotalExecutionTime,1212.3578725599946
