InputGenerationTime,0.03914463899855036
ProfilingTime,15.329887735002558
SimulationTime,7.483717032999266
FramaCExecutionTime,48.82799473100022
TotalExecutionTime,994.499061743998
