InputGenerationTime,0.01207756999792764
ProfilingTime,10.997157748999598
SimulationTime,54.9205543019998
FramaCExecutionTime,45.69947358400168
TotalExecutionTime,2349.8331616230025
