InputGenerationTime,0.0301166839999496
ProfilingTime,9.844596195000122
SimulationTime,5.0980232739984785
FramaCExecutionTime,35.60818583100081
TotalExecutionTime,1384.8512627700002
