InputGenerationTime,0.01682621199870482
ProfilingTime,12.95512848701037
SimulationTime,7.123122842007433
FramaCExecutionTime,42.423894251012825
TotalExecutionTime,1817.783666496005
