InputGenerationTime,0.01877888300077757
ProfilingTime,13.818762523998885
SimulationTime,16.76413777199923
FramaCExecutionTime,59.614060054998845
TotalExecutionTime,386.2533333419997
