InputGenerationTime,0.01003517399658449
ProfilingTime,12.034299491999263
SimulationTime,6.631615343998419
FramaCExecutionTime,46.60673828200379
TotalExecutionTime,292.47940825599653
