InputGenerationTime,0.06024347899983695
ProfilingTime,13.017643978999331
SimulationTime,8.494507872000213
FramaCExecutionTime,37.23784175899982
TotalExecutionTime,346.6294947840006
