InputGenerationTime,0.05692466000073182
ProfilingTime,10.058265327999834
SimulationTime,5.913094297999123
FramaCExecutionTime,39.214578377999715
TotalExecutionTime,1646.4184495860009
