InputGenerationTime,0.0171071029981249
ProfilingTime,12.416526267996232
SimulationTime,6.657504429000255
FramaCExecutionTime,49.93881574000261
TotalExecutionTime,69.03557898999861
