InputGenerationTime,0.11015815800055861
ProfilingTime,10.831229201008682
SimulationTime,50.69317712500924
FramaCExecutionTime,48.40303555400169
TotalExecutionTime,2706.3425544399943
