InputGenerationTime,0.03168364300108806
ProfilingTime,11.427732547999767
SimulationTime,6.076115426998513
FramaCExecutionTime,52.581870406000235
TotalExecutionTime,599.5842621250013
