InputGenerationTime,0.0738430739947944
ProfilingTime,11.555316662001132
SimulationTime,16.488327664999815
FramaCExecutionTime,42.79753851800342
TotalExecutionTime,1989.8591576089966
