InputGenerationTime,0.0159012049989542
ProfilingTime,10.294081874002586
SimulationTime,5.498438474001887
FramaCExecutionTime,48.892538050997246
TotalExecutionTime,688.1336536939998
