InputGenerationTime,0.02398628399896552
ProfilingTime,12.841829288001463
SimulationTime,7.467925981000008
FramaCExecutionTime,56.596672714000306
TotalExecutionTime,1548.777898223001
