InputGenerationTime,0.01908354100305587
ProfilingTime,9.671010949998163
SimulationTime,5.4214403690020845
FramaCExecutionTime,45.59387044799951
TotalExecutionTime,759.8562171039994
