InputGenerationTime,0.01157555900135776
ProfilingTime,10.3429226570006
SimulationTime,51.39528017100383
FramaCExecutionTime,37.79498738999973
TotalExecutionTime,4502.130147368003
