InputGenerationTime,0.0852646759885829
ProfilingTime,12.811972903000424
SimulationTime,101.8038428400032
FramaCExecutionTime,42.89104297501035
TotalExecutionTime,3488.294112609001
