InputGenerationTime,0.02234565999242477
ProfilingTime,12.137912798003526
SimulationTime,55.80705873100669
FramaCExecutionTime,39.94511723800679
TotalExecutionTime,5735.621190230988
