InputGenerationTime,0.04653632100234972
ProfilingTime,10.852239629995893
SimulationTime,52.086771874994156
FramaCExecutionTime,41.64242968399776
TotalExecutionTime,3336.8938532829998
