InputGenerationTime,0.07322397099778755
ProfilingTime,11.391169135997188
SimulationTime,6.004020247004519
FramaCExecutionTime,39.72697308399802
TotalExecutionTime,1530.872766118002
