InputGenerationTime,0.03618974800338037
ProfilingTime,9.843337417987641
SimulationTime,11.64731870299147
FramaCExecutionTime,38.09326741400582
TotalExecutionTime,123.83679833999486
