InputGenerationTime,0.02688553600000887
ProfilingTime,10.820741357999964
SimulationTime,6.25922152499993
FramaCExecutionTime,36.49362706299996
TotalExecutionTime,505.748666321
