InputGenerationTime,0.03148683500012339
ProfilingTime,10.196401703999982
SimulationTime,6.427939033999792
FramaCExecutionTime,43.64821819200006
TotalExecutionTime,491.8989615669998
