InputGenerationTime,0.07852797899977304
ProfilingTime,11.443502105990774
SimulationTime,13.06763980400865
FramaCExecutionTime,48.29240481999295
TotalExecutionTime,871.2331087749917
