InputGenerationTime,0.0301166839999496
ProfilingTime,10.00505287499982
SimulationTime,4.812542359999497
FramaCExecutionTime,35.60818583100081
TotalExecutionTime,1218.5018452589993
