InputGenerationTime,0.08286192300147377
ProfilingTime,9.936469993990613
SimulationTime,49.298189214998274
FramaCExecutionTime,39.38539788800699
TotalExecutionTime,157.6618127279944
