InputGenerationTime,0.01121654300368391
ProfilingTime,14.556635991000803
SimulationTime,7.36939557500591
FramaCExecutionTime,48.89147891699395
TotalExecutionTime,1776.3401027479995
