InputGenerationTime,0.01600631699989208
ProfilingTime,10.633097376000023
SimulationTime,5.944901654999967
FramaCExecutionTime,36.088396689999854
TotalExecutionTime,69.59877364600015
