InputGenerationTime,0.01414316500449786
ProfilingTime,10.212254279998888
SimulationTime,5.326688465000188
FramaCExecutionTime,36.11738900899945
TotalExecutionTime,816.6675128829957
