InputGenerationTime,0.08211587400001008
ProfilingTime,10.336202827995294
SimulationTime,6.218877804996737
FramaCExecutionTime,42.833708010999544
TotalExecutionTime,1399.4798372130026
