InputGenerationTime,0.02121638599783182
ProfilingTime,12.405385338002816
SimulationTime,6.750978634998319
FramaCExecutionTime,42.12937589098874
TotalExecutionTime,1714.9303689969965
