InputGenerationTime,0.10799351200694218
ProfilingTime,10.046123484993586
SimulationTime,7.506742835990735
FramaCExecutionTime,41.71048603999952
TotalExecutionTime,701.5820560639986
