InputGenerationTime,0.07630812800016429
ProfilingTime,10.518573843999548
SimulationTime,7.3950110059995495
FramaCExecutionTime,39.353945180000665
TotalExecutionTime,264.1705768050015
