InputGenerationTime,0.03064069100219058
ProfilingTime,10.043634560999635
SimulationTime,6.210553140997945
FramaCExecutionTime,34.7892839849992
TotalExecutionTime,646.989465532999
