InputGenerationTime,0.0155301419999887
ProfilingTime,9.746187635999377
SimulationTime,48.492055593999794
FramaCExecutionTime,35.18779909500063
TotalExecutionTime,2192.9755405939995
