InputGenerationTime,0.01882177800143836
ProfilingTime,10.052925449999748
SimulationTime,5.690750990004744
FramaCExecutionTime,52.14162661100272
TotalExecutionTime,1913.054812108996
