InputGenerationTime,0.01605060899964883
ProfilingTime,12.092463130000397
SimulationTime,17.36863950499901
FramaCExecutionTime,55.23388443600197
TotalExecutionTime,375.78498918800324
