InputGenerationTime,0.0852646759885829
ProfilingTime,9.921455917006824
SimulationTime,113.21476306499972
FramaCExecutionTime,42.89104297501035
TotalExecutionTime,4275.138923448001
