InputGenerationTime,0.02311374100008834
ProfilingTime,9.658477660000244
SimulationTime,5.561643548000575
FramaCExecutionTime,35.06249987399951
TotalExecutionTime,65.27814357900024
