InputGenerationTime,0.09513172299193684
ProfilingTime,9.74922623099701
SimulationTime,49.47972384499735
FramaCExecutionTime,42.57547555399651
TotalExecutionTime,4692.059736051
