InputGenerationTime,0.12183218299469445
ProfilingTime,13.82647216199257
SimulationTime,62.82016352900246
FramaCExecutionTime,43.303145281999605
TotalExecutionTime,1362.5886093589943
