InputGenerationTime,0.07852797899977304
ProfilingTime,11.318928332999349
SimulationTime,12.645815119001782
FramaCExecutionTime,48.29240481999295
TotalExecutionTime,917.9159314789867
