InputGenerationTime,0.02305058599813492
ProfilingTime,11.889155222001136
SimulationTime,7.14263671399749
FramaCExecutionTime,58.556756318001135
TotalExecutionTime,561.843267100001
