InputGenerationTime,0.02485292500932701
ProfilingTime,12.390920759993605
SimulationTime,8.701691221998772
FramaCExecutionTime,41.027538213995285
TotalExecutionTime,1319.4468936519988
