InputGenerationTime,0.08934303199930582
ProfilingTime,10.02882724099618
SimulationTime,7.865970703991479
FramaCExecutionTime,40.58022558799712
TotalExecutionTime,76.483250366
