InputGenerationTime,0.03064069100219058
ProfilingTime,10.388733603998844
SimulationTime,6.402556622000702
FramaCExecutionTime,34.7892839849992
TotalExecutionTime,614.067064169998
