InputGenerationTime,0.06190480099940032
ProfilingTime,10.420670303999941
SimulationTime,6.54611190399919
FramaCExecutionTime,40.04177317700123
TotalExecutionTime,797.496432539001
