InputGenerationTime,0.07971650699983002
ProfilingTime,10.717760157998782
SimulationTime,49.50677610800085
FramaCExecutionTime,40.773911910000606
TotalExecutionTime,1518.0283506150008
