InputGenerationTime,0.01333866200002376
ProfilingTime,10.673949306001305
SimulationTime,5.959569557002396
FramaCExecutionTime,48.59325111399812
TotalExecutionTime,1279.9594355989975
