InputGenerationTime,0.01848810700175818
ProfilingTime,9.582052630001272
SimulationTime,4.83593554199615
FramaCExecutionTime,35.19626918999711
TotalExecutionTime,843.9028659280011
