InputGenerationTime,0.02332559400019818
ProfilingTime,10.150927407998097
SimulationTime,6.5579106570003205
FramaCExecutionTime,45.93521431100089
TotalExecutionTime,608.8334308060003
