InputGenerationTime,0.11879277000844013
ProfilingTime,10.706421966999187
SimulationTime,50.67357937298948
FramaCExecutionTime,41.30239897700085
TotalExecutionTime,286.7613255799952
