InputGenerationTime,0.02632365800673142
ProfilingTime,11.457305296004051
SimulationTime,3.219960699992953
FramaCExecutionTime,39.77912241400918
TotalExecutionTime,886.9461484600033
