InputGenerationTime,0.02632365800673142
ProfilingTime,11.332374315010384
SimulationTime,8.03498027799651
FramaCExecutionTime,39.77912241400918
TotalExecutionTime,906.3521101320075
