InputGenerationTime,0.02688553600000887
ProfilingTime,11.242710837000004
SimulationTime,6.872845381000047
FramaCExecutionTime,36.49362706299996
TotalExecutionTime,686.235383808
