InputGenerationTime,0.06687718700050027
ProfilingTime,10.791599104000852
SimulationTime,7.314998456999092
FramaCExecutionTime,39.48932267499913
TotalExecutionTime,854.8864464440012
