InputGenerationTime,0.07322397099778755
ProfilingTime,9.74168963599368
SimulationTime,5.636645936996501
FramaCExecutionTime,39.72697308399802
TotalExecutionTime,1383.6521567820018
