InputGenerationTime,0.01877888300077757
ProfilingTime,12.308685071999207
SimulationTime,17.07484096200278
FramaCExecutionTime,59.614060054998845
TotalExecutionTime,293.59546230999695
