InputGenerationTime,0.01594695199310081
ProfilingTime,10.754434620997927
SimulationTime,6.5935060839983635
FramaCExecutionTime,46.48600257499493
TotalExecutionTime,593.4654531499982
