InputGenerationTime,0.02131568200275069
ProfilingTime,10.129752483997436
SimulationTime,6.244422834002762
FramaCExecutionTime,37.40565201899881
TotalExecutionTime,494.7873242439964
