InputGenerationTime,0.02305058599813492
ProfilingTime,13.841915330998745
SimulationTime,8.709786247000011
FramaCExecutionTime,58.556756318001135
TotalExecutionTime,500.11978556100075
