InputGenerationTime,0.07939185200120846
ProfilingTime,10.104822700999648
SimulationTime,5.588602937001269
FramaCExecutionTime,40.42274703500152
TotalExecutionTime,72.07398307800031
