InputGenerationTime,0.07484678299806546
ProfilingTime,10.916969086996687
SimulationTime,6.805472170999565
FramaCExecutionTime,41.74371946800238
TotalExecutionTime,1639.0295294539974
