InputGenerationTime,0.0852646759885829
ProfilingTime,10.234424816997489
SimulationTime,95.66157211799873
FramaCExecutionTime,42.89104297501035
TotalExecutionTime,4043.3996073409944
