InputGenerationTime,0.06687718700050027
ProfilingTime,10.831660699999702
SimulationTime,7.2512305910004216
FramaCExecutionTime,39.48932267499913
TotalExecutionTime,647.7357458679999
