InputGenerationTime,0.06730768499983242
ProfilingTime,10.268868126999223
SimulationTime,9.74225228999967
FramaCExecutionTime,40.06123223099894
TotalExecutionTime,627.7841039329996
