InputGenerationTime,0.02227763999690069
ProfilingTime,11.523098338002455
SimulationTime,6.864328611001838
FramaCExecutionTime,40.6428507610035
TotalExecutionTime,820.3808062579992
