InputGenerationTime,0.02632365800673142
ProfilingTime,11.632818539001164
SimulationTime,10.234930620994419
FramaCExecutionTime,39.77912241400918
TotalExecutionTime,569.2824616130092
