InputGenerationTime,0.09513172299193684
ProfilingTime,10.126401546003763
SimulationTime,50.283437713005696
FramaCExecutionTime,42.57547555399651
TotalExecutionTime,5052.887516151997
