InputGenerationTime,0.012637748999623
ProfilingTime,12.493932860001223
SimulationTime,48.274169656000595
FramaCExecutionTime,57.36715431099947
TotalExecutionTime,2377.5619709799994
