InputGenerationTime,0.02234565999242477
ProfilingTime,11.97899440600304
SimulationTime,4.549204780996661
FramaCExecutionTime,39.94511723800679
TotalExecutionTime,5752.175006490987
