InputGenerationTime,0.02195946400752291
ProfilingTime,12.016042850998929
SimulationTime,53.01441423498909
FramaCExecutionTime,50.55869247901137
TotalExecutionTime,6268.283039053989
