InputGenerationTime,0.0738430739947944
ProfilingTime,14.448777452998911
SimulationTime,11.323657021996041
FramaCExecutionTime,42.79753851800342
TotalExecutionTime,2108.391793443996
