InputGenerationTime,0.02306973400118295
ProfilingTime,9.721371339999678
SimulationTime,47.36504587700074
FramaCExecutionTime,34.95365613299873
TotalExecutionTime,494.3565315679989
