InputGenerationTime,0.0341274840029655
ProfilingTime,9.948203414998716
SimulationTime,7.108065994994831
FramaCExecutionTime,37.64829516099417
TotalExecutionTime,747.1299948710075
