InputGenerationTime,0.01882177800143836
ProfilingTime,10.407600762999209
SimulationTime,5.7074006800030475
FramaCExecutionTime,52.14162661100272
TotalExecutionTime,2234.426253353995
