InputGenerationTime,0.02688553600000887
ProfilingTime,11.349539487000015
SimulationTime,7.234170792999976
FramaCExecutionTime,36.49362706299996
TotalExecutionTime,668.054929677
