InputGenerationTime,0.01306821499929356
ProfilingTime,10.2605832320005
SimulationTime,5.935387927000193
FramaCExecutionTime,36.68536588400093
TotalExecutionTime,256.587204984
