InputGenerationTime,0.07630812800016429
ProfilingTime,10.726107713000602
SimulationTime,6.948150202999386
FramaCExecutionTime,39.353945180000665
TotalExecutionTime,316.3298761690003
