InputGenerationTime,0.12734451101277955
ProfilingTime,9.81843628299248
SimulationTime,6.2979568659939105
FramaCExecutionTime,39.92448624499957
TotalExecutionTime,427.2551848800067
