InputGenerationTime,0.02387934099533595
ProfilingTime,14.182466279991786
SimulationTime,52.65373335100594
FramaCExecutionTime,40.29103302399744
TotalExecutionTime,1690.5569439819956
