InputGenerationTime,0.02311374100008834
ProfilingTime,9.524888173999898
SimulationTime,5.420615399999406
FramaCExecutionTime,35.06249987399951
TotalExecutionTime,50.036251221000384
