InputGenerationTime,0.08479241801251192
ProfilingTime,9.618789579006261
SimulationTime,6.509546836998197
FramaCExecutionTime,41.54485546500655
TotalExecutionTime,894.107277025003
