InputGenerationTime,0.012637748999623
ProfilingTime,11.958714445001533
SimulationTime,48.22223125800156
FramaCExecutionTime,57.36715431099947
TotalExecutionTime,2316.764248007001
