InputGenerationTime,0.02827716300089378
ProfilingTime,13.55941747000179
SimulationTime,7.485161862001405
FramaCExecutionTime,39.25252934300079
TotalExecutionTime,1011.414532892999
