InputGenerationTime,0.01046458700147923
ProfilingTime,9.265475318999961
SimulationTime,5.202515664001112
FramaCExecutionTime,35.76380379799957
TotalExecutionTime,1169.6363745449999
