InputGenerationTime,0.01647902900003828
ProfilingTime,13.446845149010187
SimulationTime,7.150328828007332
FramaCExecutionTime,48.37001351900108
TotalExecutionTime,705.4954775549995
