InputGenerationTime,0.01046458700147923
ProfilingTime,9.631100747996243
SimulationTime,5.250443982993602
FramaCExecutionTime,35.76380379799957
TotalExecutionTime,1349.3985091140057
