InputGenerationTime,0.02234565999242477
ProfilingTime,10.805343018000713
SimulationTime,53.74733844300499
FramaCExecutionTime,39.94511723800679
TotalExecutionTime,6081.10333822199
