InputGenerationTime,0.0301440870098304
ProfilingTime,10.883402694991673
SimulationTime,17.827734570004395
FramaCExecutionTime,39.158365137991495
TotalExecutionTime,1656.3191015670018
