InputGenerationTime,0.10587871700408868
ProfilingTime,9.79198925300443
SimulationTime,48.90855297099915
FramaCExecutionTime,43.57780704900506
TotalExecutionTime,1609.9379468199913
