InputGenerationTime,0.09801700900061405
ProfilingTime,10.961667570998543
SimulationTime,50.849391147999995
FramaCExecutionTime,38.37650828900041
TotalExecutionTime,4176.2825609520005
