InputGenerationTime,0.0738430739947944
ProfilingTime,9.992770342003496
SimulationTime,8.270887042002869
FramaCExecutionTime,42.79753851800342
TotalExecutionTime,1759.4274438150023
