InputGenerationTime,0.02485292500932701
ProfilingTime,11.040097867997247
SimulationTime,7.834926379000535
FramaCExecutionTime,41.027538213995285
TotalExecutionTime,1057.2786072519957
