InputGenerationTime,0.01328051500604488
ProfilingTime,14.450179346997174
SimulationTime,7.218861437999294
FramaCExecutionTime,41.48226086300565
TotalExecutionTime,515.4708073090005
