InputGenerationTime,0.0852646759885829
ProfilingTime,16.493500969998422
SimulationTime,97.05236528000387
FramaCExecutionTime,42.89104297501035
TotalExecutionTime,3601.934609596996
