InputGenerationTime,0.02306895500078099
ProfilingTime,10.301159463997465
SimulationTime,5.082856674998766
FramaCExecutionTime,45.48063135499979
TotalExecutionTime,796.2628610529973
