InputGenerationTime,0.02195946400752291
ProfilingTime,13.219343271979596
SimulationTime,55.533394401019905
FramaCExecutionTime,50.55869247901137
TotalExecutionTime,4773.697728269006
