InputGenerationTime,0.11202836499433033
ProfilingTime,10.085259213999962
SimulationTime,6.455151291011134
FramaCExecutionTime,39.724936091995914
TotalExecutionTime,72.71806287499203
