InputGenerationTime,0.0738430739947944
ProfilingTime,11.325994263999746
SimulationTime,8.88335184600146
FramaCExecutionTime,42.79753851800342
TotalExecutionTime,1932.071201091996
