InputGenerationTime,0.02195946400752291
ProfilingTime,12.436162715981482
SimulationTime,53.46334163998836
FramaCExecutionTime,50.55869247901137
TotalExecutionTime,5540.936069090007
