InputGenerationTime,0.03753126999072265
ProfilingTime,10.466397988013341
SimulationTime,11.367143162002321
FramaCExecutionTime,36.719459897998604
TotalExecutionTime,1734.757958371003
