InputGenerationTime,0.10799351200694218
ProfilingTime,9.819991651005694
SimulationTime,7.297108910992392
FramaCExecutionTime,41.71048603999952
TotalExecutionTime,561.5923088260024
