InputGenerationTime,0.01519978199939942
ProfilingTime,10.561512909000157
SimulationTime,5.944580333998601
FramaCExecutionTime,35.97166418199777
TotalExecutionTime,1638.3587574480043
