InputGenerationTime,0.0301166839999496
ProfilingTime,10.045044120000966
SimulationTime,5.196370322000803
FramaCExecutionTime,35.60818583100081
TotalExecutionTime,1263.596764377
