InputGenerationTime,0.03659036000317428
ProfilingTime,11.232224682004016
SimulationTime,6.907675522001227
FramaCExecutionTime,43.33275046799827
TotalExecutionTime,1475.3078253159983
