InputGenerationTime,0.03755415400155471
ProfilingTime,25.897758265000448
SimulationTime,16.664618048002012
FramaCExecutionTime,131.89057868900272
TotalExecutionTime,1782.7374014339985
