InputGenerationTime,0.01543552200018894
ProfilingTime,14.866628664996824
SimulationTime,53.893123734989786
FramaCExecutionTime,39.881633352997596
TotalExecutionTime,930.6198020409938
