InputGenerationTime,0.01328051500604488
ProfilingTime,14.98292115300137
SimulationTime,7.365872800000943
FramaCExecutionTime,41.48226086300565
TotalExecutionTime,353.0354964110011
