InputGenerationTime,0.05992229399998905
ProfilingTime,10.762920841996674
SimulationTime,6.641504127997905
FramaCExecutionTime,40.947449245002645
TotalExecutionTime,686.315763988001
