InputGenerationTime,0.07939185200120846
ProfilingTime,10.603311714001393
SimulationTime,6.4165836829997716
FramaCExecutionTime,40.42274703500152
TotalExecutionTime,205.55157666000014
