InputGenerationTime,0.0613212600001134
ProfilingTime,11.08053748999373
SimulationTime,57.01022726300289
FramaCExecutionTime,40.81122030799452
TotalExecutionTime,311.192400052998
