InputGenerationTime,0.02938545899814926
ProfilingTime,10.29342212699703
SimulationTime,6.4208508689989685
FramaCExecutionTime,38.626025493998895
TotalExecutionTime,16357.443476687997
