InputGenerationTime,0.06190480099940032
ProfilingTime,10.325845788000152
SimulationTime,6.805792511999243
FramaCExecutionTime,40.04177317700123
TotalExecutionTime,692.0950414800009
