InputGenerationTime,0.01165099699574057
ProfilingTime,9.569264021003619
SimulationTime,5.214914668002166
FramaCExecutionTime,33.58243524499994
TotalExecutionTime,1581.0914283939928
