InputGenerationTime,0.02311374100008834
ProfilingTime,9.677658079999674
SimulationTime,5.931839164999474
FramaCExecutionTime,35.06249987399951
TotalExecutionTime,345.0921680199999
