InputGenerationTime,0.0207994360007433
ProfilingTime,9.713159754000117
SimulationTime,5.4204226089996155
FramaCExecutionTime,34.9967234679998
TotalExecutionTime,900.0068108639998
