InputGenerationTime,0.0154482090001693
ProfilingTime,10.825643994990969
SimulationTime,53.357931065009325
FramaCExecutionTime,48.95317624400195
TotalExecutionTime,5529.408184282991
