InputGenerationTime,0.03238737300853245
ProfilingTime,11.591824823000934
SimulationTime,7.518517414995586
FramaCExecutionTime,43.14403645200946
TotalExecutionTime,744.6023578519962
