InputGenerationTime,0.0301440870098304
ProfilingTime,11.55954166999436
SimulationTime,15.763355619987124
FramaCExecutionTime,39.158365137991495
TotalExecutionTime,1627.5539356070076
