InputGenerationTime,0.07971650699983002
ProfilingTime,11.310702168000716
SimulationTime,50.47297483099828
FramaCExecutionTime,40.773911910000606
TotalExecutionTime,1881.3429416210001
