InputGenerationTime,0.05588082099711755
ProfilingTime,11.070890857998165
SimulationTime,53.84271459899901
FramaCExecutionTime,46.176827339004376
TotalExecutionTime,1961.6590172950018
