InputGenerationTime,0.06920159800029069
ProfilingTime,10.210353889999169
SimulationTime,5.370530027999848
FramaCExecutionTime,38.74239860200032
TotalExecutionTime,1139.998516259
