InputGenerationTime,0.01177785099571338
ProfilingTime,12.37372123500245
SimulationTime,7.166962498005887
FramaCExecutionTime,52.82057099800295
TotalExecutionTime,1610.3401062710036
