InputGenerationTime,0.09513172299193684
ProfilingTime,10.295846421009628
SimulationTime,50.20273297899985
FramaCExecutionTime,42.57547555399651
TotalExecutionTime,5173.478330194994
