InputGenerationTime,0.02398628399896552
ProfilingTime,12.66823928499798
SimulationTime,7.597122449999006
FramaCExecutionTime,56.596672714000306
TotalExecutionTime,1489.360862906
