InputGenerationTime,0.0159012049989542
ProfilingTime,11.681683861002966
SimulationTime,5.165933771000709
FramaCExecutionTime,48.892538050997246
TotalExecutionTime,515.3634170560035
