InputGenerationTime,0.01951889699921594
ProfilingTime,10.11094348000006
SimulationTime,4.955771222999829
FramaCExecutionTime,35.60998623500018
TotalExecutionTime,318.2485658309997
