InputGenerationTime,0.04271512100240216
ProfilingTime,31.660635077001643
SimulationTime,26.338061641999957
FramaCExecutionTime,140.39492750800127
TotalExecutionTime,3726.8545060629986
