InputGenerationTime,0.11479880199476611
ProfilingTime,10.281345598006737
SimulationTime,8.87398029799806
FramaCExecutionTime,42.08872573199915
TotalExecutionTime,1727.891704654001
