InputGenerationTime,0.05588082099711755
ProfilingTime,10.81031786499807
SimulationTime,52.45372075900377
FramaCExecutionTime,46.176827339004376
TotalExecutionTime,2214.785585174999
