InputGenerationTime,0.06674171199847478
ProfilingTime,13.226705918001244
SimulationTime,4.274422414993751
FramaCExecutionTime,40.77649916699738
TotalExecutionTime,2470.9190451999893
