InputGenerationTime,0.07484678299806546
ProfilingTime,10.777787170998636
SimulationTime,6.891978598003334
FramaCExecutionTime,41.74371946800238
TotalExecutionTime,1482.8459777539974
