InputGenerationTime,0.07322397099778755
ProfilingTime,11.034193446001154
SimulationTime,6.4601531509979395
FramaCExecutionTime,39.72697308399802
TotalExecutionTime,1513.435614406997
