InputGenerationTime,0.11015815800055861
ProfilingTime,11.342649211990647
SimulationTime,52.159958774005645
FramaCExecutionTime,48.40303555400169
TotalExecutionTime,1865.3651813920005
