InputGenerationTime,0.01877888300077757
ProfilingTime,12.257843807001336
SimulationTime,16.320737332000135
FramaCExecutionTime,59.614060054998845
TotalExecutionTime,116.70199273399703
