InputGenerationTime,0.01908354100305587
ProfilingTime,9.74953696999728
SimulationTime,5.384253533997253
FramaCExecutionTime,45.59387044799951
TotalExecutionTime,562.9804447419992
