InputGenerationTime,0.057158976997016
ProfilingTime,9.959363317997486
SimulationTime,8.944299202004913
FramaCExecutionTime,37.9393298319992
TotalExecutionTime,272.62981359999685
