InputGenerationTime,0.11202836499433033
ProfilingTime,10.387765423001838
SimulationTime,6.904686419002246
FramaCExecutionTime,39.724936091995914
TotalExecutionTime,418.4985857110005
