InputGenerationTime,0.03753126999072265
ProfilingTime,10.217865782993613
SimulationTime,10.605444923989126
FramaCExecutionTime,36.719459897998604
TotalExecutionTime,1586.6589433339977
