InputGenerationTime,0.01333866200002376
ProfilingTime,10.607441086001927
SimulationTime,6.26953300400055
FramaCExecutionTime,48.59325111399812
TotalExecutionTime,1028.7783231030044
