InputGenerationTime,0.02398628399896552
ProfilingTime,13.015933066999423
SimulationTime,8.20548725000117
FramaCExecutionTime,56.596672714000306
TotalExecutionTime,1419.0633808380007
