InputGenerationTime,0.05377575800230261
ProfilingTime,9.989353327000572
SimulationTime,5.791928655002266
FramaCExecutionTime,38.171050539000134
TotalExecutionTime,945.6174252760029
