InputGenerationTime,0.02154857700043067
ProfilingTime,10.208978521999597
SimulationTime,48.69527527199898
FramaCExecutionTime,36.822960536999744
TotalExecutionTime,2038.432714890001
