InputGenerationTime,0.02398628399896552
ProfilingTime,11.615436137999495
SimulationTime,6.976806634000241
FramaCExecutionTime,56.596672714000306
TotalExecutionTime,1256.1779602829993
