InputGenerationTime,0.03455019700049888
ProfilingTime,9.880573282000114
SimulationTime,6.066522765999252
FramaCExecutionTime,34.927573151000615
TotalExecutionTime,731.548434069
