InputGenerationTime,0.0738430739947944
ProfilingTime,9.986956314001873
SimulationTime,7.777579256995523
FramaCExecutionTime,42.79753851800342
TotalExecutionTime,1798.1937737199987
