InputGenerationTime,0.02859270799672231
ProfilingTime,11.647732679994078
SimulationTime,54.39846442500129
FramaCExecutionTime,44.789751115997205
TotalExecutionTime,4288.5467299360025
