InputGenerationTime,0.02187398799287621
ProfilingTime,9.851825921999989
SimulationTime,7.120624843999394
FramaCExecutionTime,33.94771063499502
TotalExecutionTime,169.36321280799166
