InputGenerationTime,0.01962254600948654
ProfilingTime,10.779960360989207
SimulationTime,51.685881005993
FramaCExecutionTime,48.34731471100531
TotalExecutionTime,1315.4718683450046
