InputGenerationTime,0.02140154999869992
ProfilingTime,22.67888827600109
SimulationTime,15.79746015300043
FramaCExecutionTime,121.4568781320013
TotalExecutionTime,1562.6029523500001
