InputGenerationTime,0.08442942600049719
ProfilingTime,10.427453653000157
SimulationTime,6.999458498999957
FramaCExecutionTime,38.66163072400013
TotalExecutionTime,1529.7287651880006
