InputGenerationTime,0.10154341699671932
ProfilingTime,10.127321836000192
SimulationTime,23.832254237990128
FramaCExecutionTime,42.076754936002544
TotalExecutionTime,2376.380656494992
