InputGenerationTime,0.0500389670014556
ProfilingTime,25.654725415999565
SimulationTime,16.20882791400072
FramaCExecutionTime,110.98379368699898
TotalExecutionTime,3285.273890352997
