InputGenerationTime,0.0763670619999175
ProfilingTime,10.665409016000922
SimulationTime,7.134310341003584
FramaCExecutionTime,39.75321220000478
TotalExecutionTime,376.2846272800016
