InputGenerationTime,0.01758529599464964
ProfilingTime,9.595770459003688
SimulationTime,4.96370110999851
FramaCExecutionTime,36.372605122000095
TotalExecutionTime,344.6438807900049
