InputGenerationTime,0.03455019700049888
ProfilingTime,10.105860498999391
SimulationTime,6.138596074000816
FramaCExecutionTime,34.927573151000615
TotalExecutionTime,796.2010764000006
