InputGenerationTime,0.01758529599464964
ProfilingTime,9.546756187999563
SimulationTime,5.1416356379995705
FramaCExecutionTime,36.372605122000095
TotalExecutionTime,315.33098909000546
