InputGenerationTime,0.01144098601071164
ProfilingTime,9.977135459994315
SimulationTime,7.302588544000173
FramaCExecutionTime,34.14544824699988
TotalExecutionTime,830.0003540500038
