InputGenerationTime,0.06673658799991244
ProfilingTime,10.33664315499982
SimulationTime,6.4411467700001594
FramaCExecutionTime,40.517046983
TotalExecutionTime,558.8262375920003
