InputGenerationTime,0.07467210799222812
ProfilingTime,13.333757297994453
SimulationTime,10.789191310992464
FramaCExecutionTime,39.828040738997515
TotalExecutionTime,1862.5803144529928
