InputGenerationTime,0.01968984300037846
ProfilingTime,10.309897448998527
SimulationTime,2.9368577069981256
FramaCExecutionTime,38.81064819900348
TotalExecutionTime,743.5488057219991
