InputGenerationTime,0.01605060899964883
ProfilingTime,11.346783809000044
SimulationTime,17.629935781998938
FramaCExecutionTime,55.23388443600197
TotalExecutionTime,714.8158021470008
