InputGenerationTime,0.08442942600049719
ProfilingTime,9.911165505000099
SimulationTime,6.57232081300026
FramaCExecutionTime,38.66163072400013
TotalExecutionTime,1425.6157519560002
