InputGenerationTime,0.0223144050000883
ProfilingTime,11.206566824999982
SimulationTime,6.768412709999893
FramaCExecutionTime,35.90068683499999
TotalExecutionTime,1300.743193857
