InputGenerationTime,0.03158086500002355
ProfilingTime,9.919670728000028
SimulationTime,6.43278900700011
FramaCExecutionTime,36.47446528099999
TotalExecutionTime,488.33035991400004
