InputGenerationTime,0.01882177800143836
ProfilingTime,10.104789757999242
SimulationTime,5.544672879004793
FramaCExecutionTime,52.14162661100272
TotalExecutionTime,1928.7244522719993
