InputGenerationTime,0.03168364300108806
ProfilingTime,11.373076513998967
SimulationTime,5.785391036999499
FramaCExecutionTime,52.581870406000235
TotalExecutionTime,546.5969314470003
