InputGenerationTime,0.06281015000058687
ProfilingTime,10.064944576999551
SimulationTime,5.46837344999949
FramaCExecutionTime,39.76741987800051
TotalExecutionTime,1565.6378344259992
