InputGenerationTime,0.02859270799672231
ProfilingTime,11.243156097007159
SimulationTime,54.844155976003094
FramaCExecutionTime,44.789751115997205
TotalExecutionTime,4687.395457332001
