InputGenerationTime,0.01605060899964883
ProfilingTime,12.263031597998634
SimulationTime,17.400505931000225
FramaCExecutionTime,55.23388443600197
TotalExecutionTime,553.5191461470022
