InputGenerationTime,0.11606005700014066
ProfilingTime,10.502777068992145
SimulationTime,50.65741931198863
FramaCExecutionTime,42.19512809099979
TotalExecutionTime,820.9600943369878
