InputGenerationTime,0.02583890700043412
ProfilingTime,10.875085406005383
SimulationTime,52.57439735900698
FramaCExecutionTime,39.279005670003244
TotalExecutionTime,6075.6703867889955
