InputGenerationTime,0.012637748999623
ProfilingTime,11.395218645000568
SimulationTime,47.387904753999464
FramaCExecutionTime,57.36715431099947
TotalExecutionTime,2818.2298088829975
