InputGenerationTime,0.01177785099571338
ProfilingTime,11.555414969996491
SimulationTime,6.499450103998242
FramaCExecutionTime,52.82057099800295
TotalExecutionTime,1859.3972210960055
