InputGenerationTime,0.07647114399878774
ProfilingTime,10.148059720013407
SimulationTime,34.740135151994764
FramaCExecutionTime,39.74868804399739
TotalExecutionTime,84.71864042300149
