InputGenerationTime,0.01344646500365343
ProfilingTime,11.236609743005829
SimulationTime,54.04760678499588
FramaCExecutionTime,41.5655235019949
TotalExecutionTime,3618.8768973449914
