InputGenerationTime,0.02306973400118295
ProfilingTime,9.975706594999792
SimulationTime,47.46544931700009
FramaCExecutionTime,34.95365613299873
TotalExecutionTime,1139.7855022129988
