InputGenerationTime,0.06097441100064316
ProfilingTime,10.31894497599933
SimulationTime,49.55976879700029
FramaCExecutionTime,39.61232570200082
TotalExecutionTime,2486.604537256
