InputGenerationTime,0.07727786700706929
ProfilingTime,10.512030976999085
SimulationTime,5.8104096010065405
FramaCExecutionTime,40.76006832699932
TotalExecutionTime,352.26350251899567
