InputGenerationTime,0.01951889699921594
ProfilingTime,9.760030565999841
SimulationTime,4.535526936000679
FramaCExecutionTime,35.60998623500018
TotalExecutionTime,78.5836368629989
