InputGenerationTime,0.01908354100305587
ProfilingTime,9.604820687000029
SimulationTime,5.271988694999891
FramaCExecutionTime,45.59387044799951
TotalExecutionTime,608.1871657629999
