InputGenerationTime,0.03158086500002355
ProfilingTime,10.262059248000014
SimulationTime,6.208871691000013
FramaCExecutionTime,36.47446528099999
TotalExecutionTime,785.2423898779999
