InputGenerationTime,0.01165099699574057
ProfilingTime,9.771868230003747
SimulationTime,5.734814559997176
FramaCExecutionTime,33.58243524499994
TotalExecutionTime,1262.8400995809934
