InputGenerationTime,0.02827716300089378
ProfilingTime,13.277655121000862
SimulationTime,7.1013663680023456
FramaCExecutionTime,39.25252934300079
TotalExecutionTime,1031.8130527840003
