InputGenerationTime,0.03070392999507021
ProfilingTime,15.988561460006167
SimulationTime,10.27541519899387
FramaCExecutionTime,43.51740340801189
TotalExecutionTime,788.2297247550014
