InputGenerationTime,0.02332559400019818
ProfilingTime,10.291638038997917
SimulationTime,6.494498228999873
FramaCExecutionTime,45.93521431100089
TotalExecutionTime,541.6434652960015
