InputGenerationTime,0.02688553600000887
ProfilingTime,11.535031444000083
SimulationTime,7.324488040999995
FramaCExecutionTime,36.49362706299996
TotalExecutionTime,612.9191000000001
