InputGenerationTime,0.01343886599988764
ProfilingTime,10.857056013999681
SimulationTime,48.477805034000085
FramaCExecutionTime,35.34428882700013
TotalExecutionTime,2373.5474759579997
