InputGenerationTime,0.03444526500243228
ProfilingTime,11.123701551987324
SimulationTime,6.232205306994729
FramaCExecutionTime,52.18555356100842
TotalExecutionTime,345.54748670599656
