InputGenerationTime,0.0301166839999496
ProfilingTime,10.01227085500068
SimulationTime,5.076208095000766
FramaCExecutionTime,35.60818583100081
TotalExecutionTime,1446.1812012969986
