InputGenerationTime,0.12734451101277955
ProfilingTime,10.438628539995989
SimulationTime,6.5553111220069695
FramaCExecutionTime,39.92448624499957
TotalExecutionTime,303.0168590740068
