InputGenerationTime,0.0341274840029655
ProfilingTime,13.181733441000688
SimulationTime,2.647633852000581
FramaCExecutionTime,37.64829516099417
TotalExecutionTime,816.9450361000054
