InputGenerationTime,0.02187398799287621
ProfilingTime,10.027776450995589
SimulationTime,7.178431286010891
FramaCExecutionTime,33.94771063499502
TotalExecutionTime,117.33865462899848
