InputGenerationTime,0.06674171199847478
ProfilingTime,10.4203799879906
SimulationTime,49.98870318499394
FramaCExecutionTime,40.77649916699738
TotalExecutionTime,2393.318921758997
