InputGenerationTime,0.03211433500109706
ProfilingTime,10.545713860003161
SimulationTime,47.19619613500254
FramaCExecutionTime,39.37306821200036
TotalExecutionTime,1151.1542375829958
