InputGenerationTime,0.06592929499993261
ProfilingTime,10.239853735999986
SimulationTime,10.096175438000046
FramaCExecutionTime,40.170672405999994
TotalExecutionTime,229.46697466500018
