InputGenerationTime,0.01165099699574057
ProfilingTime,9.91768434100959
SimulationTime,6.077623270000913
FramaCExecutionTime,33.58243524499994
TotalExecutionTime,1374.5332489370048
