InputGenerationTime,0.02436892400146462
ProfilingTime,14.465970574005041
SimulationTime,7.293307025000104
FramaCExecutionTime,41.515238159990986
TotalExecutionTime,84.77997838800366
