InputGenerationTime,0.10372775399991951
ProfilingTime,11.075414147000629
SimulationTime,51.54214372200113
FramaCExecutionTime,41.57309912600067
TotalExecutionTime,4908.985821029
