InputGenerationTime,0.057158976997016
ProfilingTime,9.666072467000049
SimulationTime,9.066065348000848
FramaCExecutionTime,37.9393298319992
TotalExecutionTime,134.93719586399675
