InputGenerationTime,0.0763670619999175
ProfilingTime,10.629408954999235
SimulationTime,7.0962960539982305
FramaCExecutionTime,39.75321220000478
TotalExecutionTime,394.03953733500384
