InputGenerationTime,0.06581077299779281
ProfilingTime,23.90694779399928
SimulationTime,15.668669567003235
FramaCExecutionTime,115.83512147400324
TotalExecutionTime,4215.666627926999
