InputGenerationTime,0.0207994360007433
ProfilingTime,9.792195705000267
SimulationTime,5.407026425999902
FramaCExecutionTime,34.9967234679998
TotalExecutionTime,1065.85632076
