InputGenerationTime,0.02354438200018194
ProfilingTime,10.092275166000036
SimulationTime,5.525026109999999
FramaCExecutionTime,36.64489351900011
TotalExecutionTime,686.1050440929998
