InputGenerationTime,0.03618974800338037
ProfilingTime,9.415937357000075
SimulationTime,12.237588933989173
FramaCExecutionTime,38.09326741400582
TotalExecutionTime,534.3125087029912
