InputGenerationTime,0.02311374100008834
ProfilingTime,9.676349117000427
SimulationTime,6.008442468999419
FramaCExecutionTime,35.06249987399951
TotalExecutionTime,313.54556958800003
