InputGenerationTime,0.11015815800055861
ProfilingTime,11.672641550991102
SimulationTime,51.77576503400633
FramaCExecutionTime,48.40303555400169
TotalExecutionTime,2310.5384721989976
