InputGenerationTime,0.02140154999869992
ProfilingTime,24.28475855799843
SimulationTime,15.156470036999963
FramaCExecutionTime,121.4568781320013
TotalExecutionTime,2254.1379514049986
