InputGenerationTime,0.09801700900061405
ProfilingTime,11.540158945001167
SimulationTime,53.211714480999944
FramaCExecutionTime,38.37650828900041
TotalExecutionTime,3990.434031989
