InputGenerationTime,0.02429182899868465
ProfilingTime,10.115735706000123
SimulationTime,5.023456548999093
FramaCExecutionTime,45.97813112299991
TotalExecutionTime,807.6954459789995
