InputGenerationTime,0.01121654300368391
ProfilingTime,14.547288803005358
SimulationTime,7.701435237991973
FramaCExecutionTime,48.89147891699395
TotalExecutionTime,2035.991705745997
