InputGenerationTime,0.01758529599464964
ProfilingTime,9.644648198998766
SimulationTime,5.067861892996007
FramaCExecutionTime,36.372605122000095
TotalExecutionTime,330.06670140100323
