InputGenerationTime,0.02436892400146462
ProfilingTime,17.210085537997657
SimulationTime,10.172158111003228
FramaCExecutionTime,41.515238159990986
TotalExecutionTime,444.7426809890021
