InputGenerationTime,0.09513172299193684
ProfilingTime,10.391065586009063
SimulationTime,49.95568959899538
FramaCExecutionTime,42.57547555399651
TotalExecutionTime,5233.845074432
