InputGenerationTime,0.02140154999869992
ProfilingTime,24.422785131002456
SimulationTime,16.451844318999065
FramaCExecutionTime,121.4568781320013
TotalExecutionTime,2372.848963057
