InputGenerationTime,0.09513172299193684
ProfilingTime,10.625009622002835
SimulationTime,49.581803275999846
FramaCExecutionTime,42.57547555399651
TotalExecutionTime,4632.805352472991
