InputGenerationTime,0.06920159800029069
ProfilingTime,9.72827559399957
SimulationTime,5.026428961999045
FramaCExecutionTime,38.74239860200032
TotalExecutionTime,951.6747708980001
