InputGenerationTime,0.01682621199870482
ProfilingTime,13.876070854996215
SimulationTime,7.994258894992527
FramaCExecutionTime,42.423894251012825
TotalExecutionTime,2209.8368332490063
