InputGenerationTime,0.08069114800036914
ProfilingTime,9.821087819999775
SimulationTime,6.628979686999628
FramaCExecutionTime,37.93133167399992
TotalExecutionTime,919.2043131870005
