InputGenerationTime,0.04271512100240216
ProfilingTime,21.308939432001353
SimulationTime,20.082682307998766
FramaCExecutionTime,140.39492750800127
TotalExecutionTime,3768.4999375119987
