InputGenerationTime,0.0745205179991899
ProfilingTime,10.144280882988824
SimulationTime,6.683902446005959
FramaCExecutionTime,41.4757383850083
TotalExecutionTime,616.3167564460018
