InputGenerationTime,0.01951889699921594
ProfilingTime,9.773589116999574
SimulationTime,4.912650424999811
FramaCExecutionTime,35.60998623500018
TotalExecutionTime,243.29633476699928
