InputGenerationTime,0.11879277000844013
ProfilingTime,11.179693156009307
SimulationTime,52.436047376992065
FramaCExecutionTime,41.30239897700085
TotalExecutionTime,1372.5465100779984
