InputGenerationTime,0.09801700900061405
ProfilingTime,12.200772318999952
SimulationTime,50.929178473999855
FramaCExecutionTime,38.37650828900041
TotalExecutionTime,4053.641525526
