InputGenerationTime,0.02913684999657562
ProfilingTime,9.761302594000881
SimulationTime,4.783944836999581
FramaCExecutionTime,35.218215351000254
TotalExecutionTime,586.9708020879989
