InputGenerationTime,0.01344646500365343
ProfilingTime,11.599501649994636
SimulationTime,54.488536723001744
FramaCExecutionTime,41.5655235019949
TotalExecutionTime,4499.180225703996
