InputGenerationTime,0.01578046099984931
ProfilingTime,9.875290002999918
SimulationTime,6.207452332000003
FramaCExecutionTime,43.47882046399991
TotalExecutionTime,1516.374834162
