InputGenerationTime,0.03220963099738583
ProfilingTime,9.682095076001133
SimulationTime,4.84901560000435
FramaCExecutionTime,35.3322548990036
TotalExecutionTime,1278.6816830440002
