InputGenerationTime,0.06592929499993261
ProfilingTime,10.547352514000067
SimulationTime,8.705740763999984
FramaCExecutionTime,40.170672405999994
TotalExecutionTime,148.48231813600023
