InputGenerationTime,0.10177876400121022
ProfilingTime,9.8047296069999
SimulationTime,6.9179488889931235
FramaCExecutionTime,40.503118693988654
TotalExecutionTime,1162.4466466099984
