InputGenerationTime,0.02493770999899425
ProfilingTime,9.297403648999534
SimulationTime,6.05718975200034
FramaCExecutionTime,35.02617612699942
TotalExecutionTime,1226.1240733729992
