InputGenerationTime,0.07939185200120846
ProfilingTime,10.179837016999954
SimulationTime,5.9246998250000615
FramaCExecutionTime,40.42274703500152
TotalExecutionTime,171.2650608620006
