InputGenerationTime,0.06674171199847478
ProfilingTime,10.042626233989722
SimulationTime,49.89016075299878
FramaCExecutionTime,40.77649916699738
TotalExecutionTime,1726.0714829849894
