InputGenerationTime,0.01600631699989208
ProfilingTime,11.119556043999864
SimulationTime,6.7757367239998985
FramaCExecutionTime,36.088396689999854
TotalExecutionTime,138.76398547899998
