InputGenerationTime,0.0613212600001134
ProfilingTime,11.67573277799238
SimulationTime,56.469647826001165
FramaCExecutionTime,40.81122030799452
TotalExecutionTime,914.2200899489981
