InputGenerationTime,0.10154341699671932
ProfilingTime,9.9496919039957
SimulationTime,24.41291154800274
FramaCExecutionTime,42.076754936002544
TotalExecutionTime,2342.380431775993
