InputGenerationTime,0.01974974999029655
ProfilingTime,14.305829803008237
SimulationTime,53.774509055991075
FramaCExecutionTime,46.534168247992056
TotalExecutionTime,4884.487897475003
