InputGenerationTime,0.07630812800016429
ProfilingTime,10.64655464000134
SimulationTime,2.9037637210003595
FramaCExecutionTime,39.353945180000665
TotalExecutionTime,348.060485678001
