InputGenerationTime,0.04271512100240216
ProfilingTime,26.12924253100209
SimulationTime,21.04439727299905
FramaCExecutionTime,140.39492750800127
TotalExecutionTime,2663.395194318
