InputGenerationTime,0.0341274840029655
ProfilingTime,9.633535419998225
SimulationTime,6.482402109992108
FramaCExecutionTime,37.64829516099417
TotalExecutionTime,520.7384635380004
