InputGenerationTime,0.057158976997016
ProfilingTime,9.712452247003966
SimulationTime,13.156250216001354
FramaCExecutionTime,37.9393298319992
TotalExecutionTime,116.18008633200225
