InputGenerationTime,0.02927012700092746
ProfilingTime,12.294140477002657
SimulationTime,18.97440677999839
FramaCExecutionTime,59.54822582100314
TotalExecutionTime,214.3523044579997
