InputGenerationTime,0.01039334099914413
ProfilingTime,9.995784276004997
SimulationTime,5.145697904998087
FramaCExecutionTime,36.1268426799943
TotalExecutionTime,908.0688325500014
