InputGenerationTime,0.03070392999507021
ProfilingTime,17.412290822001523
SimulationTime,10.119758375993115
FramaCExecutionTime,43.51740340801189
TotalExecutionTime,1003.5900975330005
