InputGenerationTime,0.02493770999899425
ProfilingTime,9.48064207400057
SimulationTime,6.1595943730008
FramaCExecutionTime,35.02617612699942
TotalExecutionTime,1457.3854278
