InputGenerationTime,0.0613212600001134
ProfilingTime,11.559541598006035
SimulationTime,53.85330870900361
FramaCExecutionTime,40.81122030799452
TotalExecutionTime,1112.9851835719892
