InputGenerationTime,0.02121638599783182
ProfilingTime,13.906513712994638
SimulationTime,8.263884422005503
FramaCExecutionTime,42.12937589098874
TotalExecutionTime,1695.743082536006
