InputGenerationTime,0.0613212600001134
ProfilingTime,11.737537326000165
SimulationTime,55.99653915700037
FramaCExecutionTime,40.81122030799452
TotalExecutionTime,846.0307410679961
