InputGenerationTime,0.02187398799287621
ProfilingTime,10.26599672199518
SimulationTime,7.3652755659859395
FramaCExecutionTime,33.94771063499502
TotalExecutionTime,359.71383604100265
