InputGenerationTime,0.10142935998737812
ProfilingTime,9.863631907996023
SimulationTime,50.07995826099068
FramaCExecutionTime,42.27029998799844
TotalExecutionTime,4051.9255881169956
