InputGenerationTime,0.02881482700104243
ProfilingTime,12.474331587000052
SimulationTime,16.58067913799823
FramaCExecutionTime,55.802621858998464
TotalExecutionTime,1302.050757375
