InputGenerationTime,0.04750419400079409
ProfilingTime,18.413751920001232
SimulationTime,12.354623497994908
FramaCExecutionTime,91.2054417679974
TotalExecutionTime,953.0590874549962
