InputGenerationTime,0.03125360700141755
ProfilingTime,12.912797728000442
SimulationTime,8.170645189002244
FramaCExecutionTime,56.99454582999897
TotalExecutionTime,2155.2344619620017
