InputGenerationTime,0.0223144050000883
ProfilingTime,11.437057807999963
SimulationTime,6.833512574999986
FramaCExecutionTime,35.90068683499999
TotalExecutionTime,1137.326169479
