InputGenerationTime,0.01121654300368391
ProfilingTime,15.76811316399835
SimulationTime,8.017503604991361
FramaCExecutionTime,48.89147891699395
TotalExecutionTime,1968.2901250019931
