InputGenerationTime,0.01725929699932749
ProfilingTime,9.732609192000382
SimulationTime,5.899490006000633
FramaCExecutionTime,34.431736876000286
TotalExecutionTime,1129.8913234209995
