InputGenerationTime,0.01046458700147923
ProfilingTime,9.519407128995226
SimulationTime,5.324772747000679
FramaCExecutionTime,35.76380379799957
TotalExecutionTime,1243.3458744070012
