InputGenerationTime,0.07192333900093217
ProfilingTime,10.518017219001194
SimulationTime,49.35249705899696
FramaCExecutionTime,39.947012405998976
TotalExecutionTime,1051.9393214500014
