InputGenerationTime,0.02140154999869992
ProfilingTime,23.351566555000318
SimulationTime,14.816650606000621
FramaCExecutionTime,121.4568781320013
TotalExecutionTime,2104.003722223999
