InputGenerationTime,0.05998602900035621
ProfilingTime,9.664237565000803
SimulationTime,5.55963455500023
FramaCExecutionTime,38.65595949999988
TotalExecutionTime,889.7096055860002
