InputGenerationTime,0.03753126999072265
ProfilingTime,9.617875744006597
SimulationTime,8.521498160000192
FramaCExecutionTime,36.719459897998604
TotalExecutionTime,1426.8761586309993
