InputGenerationTime,0.06888131699997757
ProfilingTime,10.090092927999649
SimulationTime,9.460042165999766
FramaCExecutionTime,39.89972157699958
TotalExecutionTime,79.23982222699851
