InputGenerationTime,0.06190480099940032
ProfilingTime,10.25426115099981
SimulationTime,6.3591785179996805
FramaCExecutionTime,40.04177317700123
TotalExecutionTime,554.8278474470007
