InputGenerationTime,0.02195946400752291
ProfilingTime,12.945986992999678
SimulationTime,54.015005135006504
FramaCExecutionTime,50.55869247901137
TotalExecutionTime,5052.158419854008
