InputGenerationTime,0.01882177800143836
ProfilingTime,9.842385314994317
SimulationTime,5.9045240609993925
FramaCExecutionTime,52.14162661100272
TotalExecutionTime,2088.5448916780006
