InputGenerationTime,0.06888131699997757
ProfilingTime,10.553749558001073
SimulationTime,10.227065692000906
FramaCExecutionTime,39.89972157699958
TotalExecutionTime,159.12572063199877
