InputGenerationTime,0.11479880199476611
ProfilingTime,9.906688809991465
SimulationTime,8.33461213899136
FramaCExecutionTime,42.08872573199915
TotalExecutionTime,1421.2663347569905
