InputGenerationTime,0.02881482700104243
ProfilingTime,12.248438899001485
SimulationTime,16.530360445998667
FramaCExecutionTime,55.802621858998464
TotalExecutionTime,1228.904771335001
