InputGenerationTime,0.05692466000073182
ProfilingTime,10.137928979998833
SimulationTime,6.64967590300148
FramaCExecutionTime,39.214578377999715
TotalExecutionTime,1581.0248141970005
