InputGenerationTime,0.03753126999072265
ProfilingTime,9.579401668990613
SimulationTime,8.446752793999622
FramaCExecutionTime,36.719459897998604
TotalExecutionTime,1444.9442480880098
