InputGenerationTime,0.0385067209990666
ProfilingTime,10.17580752700087
SimulationTime,5.656439651000255
FramaCExecutionTime,37.904336684001464
TotalExecutionTime,658.1555241030001
