InputGenerationTime,0.012637748999623
ProfilingTime,11.666567112000848
SimulationTime,47.56314454300082
FramaCExecutionTime,57.36715431099947
TotalExecutionTime,1591.5003291799985
