InputGenerationTime,0.06674171199847478
ProfilingTime,10.691984780001803
SimulationTime,50.600190391996875
FramaCExecutionTime,40.77649916699738
TotalExecutionTime,2030.2227312049945
