InputGenerationTime,0.02927012700092746
ProfilingTime,12.02568758399866
SimulationTime,18.537576833001367
FramaCExecutionTime,59.54822582100314
TotalExecutionTime,120.5935624699996
