InputGenerationTime,0.01414316500449786
ProfilingTime,11.319793741000467
SimulationTime,6.276103924996278
FramaCExecutionTime,36.11738900899945
TotalExecutionTime,643.5781174009971
