InputGenerationTime,0.03220963099738583
ProfilingTime,9.945617622004647
SimulationTime,5.400588449003408
FramaCExecutionTime,35.3322548990036
TotalExecutionTime,1264.116747357999
