InputGenerationTime,0.01157555900135776
ProfilingTime,10.4553512259954
SimulationTime,51.762924767994264
FramaCExecutionTime,37.79498738999973
TotalExecutionTime,5121.700948834001
