InputGenerationTime,0.11479880199476611
ProfilingTime,9.873513848986477
SimulationTime,8.365026131999912
FramaCExecutionTime,42.08872573199915
TotalExecutionTime,1439.5481602679938
