InputGenerationTime,0.02227763999690069
ProfilingTime,11.139100310996582
SimulationTime,6.919439384997531
FramaCExecutionTime,40.6428507610035
TotalExecutionTime,575.7799102149947
