InputGenerationTime,0.07467210799222812
ProfilingTime,10.592386661999626
SimulationTime,7.927883274998749
FramaCExecutionTime,39.828040738997515
TotalExecutionTime,1838.409570828997
