InputGenerationTime,0.08211587400001008
ProfilingTime,10.235275272003491
SimulationTime,6.1186540170019725
FramaCExecutionTime,42.833708010999544
TotalExecutionTime,1520.9709799830016
