InputGenerationTime,0.02583890700043412
ProfilingTime,10.92972096700396
SimulationTime,51.452684542004135
FramaCExecutionTime,39.279005670003244
TotalExecutionTime,5825.330573193001
