InputGenerationTime,0.06789501200000814
ProfilingTime,10.285861570000634
SimulationTime,5.842680118999851
FramaCExecutionTime,36.73994468700039
TotalExecutionTime,101.62549196500004
