InputGenerationTime,0.07484678299806546
ProfilingTime,10.39427434100071
SimulationTime,6.4583039749995805
FramaCExecutionTime,41.74371946800238
TotalExecutionTime,1413.4221596260031
