InputGenerationTime,0.01848810700175818
ProfilingTime,9.956336295996152
SimulationTime,4.979169971004012
FramaCExecutionTime,35.19626918999711
TotalExecutionTime,873.9318662090009
