InputGenerationTime,0.02471806799985643
ProfilingTime,10.087153282999907
SimulationTime,5.759179777000099
FramaCExecutionTime,36.439571203000014
TotalExecutionTime,84.03955831999997
