InputGenerationTime,0.01839245700102765
ProfilingTime,9.977220888000375
SimulationTime,6.036897803000102
FramaCExecutionTime,35.089644800000315
TotalExecutionTime,228.45294093700068
