InputGenerationTime,0.01781125200795941
ProfilingTime,9.728083192007034
SimulationTime,5.844222175990581
FramaCExecutionTime,33.69016032500076
TotalExecutionTime,1106.2730652799946
