InputGenerationTime,0.0155301419999887
ProfilingTime,9.682374258999516
SimulationTime,48.23417988199981
FramaCExecutionTime,35.18779909500063
TotalExecutionTime,1842.2062473569995
