InputGenerationTime,0.01543552200018894
ProfilingTime,15.29218777200731
SimulationTime,54.05739293299848
FramaCExecutionTime,39.881633352997596
TotalExecutionTime,999.9959159970022
