InputGenerationTime,0.06097441100064316
ProfilingTime,10.109621378000156
SimulationTime,48.62819791500078
FramaCExecutionTime,39.61232570200082
TotalExecutionTime,1520.9417729260022
