InputGenerationTime,0.0171071029981249
ProfilingTime,11.361066948004009
SimulationTime,6.469318058996578
FramaCExecutionTime,49.93881574000261
TotalExecutionTime,143.7711475690012
