InputGenerationTime,0.01647902900003828
ProfilingTime,12.773384485990391
SimulationTime,6.760576884000329
FramaCExecutionTime,48.37001351900108
TotalExecutionTime,664.8934119600017
