InputGenerationTime,0.02387934099533595
ProfilingTime,15.194311863990151
SimulationTime,54.0477321149956
FramaCExecutionTime,40.29103302399744
TotalExecutionTime,3094.4420046779996
