InputGenerationTime,0.02881482700104243
ProfilingTime,11.616167201998906
SimulationTime,16.904339262000576
FramaCExecutionTime,55.802621858998464
TotalExecutionTime,799.2201374520009
