InputGenerationTime,0.05992229399998905
ProfilingTime,10.987139987002593
SimulationTime,3.0201103369981865
FramaCExecutionTime,40.947449245002645
TotalExecutionTime,768.4837362899998
