InputGenerationTime,0.06652831399696879
ProfilingTime,10.329391060004127
SimulationTime,7.519077070988715
FramaCExecutionTime,38.49409825599287
TotalExecutionTime,390.63789591200475
