InputGenerationTime,0.03168364300108806
ProfilingTime,10.378578050000215
SimulationTime,5.329677726000227
FramaCExecutionTime,52.581870406000235
TotalExecutionTime,851.0421493290014
