InputGenerationTime,0.02931866299999797
ProfilingTime,10.887884811000049
SimulationTime,55.02597284100011
FramaCExecutionTime,39.656589833
TotalExecutionTime,1077.1660012730001
