InputGenerationTime,0.02931866299999797
ProfilingTime,10.71936391600002
SimulationTime,54.783307905000015
FramaCExecutionTime,39.656589833
TotalExecutionTime,680.951048516
