InputGenerationTime,0.06281015000058687
ProfilingTime,9.700589571999444
SimulationTime,4.874127171999135
FramaCExecutionTime,39.76741987800051
TotalExecutionTime,1268.4092284519993
