InputGenerationTime,0.02481988799991086
ProfilingTime,10.37154452699906
SimulationTime,6.351557824000338
FramaCExecutionTime,34.30475738699897
TotalExecutionTime,1390.305694671999
