InputGenerationTime,0.02632365800673142
ProfilingTime,11.65341956600605
SimulationTime,8.122806732993922
FramaCExecutionTime,39.77912241400918
TotalExecutionTime,771.837202338007
