InputGenerationTime,0.057158976997016
ProfilingTime,9.689423684998474
SimulationTime,17.01930375899974
FramaCExecutionTime,37.9393298319992
TotalExecutionTime,354.64671496499795
