InputGenerationTime,0.03220963099738583
ProfilingTime,9.680722156997945
SimulationTime,4.783137464000902
FramaCExecutionTime,35.3322548990036
TotalExecutionTime,1338.3137672470039
