InputGenerationTime,0.00933023100515129
ProfilingTime,9.608332889998564
SimulationTime,5.467666895005095
FramaCExecutionTime,36.48298437499761
TotalExecutionTime,1411.040414998999
