InputGenerationTime,0.06465608299913583
ProfilingTime,10.315412017997005
SimulationTime,6.021059596001578
FramaCExecutionTime,38.55570130500564
TotalExecutionTime,653.4085319559963
