InputGenerationTime,0.02131568200275069
ProfilingTime,10.180790156002331
SimulationTime,6.518835720002244
FramaCExecutionTime,37.40565201899881
TotalExecutionTime,561.0510545799989
