InputGenerationTime,0.00933023100515129
ProfilingTime,9.405933263995394
SimulationTime,5.15294796499802
FramaCExecutionTime,36.48298437499761
TotalExecutionTime,1486.1516090270015
