InputGenerationTime,0.08286192300147377
ProfilingTime,9.722220758005278
SimulationTime,49.19255505299952
FramaCExecutionTime,39.38539788800699
TotalExecutionTime,98.38892926299013
