InputGenerationTime,0.07833635200222488
ProfilingTime,10.188367331000336
SimulationTime,9.946024603996193
FramaCExecutionTime,40.119682856995496
TotalExecutionTime,200.87668152699916
