InputGenerationTime,0.01003517399658449
ProfilingTime,11.783823220997874
SimulationTime,6.204471474993625
FramaCExecutionTime,46.60673828200379
TotalExecutionTime,273.78453530799743
