InputGenerationTime,0.02332559400019818
ProfilingTime,10.050947517000168
SimulationTime,6.6544887329982885
FramaCExecutionTime,45.93521431100089
TotalExecutionTime,760.0295782500034
