InputGenerationTime,0.01725929699932749
ProfilingTime,9.343294636000792
SimulationTime,5.866939989000457
FramaCExecutionTime,34.431736876000286
TotalExecutionTime,1037.426799449
