InputGenerationTime,0.01144098601071164
ProfilingTime,9.837716749010724
SimulationTime,7.118086476009921
FramaCExecutionTime,34.14544824699988
TotalExecutionTime,529.6191295379977
