InputGenerationTime,0.00933023100515129
ProfilingTime,9.671732802999031
SimulationTime,5.754041324995342
FramaCExecutionTime,36.48298437499761
TotalExecutionTime,1304.2064738030022
