InputGenerationTime,0.07322397099778755
ProfilingTime,9.370745547006663
SimulationTime,5.230719922001299
FramaCExecutionTime,39.72697308399802
TotalExecutionTime,1275.2976933850005
