InputGenerationTime,0.06581077299779281
ProfilingTime,24.26787050599887
SimulationTime,16.093732383000315
FramaCExecutionTime,115.83512147400324
TotalExecutionTime,4296.321411941997
