InputGenerationTime,0.01962254600948654
ProfilingTime,10.748790985002415
SimulationTime,51.16268214999582
FramaCExecutionTime,48.34731471100531
TotalExecutionTime,1440.2400016770116
