InputGenerationTime,0.07484678299806546
ProfilingTime,10.751464326000132
SimulationTime,6.639170351001667
FramaCExecutionTime,41.74371946800238
TotalExecutionTime,1586.680894985002
