InputGenerationTime,0.11740471799566876
ProfilingTime,11.092864858990652
SimulationTime,77.0037064460048
FramaCExecutionTime,50.78784949700639
TotalExecutionTime,3124.7937551750074
