InputGenerationTime,0.07727786700706929
ProfilingTime,13.226963278008043
SimulationTime,8.262461666003219
FramaCExecutionTime,40.76006832699932
TotalExecutionTime,335.9011952830042
