InputGenerationTime,0.02927012700092746
ProfilingTime,11.942082003002724
SimulationTime,18.45906359199944
FramaCExecutionTime,59.54822582100314
TotalExecutionTime,151.0385303719995
