InputGenerationTime,0.01974974999029655
ProfilingTime,13.516057133994764
SimulationTime,52.48455872500199
FramaCExecutionTime,46.534168247992056
TotalExecutionTime,5084.428601095002
