InputGenerationTime,0.01177785099571338
ProfilingTime,13.858681614998204
SimulationTime,9.72204885899555
FramaCExecutionTime,52.82057099800295
TotalExecutionTime,2051.1187985819997
