InputGenerationTime,0.0207994360007433
ProfilingTime,9.787942768999528
SimulationTime,5.171894884999347
FramaCExecutionTime,34.9967234679998
TotalExecutionTime,1035.3121715280004
