InputGenerationTime,0.02436892400146462
ProfilingTime,15.34871392599598
SimulationTime,8.238577260999591
FramaCExecutionTime,41.515238159990986
TotalExecutionTime,151.48927542800084
