InputGenerationTime,0.01968984300037846
ProfilingTime,10.042924577006488
SimulationTime,5.5546663900022395
FramaCExecutionTime,38.81064819900348
TotalExecutionTime,504.4012425979963
