InputGenerationTime,0.06024347899983695
ProfilingTime,10.238187081999968
SimulationTime,6.846787795999262
FramaCExecutionTime,37.23784175899982
TotalExecutionTime,222.64065746699998
