InputGenerationTime,0.0301166839999496
ProfilingTime,9.874115373999302
SimulationTime,5.0549946399987675
FramaCExecutionTime,35.60818583100081
TotalExecutionTime,1476.5194252169986
