InputGenerationTime,0.03618974800338037
ProfilingTime,10.223909304011613
SimulationTime,11.742749211000046
FramaCExecutionTime,38.09326741400582
TotalExecutionTime,167.05697148999025
