InputGenerationTime,0.02632365800673142
ProfilingTime,11.27823556799558
SimulationTime,8.354435788001865
FramaCExecutionTime,39.77912241400918
TotalExecutionTime,732.5037369600032
