InputGenerationTime,0.00947702000848949
ProfilingTime,14.961368351010606
SimulationTime,56.9948709270102
FramaCExecutionTime,47.984905517994775
TotalExecutionTime,4137.402351133991
