InputGenerationTime,0.0155301419999887
ProfilingTime,10.085321083000053
SimulationTime,48.74243791200024
FramaCExecutionTime,35.18779909500063
TotalExecutionTime,2442.4603245259996
