InputGenerationTime,0.00947702000848949
ProfilingTime,12.412377539993031
SimulationTime,56.71741422399646
FramaCExecutionTime,47.984905517994775
TotalExecutionTime,4065.421515073016
