InputGenerationTime,0.02358301000094798
ProfilingTime,10.160397165998802
SimulationTime,5.442929928000012
FramaCExecutionTime,34.802208841998436
TotalExecutionTime,267.8311471799989
