InputGenerationTime,0.07647114399878774
ProfilingTime,10.19082289400103
SimulationTime,42.56872906499484
FramaCExecutionTime,39.74868804399739
TotalExecutionTime,622.2711001770076
