InputGenerationTime,0.02879062700048962
ProfilingTime,10.244318920000296
SimulationTime,7.533170136999615
FramaCExecutionTime,37.36917282200011
TotalExecutionTime,622.3729068420007
