InputGenerationTime,0.01730999299979885
ProfilingTime,10.397949686001084
SimulationTime,5.620741790000466
FramaCExecutionTime,44.544735395000316
TotalExecutionTime,213.57617209800082
