InputGenerationTime,0.06592929499993261
ProfilingTime,10.039321502999883
SimulationTime,7.953548849000072
FramaCExecutionTime,40.170672405999994
TotalExecutionTime,129.2073081200001
