InputGenerationTime,0.07484678299806546
ProfilingTime,10.309464655001648
SimulationTime,6.502517895998608
FramaCExecutionTime,41.74371946800238
TotalExecutionTime,1379.8243044150004
