InputGenerationTime,0.02913684999657562
ProfilingTime,9.934977939003147
SimulationTime,5.121641609999642
FramaCExecutionTime,35.218215351000254
TotalExecutionTime,676.7569846839979
