InputGenerationTime,0.07123787500131584
ProfilingTime,10.405182051999873
SimulationTime,5.717786454000816
FramaCExecutionTime,41.87460094400012
TotalExecutionTime,206.48111534200143
