InputGenerationTime,0.09763066199957393
ProfilingTime,10.7429887899998
SimulationTime,7.392648980996455
FramaCExecutionTime,40.35617790700053
TotalExecutionTime,764.877632872005
