InputGenerationTime,0.0155301419999887
ProfilingTime,10.019068135999987
SimulationTime,48.477953173999595
FramaCExecutionTime,35.18779909500063
TotalExecutionTime,1784.2504972839997
