InputGenerationTime,0.02429182899868465
ProfilingTime,9.93688924000162
SimulationTime,5.232387257998198
FramaCExecutionTime,45.97813112299991
TotalExecutionTime,494.69513597400146
