InputGenerationTime,0.01882177800143836
ProfilingTime,9.95329710799706
SimulationTime,5.790125364997948
FramaCExecutionTime,52.14162661100272
TotalExecutionTime,2104.319349899997
