InputGenerationTime,0.01144098601071164
ProfilingTime,9.687603141006548
SimulationTime,7.1891966330003925
FramaCExecutionTime,34.14544824699988
TotalExecutionTime,495.60932657000376
