InputGenerationTime,0.07123787500131584
ProfilingTime,10.435651598998447
SimulationTime,5.824185049999869
FramaCExecutionTime,41.87460094400012
TotalExecutionTime,253.28556223499982
