InputGenerationTime,0.08934303199930582
ProfilingTime,10.212947174994042
SimulationTime,8.71376757400867
FramaCExecutionTime,40.58022558799712
TotalExecutionTime,244.6124576729926
