InputGenerationTime,0.07192333900093217
ProfilingTime,9.940827943999466
SimulationTime,48.89625644000262
FramaCExecutionTime,39.947012405998976
TotalExecutionTime,217.84604017899983
