InputGenerationTime,0.10799351200694218
ProfilingTime,10.396734474998084
SimulationTime,7.570492351995199
FramaCExecutionTime,41.71048603999952
TotalExecutionTime,755.1516530179942
