InputGenerationTime,0.10799351200694218
ProfilingTime,9.947135605005315
SimulationTime,7.421552015002817
FramaCExecutionTime,41.71048603999952
TotalExecutionTime,614.2350797410036
