InputGenerationTime,0.02827716300089378
ProfilingTime,13.608567025999946
SimulationTime,7.422687080001197
FramaCExecutionTime,39.25252934300079
TotalExecutionTime,807.8455683920001
