InputGenerationTime,0.07647114399878774
ProfilingTime,10.369118225993589
SimulationTime,43.80805461399723
FramaCExecutionTime,39.74868804399739
TotalExecutionTime,523.2550824440114
