InputGenerationTime,0.01882177800143836
ProfilingTime,9.845205626006646
SimulationTime,5.6815187690008315
FramaCExecutionTime,52.14162661100272
TotalExecutionTime,2024.7567173409989
