InputGenerationTime,0.02913684999657562
ProfilingTime,9.668629976004013
SimulationTime,5.041633727996668
FramaCExecutionTime,35.218215351000254
TotalExecutionTime,721.6991412150019
