InputGenerationTime,0.01207756999792764
ProfilingTime,11.030429101003392
SimulationTime,56.39899848800269
FramaCExecutionTime,45.69947358400168
TotalExecutionTime,2795.5245939370034
