InputGenerationTime,0.03618974800338037
ProfilingTime,13.264328076009406
SimulationTime,2.686121701000957
FramaCExecutionTime,38.09326741400582
TotalExecutionTime,425.71529239599477
