InputGenerationTime,0.0590006890015502
ProfilingTime,8.763036329000897
SimulationTime,15.8092891410015
FramaCExecutionTime,113.22399641499942
TotalExecutionTime,4741.248502915998
