InputGenerationTime,0.07939185200120846
ProfilingTime,10.554446201000246
SimulationTime,6.091246353000315
FramaCExecutionTime,40.42274703500152
TotalExecutionTime,288.03776539799946
