InputGenerationTime,0.02879062700048962
ProfilingTime,10.242256818000897
SimulationTime,7.352190457999313
FramaCExecutionTime,37.36917282200011
TotalExecutionTime,831.1376833829991
