InputGenerationTime,0.09784811999998055
ProfilingTime,9.799806922994321
SimulationTime,7.254864122995059
FramaCExecutionTime,41.55466879501182
TotalExecutionTime,1369.766127379
