InputGenerationTime,0.06581077299779281
ProfilingTime,23.543976508000924
SimulationTime,15.670310161996895
FramaCExecutionTime,115.83512147400324
TotalExecutionTime,4444.996641016998
