InputGenerationTime,0.01003517399658449
ProfilingTime,12.030873613999574
SimulationTime,6.726523766003083
FramaCExecutionTime,46.60673828200379
TotalExecutionTime,160.98685109699727
