InputGenerationTime,0.03753126999072265
ProfilingTime,9.348007970998879
SimulationTime,8.308881432996714
FramaCExecutionTime,36.719459897998604
TotalExecutionTime,1408.7022716180072
