InputGenerationTime,0.01908354100305587
ProfilingTime,10.316596736000065
SimulationTime,5.2720820020003885
FramaCExecutionTime,45.59387044799951
TotalExecutionTime,654.4061072910008
