InputGenerationTime,0.0500389670014556
ProfilingTime,24.100507274000847
SimulationTime,15.98223674700057
FramaCExecutionTime,110.98379368699898
TotalExecutionTime,3120.8215916359986
