InputGenerationTime,0.03211433500109706
ProfilingTime,10.339276841004903
SimulationTime,49.970381298000575
FramaCExecutionTime,39.37306821200036
TotalExecutionTime,1989.322076878998
