InputGenerationTime,0.01968984300037846
ProfilingTime,10.331765123999503
SimulationTime,5.604603646002943
FramaCExecutionTime,38.81064819900348
TotalExecutionTime,488.7826384769942
