InputGenerationTime,0.01144098601071164
ProfilingTime,10.114793875007308
SimulationTime,7.541593946996727
FramaCExecutionTime,34.14544824699988
TotalExecutionTime,635.4165772370034
