InputGenerationTime,0.02311374100008834
ProfilingTime,9.759827093999775
SimulationTime,5.7228908469996895
FramaCExecutionTime,35.06249987399951
TotalExecutionTime,282.1499248990003
