InputGenerationTime,0.08211587400001008
ProfilingTime,10.268852330002119
SimulationTime,5.945817408995936
FramaCExecutionTime,42.833708010999544
TotalExecutionTime,1349.9439658269985
