InputGenerationTime,0.01962254600948654
ProfilingTime,10.798797478011693
SimulationTime,52.0092281059915
FramaCExecutionTime,48.34731471100531
TotalExecutionTime,1190.3048159300088
