InputGenerationTime,0.05913997300012852
ProfilingTime,11.32784300700041
SimulationTime,50.69229319799888
FramaCExecutionTime,42.20031672500045
TotalExecutionTime,1093.182770681
