InputGenerationTime,0.01905658200121252
ProfilingTime,10.40938969799754
SimulationTime,5.170194238999102
FramaCExecutionTime,35.78832621900074
TotalExecutionTime,1087.7429199530015
