InputGenerationTime,0.11740471799566876
ProfilingTime,11.858572793003987
SimulationTime,81.80289674899541
FramaCExecutionTime,50.78784949700639
TotalExecutionTime,1559.1166208570066
