InputGenerationTime,0.06652831399696879
ProfilingTime,9.670686487996136
SimulationTime,11.486407985998085
FramaCExecutionTime,38.49409825599287
TotalExecutionTime,262.82878473200253
