InputGenerationTime,0.0301440870098304
ProfilingTime,11.357262367004296
SimulationTime,16.158227869993425
FramaCExecutionTime,39.158365137991495
TotalExecutionTime,1420.2729869750037
