InputGenerationTime,0.01781125200795941
ProfilingTime,9.791644626995549
SimulationTime,5.663695283990819
FramaCExecutionTime,33.69016032500076
TotalExecutionTime,997.1718182379991
