InputGenerationTime,0.06373837799947069
ProfilingTime,9.966573069999868
SimulationTime,6.755245323000054
FramaCExecutionTime,37.73800484300045
TotalExecutionTime,830.9083509830007
