InputGenerationTime,0.02121638599783182
ProfilingTime,12.86388243699912
SimulationTime,6.9813161969941575
FramaCExecutionTime,42.12937589098874
TotalExecutionTime,1232.6785461359977
