InputGenerationTime,0.06024347899983695
ProfilingTime,10.338044455999807
SimulationTime,6.87566076999974
FramaCExecutionTime,37.23784175899982
TotalExecutionTime,381.30459979400075
