InputGenerationTime,0.02306895500078099
ProfilingTime,10.586278537000908
SimulationTime,5.314047951000248
FramaCExecutionTime,45.48063135499979
TotalExecutionTime,780.8554901610005
