InputGenerationTime,0.04750419400079409
ProfilingTime,36.137647604999074
SimulationTime,16.783410730997275
FramaCExecutionTime,91.2054417679974
TotalExecutionTime,704.354191335995
