InputGenerationTime,0.08286192300147377
ProfilingTime,9.769480241986457
SimulationTime,49.42210749399965
FramaCExecutionTime,39.38539788800699
TotalExecutionTime,276.0673347799893
