InputGenerationTime,0.02305058599813492
ProfilingTime,14.010901929999818
SimulationTime,9.40370761200029
FramaCExecutionTime,58.556756318001135
TotalExecutionTime,268.3436270839993
