InputGenerationTime,0.01839245700102765
ProfilingTime,9.973381582000002
SimulationTime,6.116504346999136
FramaCExecutionTime,35.089644800000315
TotalExecutionTime,212.37962719999996
