InputGenerationTime,0.01758529599464964
ProfilingTime,9.757140102003177
SimulationTime,5.168419442001323
FramaCExecutionTime,36.372605122000095
TotalExecutionTime,255.49376357000438
