InputGenerationTime,0.0385067209990666
ProfilingTime,9.85499421699933
SimulationTime,4.959618262999356
FramaCExecutionTime,37.904336684001464
TotalExecutionTime,642.2863882759993
