InputGenerationTime,0.08934303199930582
ProfilingTime,9.894237724001869
SimulationTime,8.38104442799522
FramaCExecutionTime,40.58022558799712
TotalExecutionTime,262.9418642160017
