InputGenerationTime,0.04088580200186698
ProfilingTime,10.317231028995593
SimulationTime,5.519874327997968
FramaCExecutionTime,46.09346962199925
TotalExecutionTime,545.9124057570007
