InputGenerationTime,0.02140154999869992
ProfilingTime,20.990582482001628
SimulationTime,14.692917456999567
FramaCExecutionTime,121.4568781320013
TotalExecutionTime,1673.6263080629979
