InputGenerationTime,0.02306895500078099
ProfilingTime,9.919985971999267
SimulationTime,4.924058956999943
FramaCExecutionTime,45.48063135499979
TotalExecutionTime,464.42803227499826
