InputGenerationTime,0.0613212600001134
ProfilingTime,11.434695632997318
SimulationTime,55.51328304999333
FramaCExecutionTime,40.81122030799452
TotalExecutionTime,1539.2648600690009
