InputGenerationTime,0.09801700900061405
ProfilingTime,11.268435391000821
SimulationTime,50.05090249999921
FramaCExecutionTime,38.37650828900041
TotalExecutionTime,3220.4909987480005
