InputGenerationTime,0.07727786700706929
ProfilingTime,10.60393808200024
SimulationTime,6.443659033000586
FramaCExecutionTime,40.76006832699932
TotalExecutionTime,297.71133809600724
