InputGenerationTime,0.05706629699852783
ProfilingTime,10.803400103999593
SimulationTime,6.835551973003021
FramaCExecutionTime,40.58814870099741
TotalExecutionTime,357.08755469600146
