InputGenerationTime,0.03158086500002355
ProfilingTime,9.982942696999999
SimulationTime,6.232923045000007
FramaCExecutionTime,36.47446528099999
TotalExecutionTime,586.07298624
