InputGenerationTime,0.02485292500932701
ProfilingTime,11.904539141003625
SimulationTime,8.642781741000363
FramaCExecutionTime,41.027538213995285
TotalExecutionTime,1237.4784114020003
