InputGenerationTime,0.01333866200002376
ProfilingTime,10.766154860000825
SimulationTime,5.907174116000533
FramaCExecutionTime,48.59325111399812
TotalExecutionTime,1114.2124222790007
