InputGenerationTime,0.02583890700043412
ProfilingTime,10.822921009996207
SimulationTime,51.46531058200344
FramaCExecutionTime,39.279005670003244
TotalExecutionTime,6137.9878484329965
