InputGenerationTime,0.01600631699989208
ProfilingTime,11.048095645000103
SimulationTime,6.393760201000077
FramaCExecutionTime,36.088396689999854
TotalExecutionTime,416.22684480299995
