InputGenerationTime,0.0500389670014556
ProfilingTime,27.327066936999472
SimulationTime,19.084983672000817
FramaCExecutionTime,110.98379368699898
TotalExecutionTime,2572.9884834639997
