InputGenerationTime,0.06465608299913583
ProfilingTime,9.493325622002885
SimulationTime,4.934235205997538
FramaCExecutionTime,38.55570130500564
TotalExecutionTime,510.82707323799696
