InputGenerationTime,0.10154341699671932
ProfilingTime,10.449516234002658
SimulationTime,12.13602552600787
FramaCExecutionTime,42.076754936002544
TotalExecutionTime,2498.7310855329997
