InputGenerationTime,0.01039334099914413
ProfilingTime,9.827045402002113
SimulationTime,4.842216757002461
FramaCExecutionTime,36.1268426799943
TotalExecutionTime,848.0976637810018
