InputGenerationTime,0.08479241801251192
ProfilingTime,20.138674344998435
SimulationTime,6.509098337992327
FramaCExecutionTime,41.54485546500655
TotalExecutionTime,793.3642177959991
