InputGenerationTime,0.012637748999623
ProfilingTime,12.616298108001502
SimulationTime,48.56517599700237
FramaCExecutionTime,57.36715431099947
TotalExecutionTime,2578.0082893599993
