InputGenerationTime,0.06730768499983242
ProfilingTime,10.146105027997692
SimulationTime,9.878231290000258
FramaCExecutionTime,40.06123223099894
TotalExecutionTime,835.5791851550002
