InputGenerationTime,0.03168364300108806
ProfilingTime,12.208682038999541
SimulationTime,5.92152303200055
FramaCExecutionTime,52.581870406000235
TotalExecutionTime,529.2724095280009
