InputGenerationTime,0.10154341699671932
ProfilingTime,10.101995347999036
SimulationTime,14.16888770199148
FramaCExecutionTime,42.076754936002544
TotalExecutionTime,2577.323572260997
