InputGenerationTime,0.01682621199870482
ProfilingTime,13.981824192000204
SimulationTime,7.846212197007844
FramaCExecutionTime,42.423894251012825
TotalExecutionTime,1996.7624677519925
