InputGenerationTime,0.03753126999072265
ProfilingTime,9.602536674006842
SimulationTime,9.6701922200009
FramaCExecutionTime,36.719459897998604
TotalExecutionTime,1543.7289569910063
