InputGenerationTime,0.03211433500109706
ProfilingTime,11.080890826997347
SimulationTime,49.72022760699474
FramaCExecutionTime,39.37306821200036
TotalExecutionTime,1624.749131411998
