InputGenerationTime,0.02927012700092746
ProfilingTime,12.047358240000904
SimulationTime,18.360852847999922
FramaCExecutionTime,59.54822582100314
TotalExecutionTime,89.99511182499919
