InputGenerationTime,0.02140154999869992
ProfilingTime,23.354059484998288
SimulationTime,17.17453291700076
FramaCExecutionTime,121.4568781320013
TotalExecutionTime,1753.7910026559985
