InputGenerationTime,0.08946731199102942
ProfilingTime,11.151990368991392
SimulationTime,11.24175172499963
FramaCExecutionTime,41.71104338199075
TotalExecutionTime,348.5020633269887
