InputGenerationTime,0.10177876400121022
ProfilingTime,10.273283289003302
SimulationTime,7.42366027701064
FramaCExecutionTime,40.503118693988654
TotalExecutionTime,1094.5547591520008
