InputGenerationTime,0.01144098601071164
ProfilingTime,10.15155873200274
SimulationTime,7.503262735990575
FramaCExecutionTime,34.14544824699988
TotalExecutionTime,564.8426759479917
