InputGenerationTime,0.03444526500243228
ProfilingTime,10.927442574000452
SimulationTime,6.022144510992803
FramaCExecutionTime,52.18555356100842
TotalExecutionTime,137.36588220599515
