InputGenerationTime,0.06281015000058687
ProfilingTime,9.781215561000863
SimulationTime,5.26250116600022
FramaCExecutionTime,39.76741987800051
TotalExecutionTime,1550.064554081
