InputGenerationTime,0.01951889699921594
ProfilingTime,10.030581980001443
SimulationTime,5.079524839000442
FramaCExecutionTime,35.60998623500018
TotalExecutionTime,333.3959117389986
