InputGenerationTime,0.01968984300037846
ProfilingTime,10.167999365003197
SimulationTime,5.623073284004931
FramaCExecutionTime,38.81064819900348
TotalExecutionTime,472.81284170599974
