InputGenerationTime,0.01882177800143836
ProfilingTime,9.773310151998885
SimulationTime,5.5492104350050795
FramaCExecutionTime,52.14162661100272
TotalExecutionTime,2072.7763392989946
