InputGenerationTime,0.06373837799947069
ProfilingTime,9.994855916000233
SimulationTime,6.515508624999711
FramaCExecutionTime,37.73800484300045
TotalExecutionTime,551.0486725159999
