InputGenerationTime,0.10587871700408868
ProfilingTime,10.4253288339969
SimulationTime,50.43830558199261
FramaCExecutionTime,43.57780704900506
TotalExecutionTime,2213.0529561000003
