InputGenerationTime,0.02195946400752291
ProfilingTime,14.079594214010285
SimulationTime,55.714877283026
FramaCExecutionTime,50.55869247901137
TotalExecutionTime,5994.238027179992
