InputGenerationTime,0.02493770999899425
ProfilingTime,9.336071700001412
SimulationTime,6.238290715000403
FramaCExecutionTime,35.02617612699942
TotalExecutionTime,1488.5120947199994
