InputGenerationTime,0.01968984300037846
ProfilingTime,10.180221582995728
SimulationTime,5.826654017000692
FramaCExecutionTime,38.81064819900348
TotalExecutionTime,568.9809256409935
