InputGenerationTime,0.05692466000073182
ProfilingTime,9.955515924000792
SimulationTime,5.948986982999486
FramaCExecutionTime,39.214578377999715
TotalExecutionTime,1630.4078095510013
