InputGenerationTime,0.01877888300077757
ProfilingTime,12.189467881999008
SimulationTime,16.978609082998446
FramaCExecutionTime,59.614060054998845
TotalExecutionTime,415.44166755900005
