InputGenerationTime,0.06592929499993261
ProfilingTime,10.797953182000128
SimulationTime,8.284039440000015
FramaCExecutionTime,40.170672405999994
TotalExecutionTime,403.59382972000003
