InputGenerationTime,0.01600631699989208
ProfilingTime,11.007522388000098
SimulationTime,6.551269026999989
FramaCExecutionTime,36.088396689999854
TotalExecutionTime,297.02291427600017
