InputGenerationTime,0.08442942600049719
ProfilingTime,9.991234692000035
SimulationTime,6.822818052000002
FramaCExecutionTime,38.66163072400013
TotalExecutionTime,1580.6487632860008
