InputGenerationTime,0.02493770999899425
ProfilingTime,9.228769286999523
SimulationTime,6.041476148000584
FramaCExecutionTime,35.02617612699942
TotalExecutionTime,1395.1047264469998
