InputGenerationTime,0.02041564299724996
ProfilingTime,10.701515631997609
SimulationTime,6.578181859003962
FramaCExecutionTime,48.29850274599448
TotalExecutionTime,1707.5383679719962
