InputGenerationTime,0.02121638599783182
ProfilingTime,12.997080760993413
SimulationTime,6.8519947530003265
FramaCExecutionTime,42.12937589098874
TotalExecutionTime,1252.5624537450058
