InputGenerationTime,0.07990379400143865
ProfilingTime,10.84616451399961
SimulationTime,6.7870538600000145
FramaCExecutionTime,39.39046175999829
TotalExecutionTime,311.62496921800084
