InputGenerationTime,0.03070392999507021
ProfilingTime,12.707344736001687
SimulationTime,6.796061098008067
FramaCExecutionTime,43.51740340801189
TotalExecutionTime,1170.6250697170035
