InputGenerationTime,0.0590006890015502
ProfilingTime,11.278569437999977
SimulationTime,16.933929377999448
FramaCExecutionTime,113.22399641499942
TotalExecutionTime,4879.958472859998
