InputGenerationTime,0.0500389670014556
ProfilingTime,24.09626044000106
SimulationTime,16.60758940099913
FramaCExecutionTime,110.98379368699898
TotalExecutionTime,3404.042535544999
