InputGenerationTime,0.05706629699852783
ProfilingTime,10.013348674001463
SimulationTime,6.233883214001253
FramaCExecutionTime,40.58814870099741
TotalExecutionTime,442.6322741490003
