InputGenerationTime,0.08069114800036914
ProfilingTime,9.895598099000381
SimulationTime,6.88690968300034
FramaCExecutionTime,37.93133167399992
TotalExecutionTime,1269.2190739370008
