InputGenerationTime,0.02305058599813492
ProfilingTime,11.911220457001036
SimulationTime,7.325532563001616
FramaCExecutionTime,58.556756318001135
TotalExecutionTime,77.82299209199846
