InputGenerationTime,0.0658009869948728
ProfilingTime,9.857322547992226
SimulationTime,11.267463119002059
FramaCExecutionTime,40.643793021998135
TotalExecutionTime,846.4279604289914
