InputGenerationTime,0.02332559400019818
ProfilingTime,10.280277765999926
SimulationTime,6.594123748996935
FramaCExecutionTime,45.93521431100089
TotalExecutionTime,810.8674134600005
