InputGenerationTime,0.02688553600000887
ProfilingTime,11.246624301999987
SimulationTime,6.975584636000008
FramaCExecutionTime,36.49362706299996
TotalExecutionTime,759.037365166
