InputGenerationTime,0.02358301000094798
ProfilingTime,10.192148516001907
SimulationTime,2.8025719659999595
FramaCExecutionTime,34.802208841998436
TotalExecutionTime,312.24147552699833
