InputGenerationTime,0.02938545899814926
ProfilingTime,10.404564312004368
SimulationTime,6.781919779998134
FramaCExecutionTime,38.626025493998895
TotalExecutionTime,16103.775330531
