InputGenerationTime,0.02485292500932701
ProfilingTime,12.147648405996733
SimulationTime,8.960201818001224
FramaCExecutionTime,41.027538213995285
TotalExecutionTime,1156.7627371080016
