InputGenerationTime,0.057158976997016
ProfilingTime,9.811143589002313
SimulationTime,11.620652462996077
FramaCExecutionTime,37.9393298319992
TotalExecutionTime,508.9689467060016
