InputGenerationTime,0.057158976997016
ProfilingTime,9.457003008996253
SimulationTime,8.778648753999732
FramaCExecutionTime,37.9393298319992
TotalExecutionTime,56.23747406899929
