InputGenerationTime,0.05692466000073182
ProfilingTime,9.887053016000209
SimulationTime,6.223322010999254
FramaCExecutionTime,39.214578377999715
TotalExecutionTime,1463.3716901770003
