InputGenerationTime,0.08211587400001008
ProfilingTime,10.579267446999438
SimulationTime,6.032074779999675
FramaCExecutionTime,42.833708010999544
TotalExecutionTime,1333.6908398059968
