InputGenerationTime,0.06190480099940032
ProfilingTime,10.72225993199936
SimulationTime,6.553176981999059
FramaCExecutionTime,40.04177317700123
TotalExecutionTime,848.9143035420002
