InputGenerationTime,0.01594695199310081
ProfilingTime,10.759248248999938
SimulationTime,3.0294335420039715
FramaCExecutionTime,46.48600257499493
TotalExecutionTime,778.0116172039998
