InputGenerationTime,0.057158976997016
ProfilingTime,10.337871755000378
SimulationTime,19.15287602999888
FramaCExecutionTime,37.9393298319992
TotalExecutionTime,253.68942770000285
