InputGenerationTime,0.05998602900035621
ProfilingTime,10.198364709000089
SimulationTime,6.023738764999507
FramaCExecutionTime,38.65595949999988
TotalExecutionTime,1198.0023837780009
