InputGenerationTime,0.01600631699989208
ProfilingTime,11.10213695099992
SimulationTime,6.7249119850000625
FramaCExecutionTime,36.088396689999854
TotalExecutionTime,262.72061792800014
