InputGenerationTime,0.02398628399896552
ProfilingTime,11.887692848002189
SimulationTime,7.353529374999198
FramaCExecutionTime,56.596672714000306
TotalExecutionTime,1196.5059405700013
