InputGenerationTime,0.01207756999792764
ProfilingTime,11.105013241998677
SimulationTime,54.04034520899586
FramaCExecutionTime,45.69947358400168
TotalExecutionTime,2860.728538291998
