InputGenerationTime,0.03148683500012339
ProfilingTime,10.376584691000062
SimulationTime,6.443750416000057
FramaCExecutionTime,43.64821819200006
TotalExecutionTime,610.6388711049999
