InputGenerationTime,0.10100196998973843
ProfilingTime,9.72137609499623
SimulationTime,11.645471916999668
FramaCExecutionTime,42.211014248998254
TotalExecutionTime,1064.491260402996
