InputGenerationTime,0.0159012049989542
ProfilingTime,11.922024450002937
SimulationTime,6.8816155410022475
FramaCExecutionTime,48.892538050997246
TotalExecutionTime,805.9080988909991
