InputGenerationTime,0.0223144050000883
ProfilingTime,11.591534148999926
SimulationTime,6.944415340999967
FramaCExecutionTime,35.90068683499999
TotalExecutionTime,1064.200166279
