InputGenerationTime,0.012637748999623
ProfilingTime,12.26414765499976
SimulationTime,48.54039483199995
FramaCExecutionTime,57.36715431099947
TotalExecutionTime,1831.3365760139986
