InputGenerationTime,0.01306821499929356
ProfilingTime,10.144641873001092
SimulationTime,5.5065072319994215
FramaCExecutionTime,36.68536588400093
TotalExecutionTime,128.88279877600144
