InputGenerationTime,0.06381965599939576
ProfilingTime,10.46438160499929
SimulationTime,6.742364435000127
FramaCExecutionTime,40.0604183079995
TotalExecutionTime,780.6134776279996
