InputGenerationTime,0.02913684999657562
ProfilingTime,9.653162389993668
SimulationTime,5.072004316003586
FramaCExecutionTime,35.218215351000254
TotalExecutionTime,482.68324670300353
