InputGenerationTime,0.02913684999657562
ProfilingTime,9.942963831999805
SimulationTime,4.996113189001335
FramaCExecutionTime,35.218215351000254
TotalExecutionTime,706.9525220119976
