InputGenerationTime,0.03914463899855036
ProfilingTime,14.497713215001568
SimulationTime,7.440614070001175
FramaCExecutionTime,48.82799473100022
TotalExecutionTime,1016.4824110289992
