InputGenerationTime,0.09784811999998055
ProfilingTime,9.662303913995856
SimulationTime,6.9998321309976745
FramaCExecutionTime,41.55466879501182
TotalExecutionTime,1318.6753589099972
