InputGenerationTime,0.12183218299469445
ProfilingTime,10.56348514399724
SimulationTime,58.27568698899995
FramaCExecutionTime,43.303145281999605
TotalExecutionTime,1138.089589315001
