InputGenerationTime,0.0155301419999887
ProfilingTime,9.83847541600062
SimulationTime,48.10989628100015
FramaCExecutionTime,35.18779909500063
TotalExecutionTime,2018.1608685379997
