InputGenerationTime,0.07852797899977304
ProfilingTime,10.955786503996933
SimulationTime,11.317787808991852
FramaCExecutionTime,48.29240481999295
TotalExecutionTime,612.1876288759959
