InputGenerationTime,0.06373837799947069
ProfilingTime,9.638893389000259
SimulationTime,6.472327720999601
FramaCExecutionTime,37.73800484300045
TotalExecutionTime,534.5154693730001
