InputGenerationTime,0.0590006890015502
ProfilingTime,11.042757126000652
SimulationTime,16.920043124002405
FramaCExecutionTime,113.22399641499942
TotalExecutionTime,4795.267388789998
