InputGenerationTime,0.11015815800055861
ProfilingTime,14.414463395994972
SimulationTime,4.538552522004466
FramaCExecutionTime,48.40303555400169
TotalExecutionTime,2582.0862522879906
