InputGenerationTime,0.01695346001361031
ProfilingTime,12.683264188002795
SimulationTime,53.25986501399893
FramaCExecutionTime,51.14702446399315
TotalExecutionTime,715.0134452420025
