InputGenerationTime,0.05265666600462282
ProfilingTime,10.90207793800073
SimulationTime,6.2928531560028205
FramaCExecutionTime,41.49356549300137
TotalExecutionTime,1059.7573068240017
