InputGenerationTime,0.06673658799991244
ProfilingTime,11.099897621999844
SimulationTime,6.539454861000195
FramaCExecutionTime,40.517046983
TotalExecutionTime,625.4886194240003
