InputGenerationTime,0.0745205179991899
ProfilingTime,10.04028704999655
SimulationTime,5.721681457012892
FramaCExecutionTime,41.4757383850083
TotalExecutionTime,801.4486103639938
