InputGenerationTime,0.02305058599813492
ProfilingTime,13.680999406002229
SimulationTime,8.805491463997896
FramaCExecutionTime,58.556756318001135
TotalExecutionTime,542.7694948799981
