InputGenerationTime,0.01543552200018894
ProfilingTime,15.18587744999968
SimulationTime,54.495772338996176
FramaCExecutionTime,39.881633352997596
TotalExecutionTime,725.2259378400049
