InputGenerationTime,0.02131568200275069
ProfilingTime,10.496962483994139
SimulationTime,6.409591957002704
FramaCExecutionTime,37.40565201899881
TotalExecutionTime,758.5088769709982
