InputGenerationTime,0.01605060899964883
ProfilingTime,12.036822039997787
SimulationTime,17.207994275999226
FramaCExecutionTime,55.23388443600197
TotalExecutionTime,627.171475430001
