InputGenerationTime,0.08069114800036914
ProfilingTime,10.439411977999953
SimulationTime,7.221431507000489
FramaCExecutionTime,37.93133167399992
TotalExecutionTime,1286.9129850660001
