InputGenerationTime,0.11479880199476611
ProfilingTime,10.190744897001423
SimulationTime,8.881852942999103
FramaCExecutionTime,42.08872573199915
TotalExecutionTime,1784.584803300997
