InputGenerationTime,0.02305058599813492
ProfilingTime,18.07219915499809
SimulationTime,12.680470945000707
FramaCExecutionTime,58.556756318001135
TotalExecutionTime,454.7894268589989
