InputGenerationTime,0.02583890700043412
ProfilingTime,10.73447374800162
SimulationTime,51.83115217000159
FramaCExecutionTime,39.279005670003244
TotalExecutionTime,6215.491585224998
