InputGenerationTime,0.01877888300077757
ProfilingTime,13.993191383000521
SimulationTime,16.93639574899862
FramaCExecutionTime,59.614060054998845
TotalExecutionTime,620.2231736920003
