InputGenerationTime,0.02041564299724996
ProfilingTime,10.74290853299317
SimulationTime,6.490642531003687
FramaCExecutionTime,48.29850274599448
TotalExecutionTime,1464.879409811998
