InputGenerationTime,0.07492488600109937
ProfilingTime,10.839350934998947
SimulationTime,6.8712059980025515
FramaCExecutionTime,42.08125151599961
TotalExecutionTime,1095.1081801589971
