InputGenerationTime,0.02306895500078099
ProfilingTime,10.36077113599822
SimulationTime,5.458086945000105
FramaCExecutionTime,45.48063135499979
TotalExecutionTime,635.4409360239988
