InputGenerationTime,0.07939185200120846
ProfilingTime,10.646788455000205
SimulationTime,6.3781791719993635
FramaCExecutionTime,40.42274703500152
TotalExecutionTime,255.27654274499946
