InputGenerationTime,0.01951889699921594
ProfilingTime,9.659446404999471
SimulationTime,4.669978222998907
FramaCExecutionTime,35.60998623500018
TotalExecutionTime,64.25411972499933
