InputGenerationTime,0.01144098601071164
ProfilingTime,10.18469716400432
SimulationTime,7.87551179699949
FramaCExecutionTime,34.14544824699988
TotalExecutionTime,759.1226311439968
