InputGenerationTime,0.07630812800016429
ProfilingTime,10.512951434999195
SimulationTime,6.924350375000358
FramaCExecutionTime,39.353945180000665
TotalExecutionTime,298.6182106720007
