InputGenerationTime,0.11606005700014066
ProfilingTime,9.961035044994787
SimulationTime,49.49273622999317
FramaCExecutionTime,42.19512809099979
TotalExecutionTime,220.3747175039898
