InputGenerationTime,0.02306973400118295
ProfilingTime,9.724033056001645
SimulationTime,47.20155026499924
FramaCExecutionTime,34.95365613299873
TotalExecutionTime,837.6420217539999
