InputGenerationTime,0.10100196998973843
ProfilingTime,9.837155621004058
SimulationTime,11.386717793997377
FramaCExecutionTime,42.211014248998254
TotalExecutionTime,777.1254739750002
