InputGenerationTime,0.01951889699921594
ProfilingTime,10.035031949000768
SimulationTime,5.059592670000711
FramaCExecutionTime,35.60998623500018
TotalExecutionTime,363.36113474800004
