InputGenerationTime,0.01962254600948654
ProfilingTime,10.737581844005035
SimulationTime,51.47059358400293
FramaCExecutionTime,48.34731471100531
TotalExecutionTime,296.9312629240012
