InputGenerationTime,0.02358301000094798
ProfilingTime,10.17064598700017
SimulationTime,5.52000957600103
FramaCExecutionTime,34.802208841998436
TotalExecutionTime,327.96677641399765
