InputGenerationTime,0.01046458700147923
ProfilingTime,9.464371758003836
SimulationTime,5.410465287000989
FramaCExecutionTime,35.76380379799957
TotalExecutionTime,1228.4812985850003
