InputGenerationTime,0.0500389670014556
ProfilingTime,28.677098772001045
SimulationTime,16.89265057600278
FramaCExecutionTime,110.98379368699898
TotalExecutionTime,3166.516703369998
