InputGenerationTime,0.0613212600001134
ProfilingTime,11.642745871009538
SimulationTime,56.25597235500754
FramaCExecutionTime,40.81122030799452
TotalExecutionTime,778.2576378109952
