InputGenerationTime,0.04271512100240216
ProfilingTime,26.271281429999362
SimulationTime,20.650431990998186
FramaCExecutionTime,140.39492750800127
TotalExecutionTime,2710.5442970219992
