InputGenerationTime,0.05992229399998905
ProfilingTime,10.3905027800065
SimulationTime,6.222949030998279
FramaCExecutionTime,40.947449245002645
TotalExecutionTime,818.8678081629987
