InputGenerationTime,0.0207994360007433
ProfilingTime,9.62431104999996
SimulationTime,5.113555421000456
FramaCExecutionTime,34.9967234679998
TotalExecutionTime,1110.686053292
