InputGenerationTime,0.03168364300108806
ProfilingTime,11.37207644800037
SimulationTime,6.14539920399875
FramaCExecutionTime,52.581870406000235
TotalExecutionTime,708.4593510240011
