InputGenerationTime,0.07727786700706929
ProfilingTime,10.122601801995188
SimulationTime,5.8055779059941415
FramaCExecutionTime,40.76006832699932
TotalExecutionTime,119.3959111419972
