InputGenerationTime,0.02938545899814926
ProfilingTime,10.574517151995678
SimulationTime,6.574376931996085
FramaCExecutionTime,38.626025493998895
TotalExecutionTime,16290.400717257002
