InputGenerationTime,0.02436892400146462
ProfilingTime,16.560507191999932
SimulationTime,9.282928892003838
FramaCExecutionTime,41.515238159990986
TotalExecutionTime,496.18400345600094
