InputGenerationTime,0.01543552200018894
ProfilingTime,14.118965565008693
SimulationTime,52.172887398992316
FramaCExecutionTime,39.881633352997596
TotalExecutionTime,307.69120080399443
