InputGenerationTime,0.03444526500243228
ProfilingTime,10.994653446003213
SimulationTime,6.286323523003375
FramaCExecutionTime,52.18555356100842
TotalExecutionTime,242.60212904900254
