InputGenerationTime,0.07322397099778755
ProfilingTime,9.537786300003063
SimulationTime,5.2650616969986
FramaCExecutionTime,39.72697308399802
TotalExecutionTime,1634.761546339003
