InputGenerationTime,0.03238737300853245
ProfilingTime,11.59080361299857
SimulationTime,7.697131578010158
FramaCExecutionTime,43.14403645200946
TotalExecutionTime,881.4273317519983
