InputGenerationTime,0.0301440870098304
ProfilingTime,11.71963908500038
SimulationTime,15.684798499001772
FramaCExecutionTime,39.158365137991495
TotalExecutionTime,1447.7126575660077
