InputGenerationTime,0.00947702000848949
ProfilingTime,13.073645850003231
SimulationTime,51.94098003199906
FramaCExecutionTime,47.984905517994775
TotalExecutionTime,3364.885022071001
