InputGenerationTime,0.02879062700048962
ProfilingTime,10.150094807000642
SimulationTime,7.483534087999942
FramaCExecutionTime,37.36917282200011
TotalExecutionTime,866.2656417600001
