InputGenerationTime,0.02583890700043412
ProfilingTime,10.821792818001995
SimulationTime,52.67813745300373
FramaCExecutionTime,39.279005670003244
TotalExecutionTime,5762.924930494002
