InputGenerationTime,0.06024347899983695
ProfilingTime,9.846166434000224
SimulationTime,6.404563146000328
FramaCExecutionTime,37.23784175899982
TotalExecutionTime,85.96769676400072
