InputGenerationTime,0.06693528000323568
ProfilingTime,10.908669429991278
SimulationTime,52.549771933001466
FramaCExecutionTime,41.80391053999483
TotalExecutionTime,5022.784957561998
