InputGenerationTime,0.11606005700014066
ProfilingTime,10.195765112992376
SimulationTime,50.71146283100825
FramaCExecutionTime,42.19512809099979
TotalExecutionTime,881.8901408439997
