InputGenerationTime,0.06097441100064316
ProfilingTime,10.044093865999457
SimulationTime,48.55322600300133
FramaCExecutionTime,39.61232570200082
TotalExecutionTime,1462.1746044340034
