InputGenerationTime,0.01968984300037846
ProfilingTime,10.210394078996615
SimulationTime,5.70687479100161
FramaCExecutionTime,38.81064819900348
TotalExecutionTime,633.2419820119976
