InputGenerationTime,0.05377575800230261
ProfilingTime,9.904985080996994
SimulationTime,6.007936753005197
FramaCExecutionTime,38.171050539000134
TotalExecutionTime,1056.3305909839983
