InputGenerationTime,0.06673658799991244
ProfilingTime,10.329026715000055
SimulationTime,6.228178948999812
FramaCExecutionTime,40.517046983
TotalExecutionTime,694.8653158860002
