InputGenerationTime,0.05706629699852783
ProfilingTime,10.428882454005361
SimulationTime,6.469455753998773
FramaCExecutionTime,40.58814870099741
TotalExecutionTime,247.3801167499987
