InputGenerationTime,0.04653632100234972
ProfilingTime,10.695932798000285
SimulationTime,52.13462290400639
FramaCExecutionTime,41.64242968399776
TotalExecutionTime,3273.9218434139984
