InputGenerationTime,0.02154857700043067
ProfilingTime,10.275058359000468
SimulationTime,48.87617422199946
FramaCExecutionTime,36.822960536999744
TotalExecutionTime,1801.7340193279997
