InputGenerationTime,0.07492488600109937
ProfilingTime,10.790791481995257
SimulationTime,6.850078265997581
FramaCExecutionTime,42.08125151599961
TotalExecutionTime,1304.7103906940029
