InputGenerationTime,0.11202836499433033
ProfilingTime,10.33757001599588
SimulationTime,6.791996258005383
FramaCExecutionTime,39.724936091995914
TotalExecutionTime,139.65958938299445
