InputGenerationTime,0.03125360700141755
ProfilingTime,14.449871758999507
SimulationTime,9.520550105000439
FramaCExecutionTime,56.99454582999897
TotalExecutionTime,1849.736107806002
