InputGenerationTime,0.05692466000073182
ProfilingTime,9.7485951009985
SimulationTime,6.542700447000243
FramaCExecutionTime,39.214578377999715
TotalExecutionTime,1413.4393316730002
