InputGenerationTime,0.09513172299193684
ProfilingTime,10.07026044500526
SimulationTime,49.48639258299954
FramaCExecutionTime,42.57547555399651
TotalExecutionTime,5432.639562254
