InputGenerationTime,0.04750419400079409
ProfilingTime,19.243162795995886
SimulationTime,11.062584430997958
FramaCExecutionTime,91.2054417679974
TotalExecutionTime,152.16852071199537
