InputGenerationTime,0.08442942600049719
ProfilingTime,14.446936399999686
SimulationTime,8.303079156000422
FramaCExecutionTime,38.66163072400013
TotalExecutionTime,1658.9409153390006
