InputGenerationTime,0.03753126999072265
ProfilingTime,10.366561923001427
SimulationTime,11.54822667800181
FramaCExecutionTime,36.719459897998604
TotalExecutionTime,1794.9939097960014
