InputGenerationTime,0.06592929499993261
ProfilingTime,10.484825708000244
SimulationTime,8.033204505999947
FramaCExecutionTime,40.170672405999994
TotalExecutionTime,328.07073922400014
