InputGenerationTime,0.01121654300368391
ProfilingTime,15.07368740599486
SimulationTime,3.2733011300006183
FramaCExecutionTime,48.89147891699395
TotalExecutionTime,1944.4692817140021
