InputGenerationTime,0.06673658799991244
ProfilingTime,10.196807933999935
SimulationTime,8.11990379000008
FramaCExecutionTime,40.517046983
TotalExecutionTime,661.1170023760001
