InputGenerationTime,0.07123787500131584
ProfilingTime,10.896247462000247
SimulationTime,5.695869772000151
FramaCExecutionTime,41.87460094400012
TotalExecutionTime,302.9252586319999
