InputGenerationTime,0.06674171199847478
ProfilingTime,10.289093977989978
SimulationTime,49.70909463700082
FramaCExecutionTime,40.77649916699738
TotalExecutionTime,2453.340599711999
