InputGenerationTime,0.06687718700050027
ProfilingTime,10.546985184000732
SimulationTime,7.2271780200007925
FramaCExecutionTime,39.48932267499913
TotalExecutionTime,700.2873319890004
