InputGenerationTime,0.08946731199102942
ProfilingTime,10.296449722009129
SimulationTime,9.737232985993614
FramaCExecutionTime,41.71104338199075
TotalExecutionTime,202.22119892699993
