InputGenerationTime,0.11740471799566876
ProfilingTime,11.373186904995237
SimulationTime,78.59318428799452
FramaCExecutionTime,50.78784949700639
TotalExecutionTime,2657.7577155290055
