InputGenerationTime,0.01328051500604488
ProfilingTime,15.808900821008137
SimulationTime,8.985616532998392
FramaCExecutionTime,41.48226086300565
TotalExecutionTime,195.18477106299542
