InputGenerationTime,0.0385067209990666
ProfilingTime,10.356736800000363
SimulationTime,5.590501537999444
FramaCExecutionTime,37.904336684001464
TotalExecutionTime,580.5701769570005
