InputGenerationTime,0.02354438200018194
ProfilingTime,10.306954225000027
SimulationTime,5.66336841500015
FramaCExecutionTime,36.64489351900011
TotalExecutionTime,749.554330599
