InputGenerationTime,0.03064069100219058
ProfilingTime,10.083352485002251
SimulationTime,6.076401721998991
FramaCExecutionTime,34.7892839849992
TotalExecutionTime,513.7602496479994
