InputGenerationTime,0.02121638599783182
ProfilingTime,15.594441591005307
SimulationTime,8.294128450012067
FramaCExecutionTime,42.12937589098874
TotalExecutionTime,1632.1729044499953
