InputGenerationTime,0.09763066199957393
ProfilingTime,10.063351199998579
SimulationTime,6.845455102004053
FramaCExecutionTime,40.35617790700053
TotalExecutionTime,571.0921168130008
