InputGenerationTime,0.0738430739947944
ProfilingTime,11.512237179995282
SimulationTime,8.959680630003277
FramaCExecutionTime,42.79753851800342
TotalExecutionTime,1818.685164978997
