InputGenerationTime,0.01039334099914413
ProfilingTime,10.055680017998384
SimulationTime,5.29502122199483
FramaCExecutionTime,36.1268426799943
TotalExecutionTime,984.2566253160039
