InputGenerationTime,0.02121638599783182
ProfilingTime,14.501043292009854
SimulationTime,9.304094606995932
FramaCExecutionTime,42.12937589098874
TotalExecutionTime,1360.7391163919965
