InputGenerationTime,0.09603555100329686
ProfilingTime,9.56599393299257
SimulationTime,5.8133123830048135
FramaCExecutionTime,41.09978809001041
TotalExecutionTime,997.4406684340065
