InputGenerationTime,0.02481988799991086
ProfilingTime,9.989825577999
SimulationTime,6.468060103998141
FramaCExecutionTime,34.30475738699897
TotalExecutionTime,1489.5732616060013
