InputGenerationTime,0.07939185200120846
ProfilingTime,10.4285803570001
SimulationTime,5.816760577999958
FramaCExecutionTime,40.42274703500152
TotalExecutionTime,390.27948739400017
