InputGenerationTime,0.05998602900035621
ProfilingTime,9.772495768000226
SimulationTime,5.698485322000124
FramaCExecutionTime,38.65595949999988
TotalExecutionTime,1213.501971066
