InputGenerationTime,0.02827716300089378
ProfilingTime,12.033191196998814
SimulationTime,6.330170982000709
FramaCExecutionTime,39.25252934300079
TotalExecutionTime,1071.0311471719979
