InputGenerationTime,0.01177785099571338
ProfilingTime,11.420567116998427
SimulationTime,6.649380517999816
FramaCExecutionTime,52.82057099800295
TotalExecutionTime,1817.817771482005
