InputGenerationTime,0.01877888300077757
ProfilingTime,12.003391238002223
SimulationTime,16.421154126001056
FramaCExecutionTime,59.614060054998845
TotalExecutionTime,475.7189458449975
