InputGenerationTime,0.09784811999998055
ProfilingTime,9.812579830002505
SimulationTime,7.618356113991467
FramaCExecutionTime,41.55466879501182
TotalExecutionTime,1531.2915907319984
