InputGenerationTime,0.02187398799287621
ProfilingTime,9.9881241999974
SimulationTime,7.542443539001397
FramaCExecutionTime,33.94771063499502
TotalExecutionTime,377.2639536850038
