InputGenerationTime,0.01594695199310081
ProfilingTime,10.272610731000896
SimulationTime,6.056347897996602
FramaCExecutionTime,46.48600257499493
TotalExecutionTime,526.333842340995
