InputGenerationTime,0.02131568200275069
ProfilingTime,10.504916587997286
SimulationTime,6.3128555820003385
FramaCExecutionTime,37.40565201899881
TotalExecutionTime,678.0691954909998
