InputGenerationTime,0.01414316500449786
ProfilingTime,10.493091195006855
SimulationTime,5.693355941999471
FramaCExecutionTime,36.11738900899945
TotalExecutionTime,512.2448217089986
