InputGenerationTime,0.0763670619999175
ProfilingTime,10.43709714999568
SimulationTime,7.166639642993687
FramaCExecutionTime,39.75321220000478
TotalExecutionTime,141.77403245600726
