InputGenerationTime,0.06730768499983242
ProfilingTime,10.626681822999672
SimulationTime,10.666402033999475
FramaCExecutionTime,40.06123223099894
TotalExecutionTime,942.8609407460008
