InputGenerationTime,0.01333866200002376
ProfilingTime,10.715267804000177
SimulationTime,6.382254059994011
FramaCExecutionTime,48.59325111399812
TotalExecutionTime,1148.4898823980038
