InputGenerationTime,0.02429182899868465
ProfilingTime,10.262653482001042
SimulationTime,5.1746465809992515
FramaCExecutionTime,45.97813112299991
TotalExecutionTime,761.5795433180028
