InputGenerationTime,0.06730768499983242
ProfilingTime,9.85895595799957
SimulationTime,9.662666579999495
FramaCExecutionTime,40.06123223099894
TotalExecutionTime,1024.3311811660005
