InputGenerationTime,0.02227763999690069
ProfilingTime,11.337428569000622
SimulationTime,6.90767998299998
FramaCExecutionTime,40.6428507610035
TotalExecutionTime,856.883585178999
