InputGenerationTime,0.03618974800338037
ProfilingTime,10.329570731992135
SimulationTime,11.838384813003358
FramaCExecutionTime,38.09326741400582
TotalExecutionTime,277.99169499299023
