InputGenerationTime,0.08211587400001008
ProfilingTime,10.485862225999881
SimulationTime,6.292759649004438
FramaCExecutionTime,42.833708010999544
TotalExecutionTime,1674.231934344003
