InputGenerationTime,0.01695346001361031
ProfilingTime,13.717773408003268
SimulationTime,54.42141926700424
FramaCExecutionTime,51.14702446399315
TotalExecutionTime,186.75769040100568
