InputGenerationTime,0.10372775399991951
ProfilingTime,12.625625280999884
SimulationTime,51.84439777599982
FramaCExecutionTime,41.57309912600067
TotalExecutionTime,5430.3178410420005
