InputGenerationTime,0.0159012049989542
ProfilingTime,11.118898806998914
SimulationTime,7.321357385000738
FramaCExecutionTime,48.892538050997246
TotalExecutionTime,567.7960027560039
