InputGenerationTime,0.05588082099711755
ProfilingTime,10.39187178699649
SimulationTime,51.72310690500308
FramaCExecutionTime,46.176827339004376
TotalExecutionTime,1770.0445380380042
