InputGenerationTime,0.02859270799672231
ProfilingTime,11.814731400998426
SimulationTime,55.06910140700347
FramaCExecutionTime,44.789751115997205
TotalExecutionTime,3766.884396057998
