InputGenerationTime,0.10177876400121022
ProfilingTime,9.748102197001572
SimulationTime,6.908911826991243
FramaCExecutionTime,40.503118693988654
TotalExecutionTime,990.8847310919955
