InputGenerationTime,0.01207756999792764
ProfilingTime,11.847671702998923
SimulationTime,61.39381728000444
FramaCExecutionTime,45.69947358400168
TotalExecutionTime,2560.4094403290037
