InputGenerationTime,0.02187398799287621
ProfilingTime,9.660150406009052
SimulationTime,6.72515537799336
FramaCExecutionTime,33.94771063499502
TotalExecutionTime,100.09202486999857
