InputGenerationTime,0.10100196998973843
ProfilingTime,16.875632098002825
SimulationTime,11.41294353500416
FramaCExecutionTime,42.211014248998254
TotalExecutionTime,964.5799360929959
