InputGenerationTime,0.01328051500604488
ProfilingTime,14.8116997229954
SimulationTime,7.290923687003669
FramaCExecutionTime,41.48226086300565
TotalExecutionTime,493.75417274198844
