InputGenerationTime,0.00968929698865395
ProfilingTime,12.39331499900436
SimulationTime,52.58327724599803
FramaCExecutionTime,48.13642818399239
TotalExecutionTime,1970.9457773739996
