InputGenerationTime,0.08286192300147377
ProfilingTime,9.973594328999752
SimulationTime,50.02908977000334
FramaCExecutionTime,39.38539788800699
TotalExecutionTime,759.7044749929919
