InputGenerationTime,0.02688553600000887
ProfilingTime,11.458605141000135
SimulationTime,6.9369987769998716
FramaCExecutionTime,36.49362706299996
TotalExecutionTime,888.0366304300001
