InputGenerationTime,0.02154857700043067
ProfilingTime,9.96894346299996
SimulationTime,48.82178689000102
FramaCExecutionTime,36.822960536999744
TotalExecutionTime,1566.5181167320006
