InputGenerationTime,0.02879062700048962
ProfilingTime,10.183136307000495
SimulationTime,7.360406043000694
FramaCExecutionTime,37.36917282200011
TotalExecutionTime,586.5852763470002
