InputGenerationTime,0.02187398799287621
ProfilingTime,9.638035494004725
SimulationTime,6.932811571998172
FramaCExecutionTime,33.94771063499502
TotalExecutionTime,50.545589393994305
