InputGenerationTime,0.10177876400121022
ProfilingTime,9.756964576998143
SimulationTime,6.559656019002432
FramaCExecutionTime,40.503118693988654
TotalExecutionTime,974.1732458320039
