InputGenerationTime,0.03755415400155471
ProfilingTime,25.07754483000099
SimulationTime,17.61403788199823
FramaCExecutionTime,131.89057868900272
TotalExecutionTime,2285.2845519820003
