InputGenerationTime,0.00933023100515129
ProfilingTime,9.313253451000492
SimulationTime,5.367354875001183
FramaCExecutionTime,36.48298437499761
TotalExecutionTime,1257.8509701050061
