InputGenerationTime,0.08934303199930582
ProfilingTime,10.45582997299789
SimulationTime,9.092873368004803
FramaCExecutionTime,40.58022558799712
TotalExecutionTime,169.00576691600145
