InputGenerationTime,0.03148683500012339
ProfilingTime,10.436764778999986
SimulationTime,6.662982782999734
FramaCExecutionTime,43.64821819200006
TotalExecutionTime,645.7432797329998
