InputGenerationTime,0.01344646500365343
ProfilingTime,11.306885124999098
SimulationTime,54.00892629599548
FramaCExecutionTime,41.5655235019949
TotalExecutionTime,3818.5749450529984
