InputGenerationTime,0.00933023100515129
ProfilingTime,9.554788212000858
SimulationTime,5.558443765003176
FramaCExecutionTime,36.48298437499761
TotalExecutionTime,1471.5540201860058
