InputGenerationTime,0.0207994360007433
ProfilingTime,9.736815649999699
SimulationTime,5.318209256000046
FramaCExecutionTime,34.9967234679998
TotalExecutionTime,1140.7114081110003
