InputGenerationTime,0.02485292500932701
ProfilingTime,12.125328443013132
SimulationTime,9.464185660996009
FramaCExecutionTime,41.027538213995285
TotalExecutionTime,1341.0756852699997
