InputGenerationTime,0.11879277000844013
ProfilingTime,11.088872476990218
SimulationTime,50.83961639300105
FramaCExecutionTime,41.30239897700085
TotalExecutionTime,1308.902224534002
