InputGenerationTime,0.02913684999657562
ProfilingTime,9.684412982998765
SimulationTime,4.931349896993197
FramaCExecutionTime,35.218215351000254
TotalExecutionTime,467.921313068
