InputGenerationTime,0.02131568200275069
ProfilingTime,10.347039934997156
SimulationTime,6.384138303001237
FramaCExecutionTime,37.40565201899881
TotalExecutionTime,611.0310153999962
