InputGenerationTime,0.09513172299193684
ProfilingTime,9.928906608998659
SimulationTime,49.60122917199624
FramaCExecutionTime,42.57547555399651
TotalExecutionTime,4396.030619148994
