InputGenerationTime,0.07492488600109937
ProfilingTime,10.296772864996456
SimulationTime,6.591441318996658
FramaCExecutionTime,42.08125151599961
TotalExecutionTime,1007.6267144989979
