InputGenerationTime,0.0154482090001693
ProfilingTime,10.910003678000066
SimulationTime,53.48333009700582
FramaCExecutionTime,48.95317624400195
TotalExecutionTime,5191.709259362993
