InputGenerationTime,0.05595495499437675
ProfilingTime,11.57483219900314
SimulationTime,6.728515827999217
FramaCExecutionTime,40.309179092000704
TotalExecutionTime,970.0049780839981
