InputGenerationTime,0.01543552200018894
ProfilingTime,14.915984132006997
SimulationTime,53.26343628700124
FramaCExecutionTime,39.881633352997596
TotalExecutionTime,585.6130002660066
