InputGenerationTime,0.02436892400146462
ProfilingTime,16.719800221006153
SimulationTime,8.785896803994547
FramaCExecutionTime,41.515238159990986
TotalExecutionTime,470.31205197499366
