InputGenerationTime,0.01962254600948654
ProfilingTime,11.032221827001194
SimulationTime,51.575275021998095
FramaCExecutionTime,48.34731471100531
TotalExecutionTime,986.2379583480069
