InputGenerationTime,0.02493770999899425
ProfilingTime,9.550709847999315
SimulationTime,6.134570926000379
FramaCExecutionTime,35.02617612699942
TotalExecutionTime,1318.2531231920002
