InputGenerationTime,0.02377328900183784
ProfilingTime,10.025506811998639
SimulationTime,5.781796541999938
FramaCExecutionTime,35.40231949600275
TotalExecutionTime,991.8370072880007
