InputGenerationTime,0.06381965599939576
ProfilingTime,10.851580167000066
SimulationTime,6.423512561001189
FramaCExecutionTime,40.0604183079995
TotalExecutionTime,831.199443898
