InputGenerationTime,0.01165099699574057
ProfilingTime,9.576722149999114
SimulationTime,5.836599090995151
FramaCExecutionTime,33.58243524499994
TotalExecutionTime,1247.2898063479952
