InputGenerationTime,0.03455019700049888
ProfilingTime,9.856955139999627
SimulationTime,6.042792092999662
FramaCExecutionTime,34.927573151000615
TotalExecutionTime,779.9110416719996
