InputGenerationTime,0.07647114399878774
ProfilingTime,10.562151520003681
SimulationTime,43.76484104100382
FramaCExecutionTime,39.74868804399739
TotalExecutionTime,676.643591583008
