InputGenerationTime,0.10142935998737812
ProfilingTime,10.732310385996243
SimulationTime,50.79205010000442
FramaCExecutionTime,42.27029998799844
TotalExecutionTime,3791.3743808009895
