InputGenerationTime,0.07727786700706929
ProfilingTime,9.530122329000733
SimulationTime,5.928976827999577
FramaCExecutionTime,40.76006832699932
TotalExecutionTime,167.38237870800367
