InputGenerationTime,0.01882177800143836
ProfilingTime,9.828795861998515
SimulationTime,6.588727384994854
FramaCExecutionTime,52.14162661100272
TotalExecutionTime,2267.1944756099983
