InputGenerationTime,0.03469175999998697
ProfilingTime,12.936952762000146
SimulationTime,7.1702309459997196
FramaCExecutionTime,61.06725525799993
TotalExecutionTime,677.12724987
