InputGenerationTime,0.08934303199930582
ProfilingTime,13.87549661200319
SimulationTime,11.745408860995667
FramaCExecutionTime,40.58022558799712
TotalExecutionTime,385.5377559699991
