InputGenerationTime,0.03618974800338037
ProfilingTime,10.110278838008526
SimulationTime,11.482609420010704
FramaCExecutionTime,38.09326741400582
TotalExecutionTime,80.85974212299334
