InputGenerationTime,0.07460761899710633
ProfilingTime,10.48612626400427
SimulationTime,15.158914735991857
FramaCExecutionTime,39.61733392599854
TotalExecutionTime,636.3833890629903
