InputGenerationTime,0.07727786700706929
ProfilingTime,9.63595358398743
SimulationTime,5.769640623999294
FramaCExecutionTime,40.76006832699932
TotalExecutionTime,264.27545671799453
