InputGenerationTime,0.07939185200120846
ProfilingTime,10.70726630900026
SimulationTime,6.366986340999574
FramaCExecutionTime,40.42274703500152
TotalExecutionTime,373.96286166999926
