InputGenerationTime,0.03158086500002355
ProfilingTime,10.201524530999905
SimulationTime,6.149543152999968
FramaCExecutionTime,36.47446528099999
TotalExecutionTime,685.852461199
