InputGenerationTime,0.03444526500243228
ProfilingTime,10.824630511997384
SimulationTime,6.386370886990335
FramaCExecutionTime,52.18555356100842
TotalExecutionTime,277.22293661099684
