InputGenerationTime,0.01781125200795941
ProfilingTime,9.63660313798755
SimulationTime,5.763603933999548
FramaCExecutionTime,33.69016032500076
TotalExecutionTime,902.5948872930021
