InputGenerationTime,0.05913997300012852
ProfilingTime,11.116185096000663
SimulationTime,49.78095221100011
FramaCExecutionTime,42.20031672500045
TotalExecutionTime,969.2723734949996
