InputGenerationTime,0.01594695199310081
ProfilingTime,10.428964435996022
SimulationTime,6.602778138003487
FramaCExecutionTime,46.48600257499493
TotalExecutionTime,662.0619017319987
