InputGenerationTime,0.06381965599939576
ProfilingTime,10.453121278000253
SimulationTime,6.388555400999394
FramaCExecutionTime,40.0604183079995
TotalExecutionTime,710.6863658450002
