InputGenerationTime,0.0159012049989542
ProfilingTime,10.898064629000146
SimulationTime,6.730049810001219
FramaCExecutionTime,48.892538050997246
TotalExecutionTime,787.0308761069973
