InputGenerationTime,0.07123787500131584
ProfilingTime,10.809942040999886
SimulationTime,5.882520398001361
FramaCExecutionTime,41.87460094400012
TotalExecutionTime,141.6315528949999
