InputGenerationTime,0.06024347899983695
ProfilingTime,9.859172188999764
SimulationTime,6.6045914639998955
FramaCExecutionTime,37.23784175899982
TotalExecutionTime,273.0470182140007
