InputGenerationTime,0.02481988799991086
ProfilingTime,10.378906267000275
SimulationTime,6.407714696997573
FramaCExecutionTime,34.30475738699897
TotalExecutionTime,1373.530814998001
