InputGenerationTime,0.05377575800230261
ProfilingTime,10.356056153999816
SimulationTime,5.715124093003396
FramaCExecutionTime,38.171050539000134
TotalExecutionTime,1206.066621838996
