InputGenerationTime,0.11015815800055861
ProfilingTime,10.973802074993728
SimulationTime,52.38829834898934
FramaCExecutionTime,48.40303555400169
TotalExecutionTime,1553.7170433309948
