InputGenerationTime,0.01848810700175818
ProfilingTime,9.553876282996498
SimulationTime,4.9842441889995825
FramaCExecutionTime,35.19626918999711
TotalExecutionTime,1096.6879139500015
