InputGenerationTime,0.03125360700141755
ProfilingTime,13.07061907699972
SimulationTime,8.577383167001244
FramaCExecutionTime,56.99454582999897
TotalExecutionTime,2038.7373757099995
