InputGenerationTime,0.0500389670014556
ProfilingTime,26.540871618999518
SimulationTime,23.672402287000295
FramaCExecutionTime,110.98379368699898
TotalExecutionTime,2784.211531227
