InputGenerationTime,0.01306821499929356
ProfilingTime,10.274998408000101
SimulationTime,5.280575749000491
FramaCExecutionTime,36.68536588400093
TotalExecutionTime,192.73278063900034
