InputGenerationTime,0.07647114399878774
ProfilingTime,11.081081014999654
SimulationTime,44.68942864499695
FramaCExecutionTime,39.74868804399739
TotalExecutionTime,831.8910009030078
