InputGenerationTime,0.03168364300108806
ProfilingTime,11.868493321000642
SimulationTime,6.060306093999316
FramaCExecutionTime,52.581870406000235
TotalExecutionTime,492.933586399
