InputGenerationTime,0.06888131699997757
ProfilingTime,10.284747130999676
SimulationTime,9.373157275000267
FramaCExecutionTime,39.89972157699958
TotalExecutionTime,469.00865763299953
