InputGenerationTime,0.02827716300089378
ProfilingTime,13.27721622700119
SimulationTime,7.156870512997557
FramaCExecutionTime,39.25252934300079
TotalExecutionTime,743.5929183320004
