InputGenerationTime,0.09603555100329686
ProfilingTime,10.32276677498885
SimulationTime,5.815367729999707
FramaCExecutionTime,41.09978809001041
TotalExecutionTime,1108.9760603210016
