InputGenerationTime,0.03064069100219058
ProfilingTime,10.669558554000105
SimulationTime,6.415305524002179
FramaCExecutionTime,34.7892839849992
TotalExecutionTime,713.9158518059994
