InputGenerationTime,0.00968929698865395
ProfilingTime,15.029076136997901
SimulationTime,54.37914227100555
FramaCExecutionTime,48.13642818399239
TotalExecutionTime,2922.631500798001
