InputGenerationTime,0.01594695199310081
ProfilingTime,10.38844605399936
SimulationTime,5.940302644994517
FramaCExecutionTime,46.48600257499493
TotalExecutionTime,509.9682441909972
