InputGenerationTime,0.00968929698865395
ProfilingTime,13.081337918003555
SimulationTime,52.505036653004936
FramaCExecutionTime,48.13642818399239
TotalExecutionTime,1641.3369109600026
