InputGenerationTime,0.07484678299806546
ProfilingTime,10.066090690997953
SimulationTime,6.228687099996023
FramaCExecutionTime,41.74371946800238
TotalExecutionTime,1761.0916197089973
