InputGenerationTime,0.10587871700408868
ProfilingTime,18.925617352986592
SimulationTime,50.34418633300811
FramaCExecutionTime,43.57780704900506
TotalExecutionTime,2641.068801400994
