InputGenerationTime,0.02481988799991086
ProfilingTime,10.416351276999194
SimulationTime,6.595445600996754
FramaCExecutionTime,34.30475738699897
TotalExecutionTime,1522.9160009629995
