InputGenerationTime,0.06190480099940032
ProfilingTime,12.8087887519996
SimulationTime,6.579583508999349
FramaCExecutionTime,40.04177317700123
TotalExecutionTime,728.1407013440003
