InputGenerationTime,0.01344646500365343
ProfilingTime,12.152966745998128
SimulationTime,55.17007458599983
FramaCExecutionTime,41.5655235019949
TotalExecutionTime,4149.864243800999
