InputGenerationTime,0.05595495499437675
ProfilingTime,11.321416626997234
SimulationTime,7.140677715004131
FramaCExecutionTime,40.309179092000704
TotalExecutionTime,1042.457743043
