InputGenerationTime,0.07010217800052487
ProfilingTime,9.71235246499964
SimulationTime,5.603826264999952
FramaCExecutionTime,37.008794666999165
TotalExecutionTime,52.40735747100007
