InputGenerationTime,0.10154341699671932
ProfilingTime,10.460008862006362
SimulationTime,24.629550166995614
FramaCExecutionTime,42.076754936002544
TotalExecutionTime,2476.0929565859988
