InputGenerationTime,0.07727786700706929
ProfilingTime,9.566966554993996
SimulationTime,5.707726602995535
FramaCExecutionTime,40.76006832699932
TotalExecutionTime,415.5708286900044
