InputGenerationTime,0.07990379400143865
ProfilingTime,10.05616646099952
SimulationTime,6.2717605359994195
FramaCExecutionTime,39.39046175999829
TotalExecutionTime,431.9342024130001
