InputGenerationTime,0.07939185200120846
ProfilingTime,9.96334520399978
SimulationTime,5.446897241999977
FramaCExecutionTime,40.42274703500152
TotalExecutionTime,422.87270471900047
