InputGenerationTime,0.02041564299724996
ProfilingTime,10.782113919005496
SimulationTime,7.007643364995602
FramaCExecutionTime,48.29850274599448
TotalExecutionTime,1641.2918047700077
