InputGenerationTime,0.05588082099711755
ProfilingTime,10.765243130001181
SimulationTime,4.376932625993504
FramaCExecutionTime,46.176827339004376
TotalExecutionTime,2608.8421161990045
