InputGenerationTime,0.02938545899814926
ProfilingTime,10.264753535004274
SimulationTime,6.850902951002354
FramaCExecutionTime,38.626025493998895
TotalExecutionTime,16169.845367831
