InputGenerationTime,0.01046458700147923
ProfilingTime,9.471257110999431
SimulationTime,5.5722242039992125
FramaCExecutionTime,35.76380379799957
TotalExecutionTime,1319.2386597000004
