InputGenerationTime,0.01962254600948654
ProfilingTime,10.906815324997297
SimulationTime,4.3789860580000095
FramaCExecutionTime,48.34731471100531
TotalExecutionTime,1127.4646988140012
