InputGenerationTime,0.08479241801251192
ProfilingTime,16.88003904398647
SimulationTime,6.7918884020036785
FramaCExecutionTime,41.54485546500655
TotalExecutionTime,766.6619891709997
