InputGenerationTime,0.01207756999792764
ProfilingTime,10.421470058001432
SimulationTime,51.758677916001034
FramaCExecutionTime,45.69947358400168
TotalExecutionTime,2029.1793486970018
