InputGenerationTime,0.01207756999792764
ProfilingTime,11.495196980999026
SimulationTime,57.142751835002855
FramaCExecutionTime,45.69947358400168
TotalExecutionTime,2487.1407232309975
