InputGenerationTime,0.01046458700147923
ProfilingTime,9.433561375000863
SimulationTime,5.412094719999004
FramaCExecutionTime,35.76380379799957
TotalExecutionTime,1469.4009352970024
