InputGenerationTime,0.06097441100064316
ProfilingTime,10.14202155699968
SimulationTime,48.93154041099842
FramaCExecutionTime,39.61232570200082
TotalExecutionTime,2605.6788898390005
