InputGenerationTime,0.0852646759885829
ProfilingTime,10.124283195997123
SimulationTime,101.90060770700802
FramaCExecutionTime,42.89104297501035
TotalExecutionTime,2188.6122993949975
