InputGenerationTime,0.01046458700147923
ProfilingTime,9.5335796319996
SimulationTime,5.415709323002375
FramaCExecutionTime,35.76380379799957
TotalExecutionTime,1484.3681613030058
