InputGenerationTime,0.01647902900003828
ProfilingTime,12.769070077993092
SimulationTime,6.958762412992655
FramaCExecutionTime,48.37001351900108
TotalExecutionTime,626.4838197200006
