InputGenerationTime,0.01046458700147923
ProfilingTime,9.511164447001647
SimulationTime,5.726398462000361
FramaCExecutionTime,35.76380379799957
TotalExecutionTime,1334.4964967470005
