InputGenerationTime,0.02398628399896552
ProfilingTime,13.089009243001783
SimulationTime,7.594072013998812
FramaCExecutionTime,56.596672714000306
TotalExecutionTime,1356.5119977719987
