InputGenerationTime,0.01343886599988764
ProfilingTime,10.758968311999524
SimulationTime,47.96379625500049
FramaCExecutionTime,35.34428882700013
TotalExecutionTime,2506.02187206
