InputGenerationTime,0.03618974800338037
ProfilingTime,10.10265188899939
SimulationTime,11.797573503004969
FramaCExecutionTime,38.09326741400582
TotalExecutionTime,366.12700902100187
