InputGenerationTime,0.00968929698865395
ProfilingTime,12.957034852996003
SimulationTime,52.59673280100105
FramaCExecutionTime,48.13642818399239
TotalExecutionTime,1774.895655298009
