InputGenerationTime,0.01414316500449786
ProfilingTime,12.03661928299698
SimulationTime,7.734175726000103
FramaCExecutionTime,36.11738900899945
TotalExecutionTime,680.8854261820015
