InputGenerationTime,0.03158086500002355
ProfilingTime,10.289592216000074
SimulationTime,6.462155123999992
FramaCExecutionTime,36.47446528099999
TotalExecutionTime,636.337428576
