InputGenerationTime,0.03444526500243228
ProfilingTime,10.977759739995236
SimulationTime,6.117873879004037
FramaCExecutionTime,52.18555356100842
TotalExecutionTime,69.32476113800658
