InputGenerationTime,0.06674171199847478
ProfilingTime,10.072323504995438
SimulationTime,49.27120005300094
FramaCExecutionTime,40.77649916699738
TotalExecutionTime,2660.5926171280007
