InputGenerationTime,0.0658009869948728
ProfilingTime,10.081722632996389
SimulationTime,18.74412201200903
FramaCExecutionTime,40.643793021998135
TotalExecutionTime,1372.6952495939913
