InputGenerationTime,0.01781125200795941
ProfilingTime,9.675172653005575
SimulationTime,5.622312761988724
FramaCExecutionTime,33.69016032500076
TotalExecutionTime,1012.5164498910017
