InputGenerationTime,0.10587871700408868
ProfilingTime,9.72727991399006
SimulationTime,50.25899200201093
FramaCExecutionTime,43.57780704900506
TotalExecutionTime,1491.9436346609873
