InputGenerationTime,0.02931866299999797
ProfilingTime,10.32096313400001
SimulationTime,49.35705061200002
FramaCExecutionTime,39.656589833
TotalExecutionTime,221.70274997199996
