InputGenerationTime,0.11879277000844013
ProfilingTime,11.037323787997593
SimulationTime,58.179394071004936
FramaCExecutionTime,41.30239897700085
TotalExecutionTime,1441.7938107959926
