InputGenerationTime,0.05998602900035621
ProfilingTime,9.96548205200088
SimulationTime,5.696058417999666
FramaCExecutionTime,38.65595949999988
TotalExecutionTime,920.9607014009998
