InputGenerationTime,0.03125360700141755
ProfilingTime,13.078216029000032
SimulationTime,8.807279148000816
FramaCExecutionTime,56.99454582999897
TotalExecutionTime,1710.0176380270022
