InputGenerationTime,0.0590006890015502
ProfilingTime,19.282594372998574
SimulationTime,23.87136577199999
FramaCExecutionTime,113.22399641499942
TotalExecutionTime,4638.535559819
