InputGenerationTime,0.01157555900135776
ProfilingTime,10.391640485999233
SimulationTime,51.75363218400162
FramaCExecutionTime,37.79498738999973
TotalExecutionTime,5698.556349000002
