InputGenerationTime,0.05913997300012852
ProfilingTime,10.72643283600155
SimulationTime,50.00321149699994
FramaCExecutionTime,42.20031672500045
TotalExecutionTime,1416.9052476920006
