InputGenerationTime,0.02121638599783182
ProfilingTime,14.711300369002856
SimulationTime,8.248934393006493
FramaCExecutionTime,42.12937589098874
TotalExecutionTime,1533.7953709709982
