InputGenerationTime,0.02429182899868465
ProfilingTime,10.238572064001346
SimulationTime,5.399660153001605
FramaCExecutionTime,45.97813112299991
TotalExecutionTime,792.5115740220026
