InputGenerationTime,0.06297201899724314
ProfilingTime,11.834962191001978
SimulationTime,52.86609785100154
FramaCExecutionTime,39.85762919300032
TotalExecutionTime,1122.0499495890035
