InputGenerationTime,0.10154341699671932
ProfilingTime,10.059514698004932
SimulationTime,14.045584460007376
FramaCExecutionTime,42.076754936002544
TotalExecutionTime,2553.0049592529977
