InputGenerationTime,0.0207994360007433
ProfilingTime,9.861291293999784
SimulationTime,5.51410190200022
FramaCExecutionTime,34.9967234679998
TotalExecutionTime,990.557015376
