InputGenerationTime,0.0301440870098304
ProfilingTime,11.581771085009677
SimulationTime,16.59116888800054
FramaCExecutionTime,39.158365137991495
TotalExecutionTime,1310.326078416998
