InputGenerationTime,0.07990379400143865
ProfilingTime,10.570468165999046
SimulationTime,6.7546492210003635
FramaCExecutionTime,39.39046175999829
TotalExecutionTime,346.4548955499995
