InputGenerationTime,0.07484678299806546
ProfilingTime,10.754582262998156
SimulationTime,6.6640137799986405
FramaCExecutionTime,41.74371946800238
TotalExecutionTime,1534.6805836569984
