InputGenerationTime,0.10142935998737812
ProfilingTime,10.068058613993344
SimulationTime,49.379115525996895
FramaCExecutionTime,42.27029998799844
TotalExecutionTime,2943.2622180999897
