InputGenerationTime,0.01781125200795941
ProfilingTime,9.555706127997837
SimulationTime,5.43070658200304
FramaCExecutionTime,33.69016032500076
TotalExecutionTime,857.0394413589966
