InputGenerationTime,0.09784811999998055
ProfilingTime,9.712735342007363
SimulationTime,7.908190265996382
FramaCExecutionTime,41.55466879501182
TotalExecutionTime,1698.0128414369974
