InputGenerationTime,0.03618974800338037
ProfilingTime,10.424300234997645
SimulationTime,11.406019861009554
FramaCExecutionTime,38.09326741400582
TotalExecutionTime,255.80333049000183
