InputGenerationTime,0.07467210799222812
ProfilingTime,10.513022262995946
SimulationTime,7.850314605995663
FramaCExecutionTime,39.828040738997515
TotalExecutionTime,1794.2548789749999
