InputGenerationTime,0.06373837799947069
ProfilingTime,9.712368735999917
SimulationTime,6.640481112999623
FramaCExecutionTime,37.73800484300045
TotalExecutionTime,864.6817536550006
