InputGenerationTime,0.01730999299979885
ProfilingTime,9.603267356000288
SimulationTime,5.310334518999298
FramaCExecutionTime,44.544735395000316
TotalExecutionTime,354.4610430360008
