InputGenerationTime,0.06920159800029069
ProfilingTime,10.322629207001228
SimulationTime,5.4461716009991505
FramaCExecutionTime,38.74239860200032
TotalExecutionTime,1124.3835023760003
