InputGenerationTime,0.01543552200018894
ProfilingTime,17.416913295994163
SimulationTime,56.4145560140023
FramaCExecutionTime,39.881633352997596
TotalExecutionTime,1218.4222463780025
