InputGenerationTime,0.01414316500449786
ProfilingTime,10.170080862997565
SimulationTime,6.568840046995319
FramaCExecutionTime,36.11738900899945
TotalExecutionTime,593.2854479699963
