InputGenerationTime,0.01207756999792764
ProfilingTime,10.921190922999813
SimulationTime,57.18723889199828
FramaCExecutionTime,45.69947358400168
TotalExecutionTime,1582.321096355001
