InputGenerationTime,0.01543552200018894
ProfilingTime,13.80052225998952
SimulationTime,52.02383928699419
FramaCExecutionTime,39.881633352997596
TotalExecutionTime,1583.3592855210009
