InputGenerationTime,0.06381965599939576
ProfilingTime,10.178861272001086
SimulationTime,5.635323806000088
FramaCExecutionTime,40.0604183079995
TotalExecutionTime,510.6132200489992
