InputGenerationTime,0.0341274840029655
ProfilingTime,9.595893962992704
SimulationTime,8.663346287008608
FramaCExecutionTime,37.64829516099417
TotalExecutionTime,640.8738029290107
