InputGenerationTime,0.01974974999029655
ProfilingTime,15.636491907003801
SimulationTime,4.521382421007729
FramaCExecutionTime,46.534168247992056
TotalExecutionTime,6004.562816607999
