InputGenerationTime,0.0207994360007433
ProfilingTime,9.599564057999487
SimulationTime,5.202793690999897
FramaCExecutionTime,34.9967234679998
TotalExecutionTime,884.835095206
