InputGenerationTime,0.07467210799222812
ProfilingTime,9.798803932004375
SimulationTime,7.556515849995776
FramaCExecutionTime,39.828040738997515
TotalExecutionTime,1573.6621032559924
