InputGenerationTime,0.01725929699932749
ProfilingTime,9.536662319000243
SimulationTime,5.841720054000689
FramaCExecutionTime,34.431736876000286
TotalExecutionTime,1068.0727621829992
