InputGenerationTime,0.05706629699852783
ProfilingTime,10.72578253300162
SimulationTime,6.72370315399894
FramaCExecutionTime,40.58814870099741
TotalExecutionTime,374.5628373389991
