InputGenerationTime,0.01908354100305587
ProfilingTime,9.542974921998393
SimulationTime,5.138173032999475
FramaCExecutionTime,45.59387044799951
TotalExecutionTime,473.5749079929992
