InputGenerationTime,0.01781125200795941
ProfilingTime,9.807251788006397
SimulationTime,5.405930342996726
FramaCExecutionTime,33.69016032500076
TotalExecutionTime,887.1401635700022
