InputGenerationTime,0.04271512100240216
ProfilingTime,40.668499195999175
SimulationTime,27.070745397999417
FramaCExecutionTime,140.39492750800127
TotalExecutionTime,3543.4523796489993
