InputGenerationTime,0.05913997300012852
ProfilingTime,11.103585213999395
SimulationTime,50.384669903998656
FramaCExecutionTime,42.20031672500045
TotalExecutionTime,1173.359673723
