InputGenerationTime,0.02938545899814926
ProfilingTime,10.274878240998078
SimulationTime,6.010126000997843
FramaCExecutionTime,38.626025493998895
TotalExecutionTime,16461.058097268997
