InputGenerationTime,0.10799351200694218
ProfilingTime,10.30491941999935
SimulationTime,7.3269167940015905
FramaCExecutionTime,41.71048603999952
TotalExecutionTime,866.8729672399932
