InputGenerationTime,0.10372775399991951
ProfilingTime,12.086419186000057
SimulationTime,51.90732885199941
FramaCExecutionTime,41.57309912600067
TotalExecutionTime,5621.309910061
