InputGenerationTime,0.09513172299193684
ProfilingTime,10.266172251998796
SimulationTime,50.07399111999257
FramaCExecutionTime,42.57547555399651
TotalExecutionTime,5493.008302001996
