InputGenerationTime,0.10100196998973843
ProfilingTime,10.328580462999525
SimulationTime,11.702083112002583
FramaCExecutionTime,42.211014248998254
TotalExecutionTime,799.2299878449994
