InputGenerationTime,0.01121654300368391
ProfilingTime,12.032853737997357
SimulationTime,6.648329449002631
FramaCExecutionTime,48.89147891699395
TotalExecutionTime,2054.705836619003
