InputGenerationTime,0.01519978199939942
ProfilingTime,10.531195641000522
SimulationTime,5.467237816999841
FramaCExecutionTime,35.97166418199777
TotalExecutionTime,1303.9945628720016
