InputGenerationTime,0.05692466000073182
ProfilingTime,9.701639768998575
SimulationTime,5.729905071999383
FramaCExecutionTime,39.214578377999715
TotalExecutionTime,1299.9893067880002
