InputGenerationTime,0.07492488600109937
ProfilingTime,10.635845593998965
SimulationTime,6.6045864679981605
FramaCExecutionTime,42.08125151599961
TotalExecutionTime,1287.0077535809978
