InputGenerationTime,0.00933023100515129
ProfilingTime,9.35302214499825
SimulationTime,5.532002205996832
FramaCExecutionTime,36.48298437499761
TotalExecutionTime,1365.8032785110045
