InputGenerationTime,0.03444526500243228
ProfilingTime,10.59097311500227
SimulationTime,6.165630992007209
FramaCExecutionTime,52.18555356100842
TotalExecutionTime,189.8182719489996
