InputGenerationTime,0.07630812800016429
ProfilingTime,10.488929119999739
SimulationTime,7.285051152999586
FramaCExecutionTime,39.353945180000665
TotalExecutionTime,383.43216548500095
