InputGenerationTime,0.05692466000073182
ProfilingTime,9.961976442999003
SimulationTime,5.8360895499990875
FramaCExecutionTime,39.214578377999715
TotalExecutionTime,1331.5841271120007
