InputGenerationTime,0.07833635200222488
ProfilingTime,10.842203227999562
SimulationTime,9.91600586700224
FramaCExecutionTime,40.119682856995496
TotalExecutionTime,242.63769271999627
