InputGenerationTime,0.02227763999690069
ProfilingTime,11.433146828996541
SimulationTime,7.044982842999161
FramaCExecutionTime,40.6428507610035
TotalExecutionTime,613.6529723719941
