InputGenerationTime,0.0159012049989542
ProfilingTime,10.300450896997063
SimulationTime,5.885795575006341
FramaCExecutionTime,48.892538050997246
TotalExecutionTime,656.4972979480008
