InputGenerationTime,0.04653632100234972
ProfilingTime,10.825697626991314
SimulationTime,51.520799025005545
FramaCExecutionTime,41.64242968399776
TotalExecutionTime,4028.5410159000094
