InputGenerationTime,0.03168364300108806
ProfilingTime,11.434405440999399
SimulationTime,5.918703680999897
FramaCExecutionTime,52.581870406000235
TotalExecutionTime,690.8765454120003
