InputGenerationTime,0.02154857700043067
ProfilingTime,10.18543001999933
SimulationTime,49.389207256999725
FramaCExecutionTime,36.822960536999744
TotalExecutionTime,2334.764558463001
