InputGenerationTime,0.09801700900061405
ProfilingTime,11.63102335199983
SimulationTime,51.202371262999804
FramaCExecutionTime,38.37650828900041
TotalExecutionTime,3780.347755581999
