InputGenerationTime,0.0301440870098304
ProfilingTime,11.773425298000802
SimulationTime,16.757113020998077
FramaCExecutionTime,39.158365137991495
TotalExecutionTime,1227.1892932610062
