InputGenerationTime,0.10799351200694218
ProfilingTime,9.938339443004224
SimulationTime,7.098512980999658
FramaCExecutionTime,41.71048603999952
TotalExecutionTime,544.4209794039925
