InputGenerationTime,0.04750419400079409
ProfilingTime,18.320403712998086
SimulationTime,11.74416221499996
FramaCExecutionTime,91.2054417679974
TotalExecutionTime,922.2354968629952
