InputGenerationTime,0.05377575800230261
ProfilingTime,10.12851454000338
SimulationTime,5.6628508740031975
FramaCExecutionTime,38.171050539000134
TotalExecutionTime,1025.2241808949984
