InputGenerationTime,0.11202836499433033
ProfilingTime,9.538862107001478
SimulationTime,6.554509933994268
FramaCExecutionTime,39.724936091995914
TotalExecutionTime,434.64670636100345
