InputGenerationTime,0.01974974999029655
ProfilingTime,15.370324902003631
SimulationTime,54.155561129999114
FramaCExecutionTime,46.534168247992056
TotalExecutionTime,5839.868043166993
