InputGenerationTime,0.07852797899977304
ProfilingTime,9.753355672000907
SimulationTime,10.041717448999407
FramaCExecutionTime,48.29240481999295
TotalExecutionTime,1108.0806778029946
