InputGenerationTime,0.02041564299724996
ProfilingTime,10.618180699006189
SimulationTime,6.6487499710056
FramaCExecutionTime,48.29850274599448
TotalExecutionTime,1412.845428903005
