InputGenerationTime,0.01543552200018894
ProfilingTime,14.78490697000234
SimulationTime,53.21181287999207
FramaCExecutionTime,39.881633352997596
TotalExecutionTime,861.834332390994
