InputGenerationTime,0.0763670619999175
ProfilingTime,10.478391965996707
SimulationTime,7.084666663002281
FramaCExecutionTime,39.75321220000478
TotalExecutionTime,428.8540417280019
