InputGenerationTime,0.05992229399998905
ProfilingTime,10.700541061996773
SimulationTime,6.565995837001537
FramaCExecutionTime,40.947449245002645
TotalExecutionTime,737.295469056
