InputGenerationTime,0.03469175999998697
ProfilingTime,12.0701973310006
SimulationTime,6.724879854000392
FramaCExecutionTime,61.06725525799993
TotalExecutionTime,831.867108415001
