InputGenerationTime,0.06581077299779281
ProfilingTime,24.131836387001385
SimulationTime,15.740053624998836
FramaCExecutionTime,115.83512147400324
TotalExecutionTime,4175.962421306998
