InputGenerationTime,0.03220963099738583
ProfilingTime,9.855489929999749
SimulationTime,5.10437183099566
FramaCExecutionTime,35.3322548990036
TotalExecutionTime,1353.2988631819971
