InputGenerationTime,0.01414316500449786
ProfilingTime,10.75894839099783
SimulationTime,6.5899471860029735
FramaCExecutionTime,36.11738900899945
TotalExecutionTime,733.1610649110007
