InputGenerationTime,0.01306821499929356
ProfilingTime,10.709592036000686
SimulationTime,5.117938385999878
FramaCExecutionTime,36.68536588400093
TotalExecutionTime,422.1105236650001
