InputGenerationTime,0.08069114800036914
ProfilingTime,10.300533498000732
SimulationTime,7.170913255000414
FramaCExecutionTime,37.93133167399992
TotalExecutionTime,1090.6749606800004
