InputGenerationTime,0.02131568200275069
ProfilingTime,10.231062972001382
SimulationTime,6.41883059200336
FramaCExecutionTime,37.40565201899881
TotalExecutionTime,577.745325857999
