InputGenerationTime,0.0301440870098304
ProfilingTime,12.128165802001604
SimulationTime,16.390176188011537
FramaCExecutionTime,39.158365137991495
TotalExecutionTime,1476.2795139350055
