InputGenerationTime,0.07258483800069371
ProfilingTime,10.390662077000343
SimulationTime,6.092049357999713
FramaCExecutionTime,38.576597549000326
TotalExecutionTime,71.2324198870001
