InputGenerationTime,0.01039334099914413
ProfilingTime,9.929630447993986
SimulationTime,5.053842834000534
FramaCExecutionTime,36.1268426799943
TotalExecutionTime,1014.4117362510005
