InputGenerationTime,0.06789501200000814
ProfilingTime,9.689221059999909
SimulationTime,5.852529167999819
FramaCExecutionTime,36.73994468700039
TotalExecutionTime,85.47018595100053
