InputGenerationTime,0.03238737300853245
ProfilingTime,12.174783635011408
SimulationTime,8.291120114998193
FramaCExecutionTime,43.14403645200946
TotalExecutionTime,645.318406542996
