InputGenerationTime,0.02583890700043412
ProfilingTime,10.92259125700366
SimulationTime,51.779967607995786
FramaCExecutionTime,39.279005670003244
TotalExecutionTime,5321.319592754997
