InputGenerationTime,0.01543552200018894
ProfilingTime,14.355044003998046
SimulationTime,52.83196825199411
FramaCExecutionTime,39.881633352997596
TotalExecutionTime,174.31086857500486
