InputGenerationTime,0.01974974999029655
ProfilingTime,14.421747312997468
SimulationTime,53.17140090499015
FramaCExecutionTime,46.534168247992056
TotalExecutionTime,5633.793739600995
