InputGenerationTime,0.08069114800036914
ProfilingTime,13.510158797000258
SimulationTime,8.52613644899975
FramaCExecutionTime,37.93133167399992
TotalExecutionTime,1217.1098116870007
