InputGenerationTime,0.11202836499433033
ProfilingTime,10.240154336992418
SimulationTime,6.89218931600044
FramaCExecutionTime,39.724936091995914
TotalExecutionTime,384.8718696599972
