InputGenerationTime,0.06465608299913583
ProfilingTime,13.081403997995949
SimulationTime,8.234914622997167
FramaCExecutionTime,38.55570130500564
TotalExecutionTime,739.6255597700001
