InputGenerationTime,0.06024347899983695
ProfilingTime,10.475328176999938
SimulationTime,6.9050611909997315
FramaCExecutionTime,37.23784175899982
TotalExecutionTime,153.69947341500028
