InputGenerationTime,0.02121638599783182
ProfilingTime,13.596936848989571
SimulationTime,7.643564383004559
FramaCExecutionTime,42.12937589098874
TotalExecutionTime,1653.4553336120007
