InputGenerationTime,0.09513172299193684
ProfilingTime,10.310711835991242
SimulationTime,49.82824463499128
FramaCExecutionTime,42.57547555399651
TotalExecutionTime,4872.712626952998
