InputGenerationTime,0.0155301419999887
ProfilingTime,9.632569797999167
SimulationTime,48.10842541300008
FramaCExecutionTime,35.18779909500063
TotalExecutionTime,1551.7997081659996
