InputGenerationTime,0.05595495499437675
ProfilingTime,11.335695445995952
SimulationTime,6.714573992998339
FramaCExecutionTime,40.309179092000704
TotalExecutionTime,1023.9304851319976
