InputGenerationTime,0.02471806799985643
ProfilingTime,10.035936073999892
SimulationTime,5.895323295000026
FramaCExecutionTime,36.439571203000014
TotalExecutionTime,131.42921063999984
