InputGenerationTime,0.01600631699989208
ProfilingTime,11.288201645999834
SimulationTime,6.476570033000144
FramaCExecutionTime,36.088396689999854
TotalExecutionTime,314.81345163700007
