InputGenerationTime,0.00947702000848949
ProfilingTime,13.62032022299536
SimulationTime,59.5378631670028
FramaCExecutionTime,47.984905517994775
TotalExecutionTime,3640.3935517950013
