InputGenerationTime,0.03125360700141755
ProfilingTime,12.893012829998042
SimulationTime,8.340396100000362
FramaCExecutionTime,56.99454582999897
TotalExecutionTime,2093.0012193229995
