InputGenerationTime,0.02927012700092746
ProfilingTime,13.545443465001881
SimulationTime,21.709208685002523
FramaCExecutionTime,59.54822582100314
TotalExecutionTime,249.64788128799773
