InputGenerationTime,0.0171071029981249
ProfilingTime,12.468068007998227
SimulationTime,7.035729000999709
FramaCExecutionTime,49.93881574000261
TotalExecutionTime,200.15453967000212
