InputGenerationTime,0.06693528000323568
ProfilingTime,10.595132439993904
SimulationTime,51.589758979011094
FramaCExecutionTime,41.80391053999483
TotalExecutionTime,5666.057101692997
