InputGenerationTime,0.02398628399896552
ProfilingTime,11.632675251999899
SimulationTime,7.1207919100015715
FramaCExecutionTime,56.596672714000306
TotalExecutionTime,1177.2286558269989
