InputGenerationTime,0.09784811999998055
ProfilingTime,9.974510728992755
SimulationTime,7.544811852989369
FramaCExecutionTime,41.55466879501182
TotalExecutionTime,1662.7484906290047
