InputGenerationTime,0.09603555100329686
ProfilingTime,9.529586882010335
SimulationTime,5.859287914994638
FramaCExecutionTime,41.09978809001041
TotalExecutionTime,1061.2393806939945
