InputGenerationTime,0.02131568200275069
ProfilingTime,10.382701750000706
SimulationTime,6.27812573799747
FramaCExecutionTime,37.40565201899881
TotalExecutionTime,728.2828557009998
