InputGenerationTime,0.05998602900035621
ProfilingTime,10.21585493100065
SimulationTime,6.000534605998837
FramaCExecutionTime,38.65595949999988
TotalExecutionTime,1115.2994680440006
