InputGenerationTime,0.03455019700049888
ProfilingTime,9.945012296999266
SimulationTime,6.140054528999826
FramaCExecutionTime,34.927573151000615
TotalExecutionTime,666.3733846979994
