InputGenerationTime,0.08479241801251192
ProfilingTime,12.62858872099605
SimulationTime,6.793385698998463
FramaCExecutionTime,41.54485546500655
TotalExecutionTime,742.9454987960053
