InputGenerationTime,0.0341274840029655
ProfilingTime,10.471690663005575
SimulationTime,7.562617447998491
FramaCExecutionTime,37.64829516099417
TotalExecutionTime,730.0088274040027
