InputGenerationTime,0.01003517399658449
ProfilingTime,13.185041816999728
SimulationTime,6.607804787003261
FramaCExecutionTime,46.60673828200379
TotalExecutionTime,85.61063715400087
