InputGenerationTime,0.01207756999792764
ProfilingTime,11.35623852000208
SimulationTime,53.40713356199922
FramaCExecutionTime,45.69947358400168
TotalExecutionTime,1647.118482926002
