InputGenerationTime,0.07192333900093217
ProfilingTime,10.448048464000749
SimulationTime,49.0222495420021
FramaCExecutionTime,39.947012405998976
TotalExecutionTime,1186.8620258110022
