InputGenerationTime,0.03148683500012339
ProfilingTime,10.289932390000104
SimulationTime,6.777279183999781
FramaCExecutionTime,43.64821819200006
TotalExecutionTime,782.7153117309999
