InputGenerationTime,0.06465608299913583
ProfilingTime,10.287157180995564
SimulationTime,6.513493067999661
FramaCExecutionTime,38.55570130500564
TotalExecutionTime,701.8952184369991
