InputGenerationTime,0.01600631699989208
ProfilingTime,10.65484668199997
SimulationTime,6.228513191000047
FramaCExecutionTime,36.088396689999854
TotalExecutionTime,52.99326102600003
