InputGenerationTime,0.07460761899710633
ProfilingTime,10.202996430001804
SimulationTime,26.689048782995087
FramaCExecutionTime,39.61733392599854
TotalExecutionTime,387.38943549100077
