InputGenerationTime,0.07647114399878774
ProfilingTime,13.556039449002128
SimulationTime,43.70689157600282
FramaCExecutionTime,39.74868804399739
TotalExecutionTime,1150.9959164370084
