InputGenerationTime,0.02121638599783182
ProfilingTime,15.904833534994395
SimulationTime,9.47195234899118
FramaCExecutionTime,42.12937589098874
TotalExecutionTime,1584.5104983229976
