InputGenerationTime,0.02131568200275069
ProfilingTime,10.458733069004666
SimulationTime,6.217460766005388
FramaCExecutionTime,37.40565201899881
TotalExecutionTime,544.3266574000008
