InputGenerationTime,0.012637748999623
ProfilingTime,12.479656616000284
SimulationTime,48.23543628100015
FramaCExecutionTime,57.36715431099947
TotalExecutionTime,2638.772168428999
