InputGenerationTime,0.09801700900061405
ProfilingTime,10.552085942999838
SimulationTime,49.26621933699971
FramaCExecutionTime,38.37650828900041
TotalExecutionTime,3098.8966552790007
