InputGenerationTime,0.03158086500002355
ProfilingTime,10.043740010999954
SimulationTime,6.376422484999921
FramaCExecutionTime,36.47446528099999
TotalExecutionTime,553.4453571790001
