InputGenerationTime,0.02306973400118295
ProfilingTime,9.822837665000407
SimulationTime,47.22161861800123
FramaCExecutionTime,34.95365613299873
TotalExecutionTime,207.4532241379984
