InputGenerationTime,0.06920159800029069
ProfilingTime,10.444786340000064
SimulationTime,5.504262526001185
FramaCExecutionTime,38.74239860200032
TotalExecutionTime,983.4807811899991
