InputGenerationTime,0.10587871700408868
ProfilingTime,9.986687425989658
SimulationTime,50.2085713060078
FramaCExecutionTime,43.57780704900506
TotalExecutionTime,1909.7862173539907
