InputGenerationTime,0.03168364300108806
ProfilingTime,11.307579443000577
SimulationTime,6.963185164999231
FramaCExecutionTime,52.581870406000235
TotalExecutionTime,655.1393365370004
