InputGenerationTime,0.02354438200018194
ProfilingTime,10.33611589200018
SimulationTime,5.560803356000179
FramaCExecutionTime,36.64489351900011
TotalExecutionTime,702.0336434589999
