InputGenerationTime,0.07990379400143865
ProfilingTime,10.225681247000466
SimulationTime,6.349135442000261
FramaCExecutionTime,39.39046175999829
TotalExecutionTime,105.29460490100064
