InputGenerationTime,0.01343886599988764
ProfilingTime,11.138300951999554
SimulationTime,48.186378087000776
FramaCExecutionTime,35.34428882700013
TotalExecutionTime,1963.194580379
