InputGenerationTime,0.057158976997016
ProfilingTime,10.296361998996872
SimulationTime,9.422226242000761
FramaCExecutionTime,37.9393298319992
TotalExecutionTime,467.6062129849961
