InputGenerationTime,0.08069114800036914
ProfilingTime,9.774355786000342
SimulationTime,6.786040019000211
FramaCExecutionTime,37.93133167399992
TotalExecutionTime,1303.4977424050003
