InputGenerationTime,0.02121638599783182
ProfilingTime,14.559589021009742
SimulationTime,9.132629564002855
FramaCExecutionTime,42.12937589098874
TotalExecutionTime,1608.2345437729964
