InputGenerationTime,0.01343886599988764
ProfilingTime,10.649718869000026
SimulationTime,3.9476050720004423
FramaCExecutionTime,35.34428882700013
TotalExecutionTime,2388.184819347
