InputGenerationTime,0.02354438200018194
ProfilingTime,10.26041790399995
SimulationTime,5.5924547370000255
FramaCExecutionTime,36.64489351900011
TotalExecutionTime,812.7313034810004
