InputGenerationTime,0.02332559400019818
ProfilingTime,10.049947587998759
SimulationTime,6.621125073001167
FramaCExecutionTime,45.93521431100089
TotalExecutionTime,642.5161310270014
