InputGenerationTime,0.0658009869948728
ProfilingTime,9.501867642000434
SimulationTime,40.11921271099709
FramaCExecutionTime,40.643793021998135
TotalExecutionTime,1444.2894914919889
