InputGenerationTime,0.02121638599783182
ProfilingTime,12.902430398011347
SimulationTime,7.139409909999813
FramaCExecutionTime,42.12937589098874
TotalExecutionTime,1673.534659441997
