InputGenerationTime,0.01328051500604488
ProfilingTime,15.00908562800032
SimulationTime,7.150463861995377
FramaCExecutionTime,41.48226086300565
TotalExecutionTime,170.3602253789868
