InputGenerationTime,0.02471806799985643
ProfilingTime,10.314146404999974
SimulationTime,5.883429363000005
FramaCExecutionTime,36.439571203000014
TotalExecutionTime,228.98568301799992
