InputGenerationTime,0.03444526500243228
ProfilingTime,10.825328682010877
SimulationTime,6.032186912998441
FramaCExecutionTime,52.18555356100842
TotalExecutionTime,294.1332285190001
