InputGenerationTime,0.06592929499993261
ProfilingTime,9.85265048400015
SimulationTime,12.395610469000076
FramaCExecutionTime,40.170672405999994
TotalExecutionTime,270.3188086690002
