InputGenerationTime,0.07647114399878774
ProfilingTime,9.988866829997278
SimulationTime,35.69758418899437
FramaCExecutionTime,39.74868804399739
TotalExecutionTime,130.47811708900554
