InputGenerationTime,0.02927012700092746
ProfilingTime,14.523823329000152
SimulationTime,22.117246279998653
FramaCExecutionTime,59.54822582100314
TotalExecutionTime,496.6066226820003
