InputGenerationTime,0.02306973400118295
ProfilingTime,9.778736077001668
SimulationTime,47.29281729499962
FramaCExecutionTime,34.95365613299873
TotalExecutionTime,1196.9005686909986
