InputGenerationTime,0.01578046099984931
ProfilingTime,9.795217704999914
SimulationTime,6.358640993000108
FramaCExecutionTime,43.47882046399991
TotalExecutionTime,1402.153574467
