InputGenerationTime,0.01039334099914413
ProfilingTime,9.961967193994496
SimulationTime,5.12069524400431
FramaCExecutionTime,36.1268426799943
TotalExecutionTime,1135.8884774530015
