InputGenerationTime,0.04750419400079409
ProfilingTime,19.024275725001644
SimulationTime,11.889011147002748
FramaCExecutionTime,91.2054417679974
TotalExecutionTime,273.43111572799535
