InputGenerationTime,0.07460761899710633
ProfilingTime,9.854302380001172
SimulationTime,15.230894642008934
FramaCExecutionTime,39.61733392599854
TotalExecutionTime,171.09938884199073
