InputGenerationTime,0.10142935998737812
ProfilingTime,10.664192734999233
SimulationTime,50.460674408008344
FramaCExecutionTime,42.27029998799844
TotalExecutionTime,3244.792025159986
