InputGenerationTime,0.01605060899964883
ProfilingTime,12.500820115001261
SimulationTime,17.791095982000115
FramaCExecutionTime,55.23388443600197
TotalExecutionTime,435.1692813260015
