InputGenerationTime,0.01695346001361031
ProfilingTime,12.77431009299471
SimulationTime,52.154632070014486
FramaCExecutionTime,51.14702446399315
TotalExecutionTime,316.7137514710048
