InputGenerationTime,0.07484678299806546
ProfilingTime,10.968401774000085
SimulationTime,6.820893003001402
FramaCExecutionTime,41.74371946800238
TotalExecutionTime,1692.429305548998
