InputGenerationTime,0.03659036000317428
ProfilingTime,10.816603085993847
SimulationTime,6.881093197996961
FramaCExecutionTime,43.33275046799827
TotalExecutionTime,1826.0292416089942
