InputGenerationTime,0.11479880199476611
ProfilingTime,9.78369642898906
SimulationTime,8.240836730998126
FramaCExecutionTime,42.08872573199915
TotalExecutionTime,1402.9895545619947
