InputGenerationTime,0.01343886599988764
ProfilingTime,10.666382358999726
SimulationTime,47.804496609000125
FramaCExecutionTime,35.34428882700013
TotalExecutionTime,2623.0399350889998
