InputGenerationTime,0.0171071029981249
ProfilingTime,12.236608522005554
SimulationTime,6.2358203519979725
FramaCExecutionTime,49.93881574000261
TotalExecutionTime,310.22604906500055
