InputGenerationTime,0.03914463899855036
ProfilingTime,12.8913813629988
SimulationTime,6.805109490996983
FramaCExecutionTime,48.82799473100022
TotalExecutionTime,1036.2287109280005
