InputGenerationTime,0.02187398799287621
ProfilingTime,9.942091460994561
SimulationTime,7.167368948998046
FramaCExecutionTime,33.94771063499502
TotalExecutionTime,255.05133931100136
