InputGenerationTime,0.06652831399696879
ProfilingTime,10.47476870600076
SimulationTime,7.910075790001429
FramaCExecutionTime,38.49409825599287
TotalExecutionTime,356.8121747710102
