InputGenerationTime,0.11606005700014066
ProfilingTime,10.069386369999847
SimulationTime,50.23338096200314
FramaCExecutionTime,42.19512809099979
TotalExecutionTime,1265.5407633279974
