InputGenerationTime,0.01543552200018894
ProfilingTime,14.869174760999158
SimulationTime,53.133642814005725
FramaCExecutionTime,39.881633352997596
TotalExecutionTime,1448.1544214640016
