InputGenerationTime,0.07833635200222488
ProfilingTime,10.411852359997283
SimulationTime,9.543399618996773
FramaCExecutionTime,40.119682856995496
TotalExecutionTime,119.4002297459956
