InputGenerationTime,0.07852797899977304
ProfilingTime,11.067658870990272
SimulationTime,11.663719108997611
FramaCExecutionTime,48.29240481999295
TotalExecutionTime,680.0952526549954
