InputGenerationTime,0.01165099699574057
ProfilingTime,9.442976179998368
SimulationTime,5.639925344003132
FramaCExecutionTime,33.58243524499994
TotalExecutionTime,1231.8235307540017
