InputGenerationTime,0.10587871700408868
ProfilingTime,19.081973581007333
SimulationTime,49.91198157701001
FramaCExecutionTime,43.57780704900506
TotalExecutionTime,2343.054832883994
