InputGenerationTime,0.01578046099984931
ProfilingTime,9.851463624999951
SimulationTime,6.363447950999898
FramaCExecutionTime,43.47882046399991
TotalExecutionTime,1353.40621541
