InputGenerationTime,0.02377328900183784
ProfilingTime,9.867888034001226
SimulationTime,5.725534746001358
FramaCExecutionTime,35.40231949600275
TotalExecutionTime,833.6509103330009
