InputGenerationTime,0.0171071029981249
ProfilingTime,11.73383268500038
SimulationTime,6.742564484004106
FramaCExecutionTime,49.93881574000261
TotalExecutionTime,291.720714684001
