InputGenerationTime,0.01519978199939942
ProfilingTime,10.949768449994735
SimulationTime,5.9927971420038375
FramaCExecutionTime,35.97166418199777
TotalExecutionTime,1436.4400672019983
