InputGenerationTime,0.03125360700141755
ProfilingTime,18.709157764998963
SimulationTime,14.255106732001877
FramaCExecutionTime,56.99454582999897
TotalExecutionTime,2071.735651815001
