InputGenerationTime,0.03455019700049888
ProfilingTime,9.665851567000573
SimulationTime,5.955972517000191
FramaCExecutionTime,34.927573151000615
TotalExecutionTime,472.3423901990009
