InputGenerationTime,0.00947702000848949
ProfilingTime,18.440277426998364
SimulationTime,59.831104889002745
FramaCExecutionTime,47.984905517994775
TotalExecutionTime,3790.4391214579955
