InputGenerationTime,0.10142935998737812
ProfilingTime,10.02022637600021
SimulationTime,49.83040013599384
FramaCExecutionTime,42.27029998799844
TotalExecutionTime,3062.776454392995
