InputGenerationTime,0.09801700900061405
ProfilingTime,15.872092629999315
SimulationTime,4.419001315998685
FramaCExecutionTime,38.37650828900041
TotalExecutionTime,3925.6432186519996
