InputGenerationTime,0.06373837799947069
ProfilingTime,13.232623992999834
SimulationTime,8.097415993999675
FramaCExecutionTime,37.73800484300045
TotalExecutionTime,779.2318777850005
