InputGenerationTime,0.01877888300077757
ProfilingTime,12.321686491002765
SimulationTime,16.29112955399978
FramaCExecutionTime,59.614060054998845
TotalExecutionTime,202.67303905599692
