InputGenerationTime,0.09801700900061405
ProfilingTime,12.96555705299943
SimulationTime,53.654695731000174
FramaCExecutionTime,38.37650828900041
TotalExecutionTime,4242.931916399
