InputGenerationTime,0.01730999299979885
ProfilingTime,9.849472093999793
SimulationTime,5.347899901000346
FramaCExecutionTime,44.544735395000316
TotalExecutionTime,339.52306816499913
