InputGenerationTime,0.03168364300108806
ProfilingTime,11.936660559998927
SimulationTime,5.892523075999634
FramaCExecutionTime,52.581870406000235
TotalExecutionTime,617.4821555810013
