InputGenerationTime,0.01758529599464964
ProfilingTime,9.59390653599985
SimulationTime,4.95918363200326
FramaCExecutionTime,36.372605122000095
TotalExecutionTime,123.03570902100182
