InputGenerationTime,0.02938545899814926
ProfilingTime,10.833882751998317
SimulationTime,6.749200352001935
FramaCExecutionTime,38.626025493998895
TotalExecutionTime,16392.15412134
