InputGenerationTime,0.04750419400079409
ProfilingTime,18.68750516300497
SimulationTime,12.319369586002722
FramaCExecutionTime,91.2054417679974
TotalExecutionTime,735.4083403740005
