InputGenerationTime,0.012637748999623
ProfilingTime,12.711604604002787
SimulationTime,48.8725191429985
FramaCExecutionTime,57.36715431099947
TotalExecutionTime,2439.1748804979998
