InputGenerationTime,0.07833635200222488
ProfilingTime,13.560135943000205
SimulationTime,2.826873442005308
FramaCExecutionTime,40.119682856995496
TotalExecutionTime,402.4311331719946
