InputGenerationTime,0.12734451101277955
ProfilingTime,9.699235808002413
SimulationTime,5.991899499000283
FramaCExecutionTime,39.92448624499957
TotalExecutionTime,55.74573589299689
