InputGenerationTime,0.01344646500365343
ProfilingTime,11.922312847993453
SimulationTime,54.55165555099666
FramaCExecutionTime,41.5655235019949
TotalExecutionTime,3950.8958065189945
