InputGenerationTime,0.01328051500604488
ProfilingTime,14.511420499999076
SimulationTime,7.133535971006495
FramaCExecutionTime,41.48226086300565
TotalExecutionTime,307.8226804369915
