InputGenerationTime,0.03125360700141755
ProfilingTime,13.0644740860007
SimulationTime,8.203348718001507
FramaCExecutionTime,56.99454582999897
TotalExecutionTime,1688.082701012001
