InputGenerationTime,0.01177785099571338
ProfilingTime,13.888877495999623
SimulationTime,9.81711780600017
FramaCExecutionTime,52.82057099800295
TotalExecutionTime,1883.1281721060004
