InputGenerationTime,0.07492488600109937
ProfilingTime,10.732206058004522
SimulationTime,6.814359957999841
FramaCExecutionTime,42.08125151599961
TotalExecutionTime,1252.2252562180001
