InputGenerationTime,0.01519978199939942
ProfilingTime,10.41608175500005
SimulationTime,5.7478181650003535
FramaCExecutionTime,35.97166418199777
TotalExecutionTime,1402.4329828870032
