InputGenerationTime,0.10799351200694218
ProfilingTime,10.104937673997483
SimulationTime,6.87451452499954
FramaCExecutionTime,41.71048603999952
TotalExecutionTime,510.3468920250016
