InputGenerationTime,0.07971650699983002
ProfilingTime,13.844924935001472
SimulationTime,4.4244067710005766
FramaCExecutionTime,40.773911910000606
TotalExecutionTime,2516.1821925540007
