InputGenerationTime,0.01647902900003828
ProfilingTime,13.917999052995583
SimulationTime,6.905567275010981
FramaCExecutionTime,48.37001351900108
TotalExecutionTime,940.4511375400034
