InputGenerationTime,0.03070392999507021
ProfilingTime,15.356481074006297
SimulationTime,8.508144669001922
FramaCExecutionTime,43.51740340801189
TotalExecutionTime,858.3389832959947
