InputGenerationTime,0.12183218299469445
ProfilingTime,10.076188901992282
SimulationTime,57.81849097998929
FramaCExecutionTime,43.303145281999605
TotalExecutionTime,249.11291755999264
