InputGenerationTime,0.01882177800143836
ProfilingTime,9.715932177001378
SimulationTime,5.652407295994635
FramaCExecutionTime,52.14162661100272
TotalExecutionTime,2134.654793649999
