InputGenerationTime,0.07467210799222812
ProfilingTime,9.514256395996199
SimulationTime,25.647187944006873
FramaCExecutionTime,39.828040738997515
TotalExecutionTime,1970.780885938002
