InputGenerationTime,0.10587871700408868
ProfilingTime,10.098272905001068
SimulationTime,49.13512400900072
FramaCExecutionTime,43.57780704900506
TotalExecutionTime,1551.2048812499997
