InputGenerationTime,0.07467210799222812
ProfilingTime,10.317932631995063
SimulationTime,14.91565906300093
FramaCExecutionTime,39.828040738997515
TotalExecutionTime,1750.6762507419917
