InputGenerationTime,0.07123787500131584
ProfilingTime,14.424126415999126
SimulationTime,2.7957457960001193
FramaCExecutionTime,41.87460094400012
TotalExecutionTime,337.8121798890006
