InputGenerationTime,0.05588082099711755
ProfilingTime,10.436927422997542
SimulationTime,52.944146038003964
FramaCExecutionTime,46.176827339004376
TotalExecutionTime,1707.902403566004
