InputGenerationTime,0.01951889699921594
ProfilingTime,9.924380083999495
SimulationTime,4.992426339000303
FramaCExecutionTime,35.60998623500018
TotalExecutionTime,138.1151805139998
