InputGenerationTime,0.03238737300853245
ProfilingTime,11.308880187993054
SimulationTime,7.396602955996059
FramaCExecutionTime,43.14403645200946
TotalExecutionTime,548.2850620130048
