InputGenerationTime,0.06592929499993261
ProfilingTime,10.164304164999976
SimulationTime,10.525795028000175
FramaCExecutionTime,40.170672405999994
TotalExecutionTime,291.03165228100033
