InputGenerationTime,0.01594695199310081
ProfilingTime,10.196391236997442
SimulationTime,6.111645993994898
FramaCExecutionTime,46.48600257499493
TotalExecutionTime,609.8050441649975
