InputGenerationTime,0.02140154999869992
ProfilingTime,23.391286496997054
SimulationTime,15.953532022002037
FramaCExecutionTime,121.4568781320013
TotalExecutionTime,2214.6430926289977
