InputGenerationTime,0.02377328900183784
ProfilingTime,10.268571429998701
SimulationTime,5.786533557999064
FramaCExecutionTime,35.40231949600275
TotalExecutionTime,1115.9252574599977
