InputGenerationTime,0.02398628399896552
ProfilingTime,11.212411169999541
SimulationTime,6.5852234220001264
FramaCExecutionTime,56.596672714000306
TotalExecutionTime,1566.6137867409998
