InputGenerationTime,0.03168364300108806
ProfilingTime,11.326783168000475
SimulationTime,6.073550310000428
FramaCExecutionTime,52.581870406000235
TotalExecutionTime,564.0793416790002
