InputGenerationTime,0.08211587400001008
ProfilingTime,10.85152760600613
SimulationTime,6.710805648006499
FramaCExecutionTime,42.833708010999544
TotalExecutionTime,1590.4607033499997
