InputGenerationTime,0.03220963099738583
ProfilingTime,9.824094721996516
SimulationTime,5.265420424002514
FramaCExecutionTime,35.3322548990036
TotalExecutionTime,1383.0943150320018
