InputGenerationTime,0.03618974800338037
ProfilingTime,10.07608250300109
SimulationTime,11.982022084004711
FramaCExecutionTime,38.09326741400582
TotalExecutionTime,469.63837140500254
