InputGenerationTime,0.0385067209990666
ProfilingTime,10.302508280999973
SimulationTime,5.632283707998795
FramaCExecutionTime,37.904336684001464
TotalExecutionTime,690.5235677370001
