InputGenerationTime,0.02377328900183784
ProfilingTime,10.2085558760009
SimulationTime,2.7541822560015135
FramaCExecutionTime,35.40231949600275
TotalExecutionTime,1099.8440898459976
