InputGenerationTime,0.02140154999869992
ProfilingTime,22.70341663399813
SimulationTime,14.784222860998852
FramaCExecutionTime,121.4568781320013
TotalExecutionTime,1600.2374124599992
