InputGenerationTime,0.03148683500012339
ProfilingTime,10.181827225999768
SimulationTime,6.525378721999914
FramaCExecutionTime,43.64821819200006
TotalExecutionTime,833.1519966870001
