InputGenerationTime,0.09603555100329686
ProfilingTime,9.656574268999975
SimulationTime,5.224326545008807
FramaCExecutionTime,41.09978809001041
TotalExecutionTime,919.806572964997
