InputGenerationTime,0.01046458700147923
ProfilingTime,9.33500236299733
SimulationTime,5.252616414996737
FramaCExecutionTime,35.76380379799957
TotalExecutionTime,1198.933635555004
