InputGenerationTime,0.05265666600462282
ProfilingTime,10.55414131499856
SimulationTime,6.037615403001837
FramaCExecutionTime,41.49356549300137
TotalExecutionTime,1224.700587514002
