InputGenerationTime,0.02632365800673142
ProfilingTime,11.455022177004139
SimulationTime,8.316008475012495
FramaCExecutionTime,39.77912241400918
TotalExecutionTime,692.5904602549999
