InputGenerationTime,0.02131568200275069
ProfilingTime,10.48171932000696
SimulationTime,6.48173594900436
FramaCExecutionTime,37.40565201899881
TotalExecutionTime,661.1947334209981
