InputGenerationTime,0.06673658799991244
ProfilingTime,10.838172880000002
SimulationTime,6.34196345700002
FramaCExecutionTime,40.517046983
TotalExecutionTime,796.417541154
