InputGenerationTime,0.0171071029981249
ProfilingTime,11.677234729999327
SimulationTime,6.7685657370020635
FramaCExecutionTime,49.93881574000261
TotalExecutionTime,237.29779065400362
