InputGenerationTime,0.03064069100219058
ProfilingTime,10.309827918998053
SimulationTime,6.3418648400001985
FramaCExecutionTime,34.7892839849992
TotalExecutionTime,781.7420122459989
