InputGenerationTime,0.0301166839999496
ProfilingTime,9.909475980000934
SimulationTime,5.076947248000579
FramaCExecutionTime,35.60818583100081
TotalExecutionTime,1278.6236133009988
