InputGenerationTime,0.02358301000094798
ProfilingTime,9.946287970000412
SimulationTime,5.4346577920005075
FramaCExecutionTime,34.802208841998436
TotalExecutionTime,252.1978301149993
