InputGenerationTime,0.06693528000323568
ProfilingTime,11.014459981000982
SimulationTime,52.20409930599271
FramaCExecutionTime,41.80391053999483
TotalExecutionTime,4771.110789881997
