InputGenerationTime,0.07192333900093217
ProfilingTime,10.343038791001163
SimulationTime,48.79015302900007
FramaCExecutionTime,39.947012405998976
TotalExecutionTime,753.6370472910021
