InputGenerationTime,0.01600631699989208
ProfilingTime,11.157536612000058
SimulationTime,6.482825982999884
FramaCExecutionTime,36.088396689999854
TotalExecutionTime,227.79902729000014
