InputGenerationTime,0.02377328900183784
ProfilingTime,10.07936316300038
SimulationTime,5.857065743999556
FramaCExecutionTime,35.40231949600275
TotalExecutionTime,975.9996936059997
