InputGenerationTime,0.0155301419999887
ProfilingTime,10.107611123000424
SimulationTime,48.217489997000484
FramaCExecutionTime,35.18779909500063
TotalExecutionTime,2076.5176441129997
