InputGenerationTime,0.07492488600109937
ProfilingTime,10.124747436995676
SimulationTime,6.26565868799662
FramaCExecutionTime,42.08125151599961
TotalExecutionTime,1321.1315423569977
