InputGenerationTime,0.05265666600462282
ProfilingTime,10.896331673000532
SimulationTime,2.973696947999997
FramaCExecutionTime,41.49356549300137
TotalExecutionTime,1191.262336202999
