InputGenerationTime,0.04088580200186698
ProfilingTime,10.106292999997095
SimulationTime,5.340319007002108
FramaCExecutionTime,46.09346962199925
TotalExecutionTime,854.5797351459987
