InputGenerationTime,0.07192333900093217
ProfilingTime,10.028357200000755
SimulationTime,48.545032005000394
FramaCExecutionTime,39.947012405998976
TotalExecutionTime,276.4418818450031
