InputGenerationTime,0.01157555900135776
ProfilingTime,10.425087436000467
SimulationTime,51.68120362600166
FramaCExecutionTime,37.79498738999973
TotalExecutionTime,5059.442867545
