InputGenerationTime,0.03659036000317428
ProfilingTime,11.26435573100025
SimulationTime,6.763678975999937
FramaCExecutionTime,43.33275046799827
TotalExecutionTime,1604.490215591999
