InputGenerationTime,0.02358301000094798
ProfilingTime,10.066240995998669
SimulationTime,5.771111441999892
FramaCExecutionTime,34.802208841998436
TotalExecutionTime,142.7515941469992
