InputGenerationTime,0.11015815800055861
ProfilingTime,11.71945900299761
SimulationTime,53.522292773996014
FramaCExecutionTime,48.40303555400169
TotalExecutionTime,2121.747056138993
