InputGenerationTime,0.05692466000073182
ProfilingTime,10.15409697799987
SimulationTime,6.5561134870004025
FramaCExecutionTime,39.214578377999715
TotalExecutionTime,1597.7546927310013
