InputGenerationTime,0.10100196998973843
ProfilingTime,19.67557690499234
SimulationTime,14.681036099995254
FramaCExecutionTime,42.211014248998254
TotalExecutionTime,936.250046643996
