InputGenerationTime,0.02583890700043412
ProfilingTime,11.126869683001132
SimulationTime,52.72885818500072
FramaCExecutionTime,39.279005670003244
TotalExecutionTime,5128.964022710999
