InputGenerationTime,0.0590006890015502
ProfilingTime,10.897442494002462
SimulationTime,17.230613062001794
FramaCExecutionTime,113.22399641499942
TotalExecutionTime,4908.109384654999
