InputGenerationTime,0.06297201899724314
ProfilingTime,10.793577516000369
SimulationTime,54.963274029003514
FramaCExecutionTime,39.85762919300032
TotalExecutionTime,796.2387658240041
