InputGenerationTime,0.02688553600000887
ProfilingTime,11.441462589999901
SimulationTime,7.057671034000009
FramaCExecutionTime,36.49362706299996
TotalExecutionTime,722.92070768
