InputGenerationTime,0.0852646759885829
ProfilingTime,10.157546911999816
SimulationTime,93.0831288920017
FramaCExecutionTime,42.89104297501035
TotalExecutionTime,2391.6219875079987
