InputGenerationTime,0.10372775399991951
ProfilingTime,10.788248071999988
SimulationTime,50.6138083120004
FramaCExecutionTime,41.57309912600067
TotalExecutionTime,5557.2819192120005
