InputGenerationTime,0.02624188499612501
ProfilingTime,9.549577685997065
SimulationTime,5.3095479650000925
FramaCExecutionTime,71.5697110770052
TotalExecutionTime,1130.2705438389967
