InputGenerationTime,0.07833635200222488
ProfilingTime,10.567362677997153
SimulationTime,10.149485857997206
FramaCExecutionTime,40.119682856995496
TotalExecutionTime,159.9277132979987
