InputGenerationTime,0.02354438200018194
ProfilingTime,10.278458283000418
SimulationTime,5.380035801000304
FramaCExecutionTime,36.64489351900011
TotalExecutionTime,796.840814486
