InputGenerationTime,0.02493770999899425
ProfilingTime,9.400413317998755
SimulationTime,6.114308259000609
FramaCExecutionTime,35.02617612699942
TotalExecutionTime,1364.577948615999
