InputGenerationTime,0.06673658799991244
ProfilingTime,9.677282391999597
SimulationTime,7.074354413000037
FramaCExecutionTime,40.517046983
TotalExecutionTime,914.5519385060002
