InputGenerationTime,0.05588082099711755
ProfilingTime,11.402782568002294
SimulationTime,58.75591222499497
FramaCExecutionTime,46.176827339004376
TotalExecutionTime,1580.743839558003
