InputGenerationTime,0.02927012700092746
ProfilingTime,14.037695986997278
SimulationTime,22.002444046000164
FramaCExecutionTime,59.54822582100314
TotalExecutionTime,636.927110654
