InputGenerationTime,0.01306821499929356
ProfilingTime,11.285194331001549
SimulationTime,6.9685321130000375
FramaCExecutionTime,36.68536588400093
TotalExecutionTime,388.9768282650002
