InputGenerationTime,0.01781125200795941
ProfilingTime,10.175578104986926
SimulationTime,5.607656089996453
FramaCExecutionTime,33.69016032500076
TotalExecutionTime,918.4342150680022
