InputGenerationTime,0.02481988799991086
ProfilingTime,9.80948743299814
SimulationTime,6.232619482998416
FramaCExecutionTime,34.30475738699897
TotalExecutionTime,1291.742632180998
