InputGenerationTime,0.06592929499993261
ProfilingTime,10.693693117999828
SimulationTime,8.704292671000076
FramaCExecutionTime,40.170672405999994
TotalExecutionTime,167.91633156600028
