InputGenerationTime,0.02131568200275069
ProfilingTime,10.349036482999509
SimulationTime,6.32135708900023
FramaCExecutionTime,37.40565201899881
TotalExecutionTime,461.9107311850021
