InputGenerationTime,0.01882177800143836
ProfilingTime,10.244350042994483
SimulationTime,6.067331874000956
FramaCExecutionTime,52.14162661100272
TotalExecutionTime,2250.758742191996
