InputGenerationTime,0.01725929699932749
ProfilingTime,9.362448453999605
SimulationTime,5.780093978999503
FramaCExecutionTime,34.431736876000286
TotalExecutionTime,868.7675162609994
