InputGenerationTime,0.0207994360007433
ProfilingTime,9.905019359999642
SimulationTime,5.346335880999504
FramaCExecutionTime,34.9967234679998
TotalExecutionTime,1050.6122534790002
