InputGenerationTime,0.01333866200002376
ProfilingTime,10.71278026899381
SimulationTime,5.9394537180050975
FramaCExecutionTime,48.59325111399812
TotalExecutionTime,1165.1609544950043
