InputGenerationTime,0.11479880199476611
ProfilingTime,10.089736564987106
SimulationTime,8.553223363007419
FramaCExecutionTime,42.08872573199915
TotalExecutionTime,1628.8536693499918
