InputGenerationTime,0.02938545899814926
ProfilingTime,10.273714532995655
SimulationTime,6.205132991999562
FramaCExecutionTime,38.626025493998895
TotalExecutionTime,16340.696329326001
