InputGenerationTime,0.02121638599783182
ProfilingTime,14.890549435993307
SimulationTime,8.044606338997255
FramaCExecutionTime,42.12937589098874
TotalExecutionTime,1336.906272594002
