InputGenerationTime,0.06687718700050027
ProfilingTime,10.284067258000505
SimulationTime,6.81546230099957
FramaCExecutionTime,39.48932267499913
TotalExecutionTime,836.754825557
