InputGenerationTime,0.0223144050000883
ProfilingTime,11.46247050099987
SimulationTime,7.05154015700009
FramaCExecutionTime,35.90068683499999
TotalExecutionTime,1119.023058887
