InputGenerationTime,0.02931866299999797
ProfilingTime,10.778520681000032
SimulationTime,55.15435406300003
FramaCExecutionTime,39.656589833
TotalExecutionTime,417.9999799159999
