InputGenerationTime,0.06920159800029069
ProfilingTime,10.46207945199967
SimulationTime,5.6205923310008075
FramaCExecutionTime,38.74239860200032
TotalExecutionTime,1092.733639353999
