InputGenerationTime,0.05692466000073182
ProfilingTime,10.220673052001075
SimulationTime,6.896486952000487
FramaCExecutionTime,39.214578377999715
TotalExecutionTime,1496.7939492280002
