InputGenerationTime,0.02938545899814926
ProfilingTime,11.455855527994572
SimulationTime,6.3131106789951446
FramaCExecutionTime,38.626025493998895
TotalExecutionTime,16205.684547162997
