InputGenerationTime,0.06730768499983242
ProfilingTime,10.526225206998788
SimulationTime,10.969982583999808
FramaCExecutionTime,40.06123223099894
TotalExecutionTime,753.1442155730001
