InputGenerationTime,0.0500389670014556
ProfilingTime,23.338075997999113
SimulationTime,16.09726096200029
FramaCExecutionTime,110.98379368699898
TotalExecutionTime,3363.2156127519993
