InputGenerationTime,0.06888131699997757
ProfilingTime,10.72514177999983
SimulationTime,10.446597735999603
FramaCExecutionTime,39.89972157699958
TotalExecutionTime,180.33047024000007
