InputGenerationTime,0.02938545899814926
ProfilingTime,10.182716829003766
SimulationTime,6.606367305997992
FramaCExecutionTime,38.626025493998895
TotalExecutionTime,16086.527421618
