InputGenerationTime,0.0658009869948728
ProfilingTime,10.02131866599666
SimulationTime,19.68337485700613
FramaCExecutionTime,40.643793021998135
TotalExecutionTime,876.187534798999
