InputGenerationTime,0.01177785099571338
ProfilingTime,14.140632978000212
SimulationTime,9.978740586004278
FramaCExecutionTime,52.82057099800295
TotalExecutionTime,1980.2273936850033
