InputGenerationTime,0.03914463899855036
ProfilingTime,13.536632748997363
SimulationTime,7.070280480002111
FramaCExecutionTime,48.82799473100022
TotalExecutionTime,675.1349258670016
