InputGenerationTime,0.0500389670014556
ProfilingTime,22.797042479000083
SimulationTime,15.842166039001313
FramaCExecutionTime,110.98379368699898
TotalExecutionTime,2946.800212744998
