InputGenerationTime,0.06024347899983695
ProfilingTime,9.864836033999381
SimulationTime,6.636891189999915
FramaCExecutionTime,37.23784175899982
TotalExecutionTime,102.5126212920004
