InputGenerationTime,0.03220963099738583
ProfilingTime,9.648666544999287
SimulationTime,5.2146896659978665
FramaCExecutionTime,35.3322548990036
TotalExecutionTime,1458.9382630629989
