InputGenerationTime,0.05265666600462282
ProfilingTime,10.35988731800171
SimulationTime,6.04242135000095
FramaCExecutionTime,41.49356549300137
TotalExecutionTime,975.1985968570007
