InputGenerationTime,0.06673658799991244
ProfilingTime,13.536231098999906
SimulationTime,2.8310938459999306
FramaCExecutionTime,40.517046983
TotalExecutionTime,830.1816161360002
