InputGenerationTime,0.01165099699574057
ProfilingTime,9.59587099700002
SimulationTime,5.846938198999851
FramaCExecutionTime,33.58243524499994
TotalExecutionTime,1278.3493133820011
