InputGenerationTime,0.01877888300077757
ProfilingTime,13.966831462999835
SimulationTime,16.700401751000754
FramaCExecutionTime,59.614060054998845
TotalExecutionTime,568.1668652139997
