InputGenerationTime,0.05913997300012852
ProfilingTime,11.51103723199958
SimulationTime,52.414690771000096
FramaCExecutionTime,42.20031672500045
TotalExecutionTime,477.8897792179996
