InputGenerationTime,0.01543552200018894
ProfilingTime,16.267380588993547
SimulationTime,4.316262941007153
FramaCExecutionTime,39.881633352997596
TotalExecutionTime,1239.0439266790054
