InputGenerationTime,0.03755415400155471
ProfilingTime,29.172122219999437
SimulationTime,17.95363154000006
FramaCExecutionTime,131.89057868900272
TotalExecutionTime,2200.0020533459974
