InputGenerationTime,0.08479241801251192
ProfilingTime,16.05836745801207
SimulationTime,6.627760160001344
FramaCExecutionTime,41.54485546500655
TotalExecutionTime,816.0806478120066
