InputGenerationTime,0.00947702000848949
ProfilingTime,14.400172031004331
SimulationTime,55.2557680610189
FramaCExecutionTime,47.984905517994775
TotalExecutionTime,3860.126233673014
