InputGenerationTime,0.01839245700102765
ProfilingTime,9.924740656000722
SimulationTime,6.2522464969988505
FramaCExecutionTime,35.089644800000315
TotalExecutionTime,276.8683386800003
