InputGenerationTime,0.03211433500109706
ProfilingTime,11.4070923199979
SimulationTime,50.96380516699719
FramaCExecutionTime,39.37306821200036
TotalExecutionTime,1032.6260513919988
