InputGenerationTime,0.02927012700092746
ProfilingTime,13.86678357799974
SimulationTime,21.824484680997557
FramaCExecutionTime,59.54822582100314
TotalExecutionTime,564.7748092269976
