InputGenerationTime,0.01682621199870482
ProfilingTime,12.31427555398841
SimulationTime,7.10643898199487
FramaCExecutionTime,42.423894251012825
TotalExecutionTime,2273.4416998160013
