InputGenerationTime,0.00933023100515129
ProfilingTime,9.6516722400047
SimulationTime,5.325674095001887
FramaCExecutionTime,36.48298437499761
TotalExecutionTime,1441.4699225430013
