InputGenerationTime,0.07939185200120846
ProfilingTime,10.279434001000482
SimulationTime,6.041821336999419
FramaCExecutionTime,40.42274703500152
TotalExecutionTime,120.5271099040001
