InputGenerationTime,0.03755415400155471
ProfilingTime,26.173541942000156
SimulationTime,18.443031644001167
FramaCExecutionTime,131.89057868900272
TotalExecutionTime,1874.9598622429985
