InputGenerationTime,0.03469175999998697
ProfilingTime,12.490542341000037
SimulationTime,7.076083336000011
FramaCExecutionTime,61.06725525799993
TotalExecutionTime,793.7783143970009
