InputGenerationTime,0.05265666600462282
ProfilingTime,10.662323152006138
SimulationTime,6.027224412006035
FramaCExecutionTime,41.49356549300137
TotalExecutionTime,1076.4946146910006
