InputGenerationTime,0.0154482090001693
ProfilingTime,10.753348648999236
SimulationTime,51.13215356899309
FramaCExecutionTime,48.95317624400195
TotalExecutionTime,4805.432061886997
