InputGenerationTime,0.04088580200186698
ProfilingTime,10.257920611998998
SimulationTime,5.492667888996948
FramaCExecutionTime,46.09346962199925
TotalExecutionTime,822.3279174109994
