InputGenerationTime,0.02121638599783182
ProfilingTime,13.526822252999409
SimulationTime,7.323124562011799
FramaCExecutionTime,42.12937589098874
TotalExecutionTime,1468.594880196004
