InputGenerationTime,0.03238737300853245
ProfilingTime,11.197161901989602
SimulationTime,7.977042103011627
FramaCExecutionTime,43.14403645200946
TotalExecutionTime,801.696814779003
