InputGenerationTime,0.01730999299979885
ProfilingTime,9.545143634997658
SimulationTime,5.567450100999849
FramaCExecutionTime,44.544735395000316
TotalExecutionTime,132.88671008600068
