InputGenerationTime,0.02827716300089378
ProfilingTime,13.715601364001486
SimulationTime,7.649687942001037
FramaCExecutionTime,39.25252934300079
TotalExecutionTime,786.7959978129984
