InputGenerationTime,0.0613212600001134
ProfilingTime,11.327338244009297
SimulationTime,56.14889874399523
FramaCExecutionTime,40.81122030799452
TotalExecutionTime,1180.4860974420008
