InputGenerationTime,0.02227763999690069
ProfilingTime,11.432378121004149
SimulationTime,6.968828249999206
FramaCExecutionTime,40.6428507610035
TotalExecutionTime,875.3307331420001
