InputGenerationTime,0.02234565999242477
ProfilingTime,11.781178140998236
SimulationTime,54.497541482996894
FramaCExecutionTime,39.94511723800679
TotalExecutionTime,5600.533805498999
