InputGenerationTime,0.06693528000323568
ProfilingTime,10.935262526996667
SimulationTime,52.35229791200254
FramaCExecutionTime,41.80391053999483
TotalExecutionTime,5462.587443660006
