InputGenerationTime,0.06097441100064316
ProfilingTime,10.132822424999176
SimulationTime,48.75648633199671
FramaCExecutionTime,39.61232570200082
TotalExecutionTime,2114.0903166690005
