InputGenerationTime,0.01046458700147923
ProfilingTime,9.67766470999777
SimulationTime,5.407461783004692
FramaCExecutionTime,35.76380379799957
TotalExecutionTime,1439.5124962990012
