InputGenerationTime,0.0763670619999175
ProfilingTime,10.125762907002354
SimulationTime,6.794636831000389
FramaCExecutionTime,39.75321220000478
TotalExecutionTime,73.35421929500444
