InputGenerationTime,0.01594695199310081
ProfilingTime,10.478718454003683
SimulationTime,6.8176851970056305
FramaCExecutionTime,46.48600257499493
TotalExecutionTime,696.0919379519983
