InputGenerationTime,0.06687718700050027
ProfilingTime,10.099306424001043
SimulationTime,6.5695903610012465
FramaCExecutionTime,39.48932267499913
TotalExecutionTime,524.6565304590004
