InputGenerationTime,0.02481988799991086
ProfilingTime,10.036650517999078
SimulationTime,6.336047912998765
FramaCExecutionTime,34.30475738699897
TotalExecutionTime,1640.3145474119992
