InputGenerationTime,0.01543552200018894
ProfilingTime,14.971249986992916
SimulationTime,53.57561653800076
FramaCExecutionTime,39.881633352997596
TotalExecutionTime,793.8082890939986
