InputGenerationTime,0.0500389670014556
ProfilingTime,28.237161037002807
SimulationTime,16.07626430399978
FramaCExecutionTime,110.98379368699898
TotalExecutionTime,2908.050537318999
