InputGenerationTime,0.0223144050000883
ProfilingTime,11.264794212000197
SimulationTime,6.875174210000068
FramaCExecutionTime,35.90068683499999
TotalExecutionTime,1336.659631453
