InputGenerationTime,0.05706629699852783
ProfilingTime,10.902221119002206
SimulationTime,6.95773287499469
FramaCExecutionTime,40.58814870099741
TotalExecutionTime,339.4178956359974
