InputGenerationTime,0.10587871700408868
ProfilingTime,13.703729973989539
SimulationTime,50.83065935999912
FramaCExecutionTime,43.57780704900506
TotalExecutionTime,2407.6227902099927
