InputGenerationTime,0.07971650699983002
ProfilingTime,10.689731127000414
SimulationTime,50.02653997199923
FramaCExecutionTime,40.773911910000606
TotalExecutionTime,1942.091223173
