InputGenerationTime,0.03158086500002355
ProfilingTime,9.889172198000097
SimulationTime,6.279463422999925
FramaCExecutionTime,36.47446528099999
TotalExecutionTime,536.965874715
