InputGenerationTime,0.06687718700050027
ProfilingTime,10.001625779999813
SimulationTime,6.436761774999468
FramaCExecutionTime,39.48932267499913
TotalExecutionTime,871.3507809580005
