InputGenerationTime,0.03148683500012339
ProfilingTime,10.340443179999966
SimulationTime,6.87207730099999
FramaCExecutionTime,43.64821819200006
TotalExecutionTime,576.4024936999999
