InputGenerationTime,0.12734451101277955
ProfilingTime,10.293799915001728
SimulationTime,6.263169867001125
FramaCExecutionTime,39.92448624499957
TotalExecutionTime,252.77007082400087
