InputGenerationTime,0.02913684999657562
ProfilingTime,9.701723088001017
SimulationTime,4.650800044997595
FramaCExecutionTime,35.218215351000254
TotalExecutionTime,453.276433195002
