InputGenerationTime,0.0613212600001134
ProfilingTime,11.406018637004308
SimulationTime,56.70043017801072
FramaCExecutionTime,40.81122030799452
TotalExecutionTime,1400.9057916309976
