InputGenerationTime,0.03220963099738583
ProfilingTime,9.755857329997525
SimulationTime,4.867263674001151
FramaCExecutionTime,35.3322548990036
TotalExecutionTime,1175.4977275159981
