InputGenerationTime,0.01165099699574057
ProfilingTime,10.156545392994303
SimulationTime,6.013573295000242
FramaCExecutionTime,33.58243524499994
TotalExecutionTime,1326.8873498549947
