InputGenerationTime,0.02332559400019818
ProfilingTime,10.067570069000794
SimulationTime,6.540591951998067
FramaCExecutionTime,45.93521431100089
TotalExecutionTime,726.3179600130024
