InputGenerationTime,0.04088580200186698
ProfilingTime,10.129858054999204
SimulationTime,5.400918095001543
FramaCExecutionTime,46.09346962199925
TotalExecutionTime,530.0322640879967
