InputGenerationTime,0.02471806799985643
ProfilingTime,10.039763773000004
SimulationTime,6.018807393000088
FramaCExecutionTime,36.439571203000014
TotalExecutionTime,212.74593565600003
