InputGenerationTime,0.05595495499437675
ProfilingTime,11.583429428996169
SimulationTime,7.094714566002949
FramaCExecutionTime,40.309179092000704
TotalExecutionTime,1264.0998933919982
