InputGenerationTime,0.08946731199102942
ProfilingTime,9.862322832006612
SimulationTime,9.369278020996717
FramaCExecutionTime,41.71104338199075
TotalExecutionTime,519.2044390279916
