InputGenerationTime,0.02429182899868465
ProfilingTime,10.230181869999797
SimulationTime,5.20853330799946
FramaCExecutionTime,45.97813112299991
TotalExecutionTime,746.0845111750023
