InputGenerationTime,0.0159012049989542
ProfilingTime,11.236823047001963
SimulationTime,5.826942728999711
FramaCExecutionTime,48.892538050997246
TotalExecutionTime,532.4717660899987
