InputGenerationTime,0.02881482700104243
ProfilingTime,11.56675358999928
SimulationTime,16.7580587199991
FramaCExecutionTime,55.802621858998464
TotalExecutionTime,856.2833561900006
