InputGenerationTime,0.03211433500109706
ProfilingTime,9.910552462999476
SimulationTime,46.67523292700207
FramaCExecutionTime,39.37306821200036
TotalExecutionTime,3536.0124198539997
