InputGenerationTime,0.10587871700408868
ProfilingTime,9.945782770999358
SimulationTime,49.7050808089989
FramaCExecutionTime,43.57780704900506
TotalExecutionTime,1728.943962911988
