InputGenerationTime,0.02881482700104243
ProfilingTime,12.22977321199869
SimulationTime,2.6367068990002736
FramaCExecutionTime,55.802621858998464
TotalExecutionTime,1272.978013103002
