InputGenerationTime,0.06190480099940032
ProfilingTime,10.390175090999037
SimulationTime,6.411026737998327
FramaCExecutionTime,40.04177317700123
TotalExecutionTime,831.6162686700009
