InputGenerationTime,0.06674171199847478
ProfilingTime,10.537812616006704
SimulationTime,50.30570324900327
FramaCExecutionTime,40.77649916699738
TotalExecutionTime,2091.1118776489893
