InputGenerationTime,0.10177876400121022
ProfilingTime,10.057800898997812
SimulationTime,6.603354074002709
FramaCExecutionTime,40.503118693988654
TotalExecutionTime,957.8166018420015
