InputGenerationTime,0.06674171199847478
ProfilingTime,10.057698675998836
SimulationTime,50.417315803002566
FramaCExecutionTime,40.77649916699738
TotalExecutionTime,2273.143144827991
