InputGenerationTime,0.03211433500109706
ProfilingTime,11.337186507000297
SimulationTime,51.68953847300145
FramaCExecutionTime,39.37306821200036
TotalExecutionTime,1687.8296826609949
