InputGenerationTime,0.02481988799991086
ProfilingTime,9.752029981002124
SimulationTime,6.2076219219998165
FramaCExecutionTime,34.30475738699897
TotalExecutionTime,1340.0445881080013
