InputGenerationTime,0.06687718700050027
ProfilingTime,10.460458567000387
SimulationTime,6.673125407000043
FramaCExecutionTime,39.48932267499913
TotalExecutionTime,682.4827898920012
