InputGenerationTime,0.06693528000323568
ProfilingTime,10.292984290004824
SimulationTime,51.247320142996614
FramaCExecutionTime,41.80391053999483
TotalExecutionTime,4522.252058410995
