InputGenerationTime,0.09763066199957393
ProfilingTime,10.547670673004177
SimulationTime,7.146724557998823
FramaCExecutionTime,40.35617790700053
TotalExecutionTime,711.9027687860071
