InputGenerationTime,0.01725929699932749
ProfilingTime,9.533079156000895
SimulationTime,5.824235382999177
FramaCExecutionTime,34.431736876000286
TotalExecutionTime,899.3977495159997
