InputGenerationTime,0.06789501200000814
ProfilingTime,10.238613389999955
SimulationTime,5.83303504200012
FramaCExecutionTime,36.73994468700039
TotalExecutionTime,150.59745879500042
