InputGenerationTime,0.01951889699921594
ProfilingTime,9.780023297998923
SimulationTime,4.845081836001555
FramaCExecutionTime,35.60998623500018
TotalExecutionTime,93.23780538699975
