InputGenerationTime,0.02154857700043067
ProfilingTime,10.173973324999679
SimulationTime,48.89451128700057
FramaCExecutionTime,36.822960536999744
TotalExecutionTime,2527.174635249001
