InputGenerationTime,0.10587871700408868
ProfilingTime,10.485713364003459
SimulationTime,50.50594449699565
FramaCExecutionTime,43.57780704900506
TotalExecutionTime,2031.4439656670002
