InputGenerationTime,0.01908354100305587
ProfilingTime,9.698156769998604
SimulationTime,5.344727216001047
FramaCExecutionTime,45.59387044799951
TotalExecutionTime,532.8372382960006
