InputGenerationTime,0.02931866299999797
ProfilingTime,11.25040414899999
SimulationTime,50.82447539099999
FramaCExecutionTime,39.656589833
TotalExecutionTime,101.76712918299998
