InputGenerationTime,0.01848810700175818
ProfilingTime,9.779594753999845
SimulationTime,5.053919366997434
FramaCExecutionTime,35.19626918999711
TotalExecutionTime,933.3269207170015
