InputGenerationTime,0.10799351200694218
ProfilingTime,10.216662570994231
SimulationTime,7.286458230999415
FramaCExecutionTime,41.71048603999952
TotalExecutionTime,719.1075116529973
