InputGenerationTime,0.07460761899710633
ProfilingTime,9.852959434996592
SimulationTime,15.03385915599938
FramaCExecutionTime,39.61733392599854
TotalExecutionTime,114.4274919719901
