InputGenerationTime,0.07939185200120846
ProfilingTime,10.758085903000392
SimulationTime,6.6829178069983755
FramaCExecutionTime,40.42274703500152
TotalExecutionTime,155.07999715500046
