InputGenerationTime,0.05992229399998905
ProfilingTime,10.012468048997107
SimulationTime,6.482396383995365
FramaCExecutionTime,40.947449245002645
TotalExecutionTime,852.3720745480023
