InputGenerationTime,0.01144098601071164
ProfilingTime,9.893158298000344
SimulationTime,7.434697749005863
FramaCExecutionTime,34.14544824699988
TotalExecutionTime,847.3491271090024
