InputGenerationTime,0.02913684999657562
ProfilingTime,9.731799351000518
SimulationTime,5.280014115000085
FramaCExecutionTime,35.218215351000254
TotalExecutionTime,512.6597368479997
