InputGenerationTime,0.06097441100064316
ProfilingTime,10.189022755999758
SimulationTime,48.70068228400123
FramaCExecutionTime,39.61232570200082
TotalExecutionTime,1876.3427055160028
