InputGenerationTime,0.01905658200121252
ProfilingTime,10.649050927000644
SimulationTime,5.707214141002623
FramaCExecutionTime,35.78832621900074
TotalExecutionTime,1039.3196522430007
