InputGenerationTime,0.07484678299806546
ProfilingTime,10.750912929994229
SimulationTime,6.7729254590012715
FramaCExecutionTime,41.74371946800238
TotalExecutionTime,1465.142379097997
