InputGenerationTime,0.01267333799842163
ProfilingTime,9.91217688100005
SimulationTime,47.14809627199975
FramaCExecutionTime,34.714407606999885
TotalExecutionTime,1967.2581057320003
