InputGenerationTime,0.01605060899964883
ProfilingTime,12.280558083002688
SimulationTime,2.513993816999573
FramaCExecutionTime,55.23388443600197
TotalExecutionTime,568.3427293210007
