InputGenerationTime,0.10799351200694218
ProfilingTime,9.76515284999914
SimulationTime,7.04540911699587
FramaCExecutionTime,41.71048603999952
TotalExecutionTime,493.3300181969971
