InputGenerationTime,0.11479880199476611
ProfilingTime,13.422208378004143
SimulationTime,8.792826548000448
FramaCExecutionTime,42.08872573199915
TotalExecutionTime,1708.6807010310004
