InputGenerationTime,0.06693528000323568
ProfilingTime,10.555473343003541
SimulationTime,52.65274336699804
FramaCExecutionTime,41.80391053999483
TotalExecutionTime,5541.260097600003
