InputGenerationTime,0.02481988799991086
ProfilingTime,10.32159728699844
SimulationTime,6.427300868999737
FramaCExecutionTime,34.30475738699897
TotalExecutionTime,1573.7606816080006
