InputGenerationTime,0.02354438200018194
ProfilingTime,10.161033452000083
SimulationTime,5.90146362600035
FramaCExecutionTime,36.64489351900011
TotalExecutionTime,543.926422513
