InputGenerationTime,0.02332559400019818
ProfilingTime,10.065270987997792
SimulationTime,6.426950913002656
FramaCExecutionTime,45.93521431100089
TotalExecutionTime,524.8137279460025
