InputGenerationTime,0.10142935998737812
ProfilingTime,10.169012605998432
SimulationTime,50.274754844998824
FramaCExecutionTime,42.27029998799844
TotalExecutionTime,3305.2657464889926
