InputGenerationTime,0.05998602900035621
ProfilingTime,10.255801792000057
SimulationTime,6.14830604800045
FramaCExecutionTime,38.65595949999988
TotalExecutionTime,985.7072528770004
