InputGenerationTime,0.01877888300077757
ProfilingTime,18.064262769999914
SimulationTime,2.995416378002119
FramaCExecutionTime,59.614060054998845
TotalExecutionTime,589.2481600829997
