InputGenerationTime,0.057158976997016
ProfilingTime,10.316060458004358
SimulationTime,9.554050315004133
FramaCExecutionTime,37.9393298319992
TotalExecutionTime,528.8704807940012
