InputGenerationTime,0.0154482090001693
ProfilingTime,10.489367443005904
SimulationTime,51.22777252199012
FramaCExecutionTime,48.95317624400195
TotalExecutionTime,4743.518638715992
