InputGenerationTime,0.09801700900061405
ProfilingTime,11.211027093000666
SimulationTime,51.13780517199848
FramaCExecutionTime,38.37650828900041
TotalExecutionTime,3655.6802852260007
