InputGenerationTime,0.04088580200186698
ProfilingTime,10.489883474001545
SimulationTime,6.110770800005412
FramaCExecutionTime,46.09346962199925
TotalExecutionTime,631.2080688900023
