InputGenerationTime,0.02305058599813492
ProfilingTime,13.563076295999053
SimulationTime,8.709883952000382
FramaCExecutionTime,58.556756318001135
TotalExecutionTime,179.06314285999906
