InputGenerationTime,0.07852797899977304
ProfilingTime,10.775097721008933
SimulationTime,11.82196355900669
FramaCExecutionTime,48.29240481999295
TotalExecutionTime,893.8929729319934
