InputGenerationTime,0.08479241801251192
ProfilingTime,9.576579479995416
SimulationTime,6.534617848999915
FramaCExecutionTime,41.54485546500655
TotalExecutionTime,485.0574960960075
