InputGenerationTime,0.09784811999998055
ProfilingTime,10.198556527000619
SimulationTime,7.293849476001924
FramaCExecutionTime,41.55466879501182
TotalExecutionTime,1548.840003261008
