InputGenerationTime,0.07971650699983002
ProfilingTime,10.897281333000137
SimulationTime,50.337552860999494
FramaCExecutionTime,40.773911910000606
TotalExecutionTime,2312.558061797001
