InputGenerationTime,0.02234565999242477
ProfilingTime,11.721109552992857
SimulationTime,54.916344151002704
FramaCExecutionTime,39.94511723800679
TotalExecutionTime,5468.495100860993
