InputGenerationTime,0.0207994360007433
ProfilingTime,9.67430599599993
SimulationTime,5.232022520999635
FramaCExecutionTime,34.9967234679998
TotalExecutionTime,1125.6212595300003
