InputGenerationTime,0.0738430739947944
ProfilingTime,10.13069859299867
SimulationTime,8.399502360996848
FramaCExecutionTime,42.79753851800342
TotalExecutionTime,1720.3607179829996
