InputGenerationTime,0.0301440870098304
ProfilingTime,11.03101406499627
SimulationTime,15.75126800799626
FramaCExecutionTime,39.158365137991495
TotalExecutionTime,1600.2063479839999
