InputGenerationTime,0.057158976997016
ProfilingTime,10.080407276996993
SimulationTime,10.92375031299889
FramaCExecutionTime,37.9393298319992
TotalExecutionTime,155.96049693399982
