InputGenerationTime,0.06297201899724314
ProfilingTime,10.316016040997056
SimulationTime,52.7068259459993
FramaCExecutionTime,39.85762919300032
TotalExecutionTime,1464.2709298260015
