InputGenerationTime,0.08069114800036914
ProfilingTime,9.947277218999261
SimulationTime,6.849549728000056
FramaCExecutionTime,37.93133167399992
TotalExecutionTime,1037.5791366840003
