InputGenerationTime,0.01343886599988764
ProfilingTime,10.617897819999598
SimulationTime,47.707590256
FramaCExecutionTime,35.34428882700013
TotalExecutionTime,2079.9457188479996
