InputGenerationTime,0.02227763999690069
ProfilingTime,12.117470477001916
SimulationTime,7.166431091995037
FramaCExecutionTime,40.6428507610035
TotalExecutionTime,595.1255357859991
