InputGenerationTime,0.01144098601071164
ProfilingTime,9.975358933006646
SimulationTime,7.64419218301191
FramaCExecutionTime,34.14544824699988
TotalExecutionTime,687.8620768739929
