InputGenerationTime,0.03753126999072265
ProfilingTime,9.862111351001658
SimulationTime,8.476863222997054
FramaCExecutionTime,36.719459897998604
TotalExecutionTime,1481.5230537090101
