InputGenerationTime,0.11740471799566876
ProfilingTime,11.417246272001648
SimulationTime,77.69275237299735
FramaCExecutionTime,50.78784949700639
TotalExecutionTime,1911.1496162010008
