InputGenerationTime,0.02131568200275069
ProfilingTime,10.433992363003199
SimulationTime,6.296090959003777
FramaCExecutionTime,37.40565201899881
TotalExecutionTime,775.2933743829999
