InputGenerationTime,0.02493770999899425
ProfilingTime,9.275640441999712
SimulationTime,5.9990759049997
FramaCExecutionTime,35.02617612699942
TotalExecutionTime,1441.7198275399987
