InputGenerationTime,0.03064069100219058
ProfilingTime,10.383459456003038
SimulationTime,6.434281596997607
FramaCExecutionTime,34.7892839849992
TotalExecutionTime,547.0685217909995
