InputGenerationTime,0.02187398799287621
ProfilingTime,9.73176058199897
SimulationTime,6.852953895999235
FramaCExecutionTime,33.94771063499502
TotalExecutionTime,83.68434469499334
