InputGenerationTime,0.01267333799842163
ProfilingTime,9.890803124999366
SimulationTime,46.95649227800095
FramaCExecutionTime,34.714407606999885
TotalExecutionTime,2024.1362295529998
