InputGenerationTime,0.01306821499929356
ProfilingTime,11.083121742998628
SimulationTime,6.580491497999901
FramaCExecutionTime,36.68536588400093
TotalExecutionTime,291.71989149100045
