InputGenerationTime,0.06373837799947069
ProfilingTime,9.871854357000302
SimulationTime,6.78248836199964
FramaCExecutionTime,37.73800484300045
TotalExecutionTime,602.1981595860007
