InputGenerationTime,0.02195946400752291
ProfilingTime,13.824068945017643
SimulationTime,55.188397354999324
FramaCExecutionTime,50.55869247901137
TotalExecutionTime,6063.285262043995
