InputGenerationTime,0.02583890700043412
ProfilingTime,10.637923850001243
SimulationTime,51.59813745599968
FramaCExecutionTime,39.279005670003244
TotalExecutionTime,6401.990422622999
