InputGenerationTime,0.02688553600000887
ProfilingTime,10.91487477399994
SimulationTime,6.342848187000072
FramaCExecutionTime,36.49362706299996
TotalExecutionTime,557.372883152
