InputGenerationTime,0.01177785099571338
ProfilingTime,12.764507874002447
SimulationTime,7.457069819000026
FramaCExecutionTime,52.82057099800295
TotalExecutionTime,1710.4848086440034
