InputGenerationTime,0.00933023100515129
ProfilingTime,9.62461686500319
SimulationTime,5.199519506000797
FramaCExecutionTime,36.48298437499761
TotalExecutionTime,1198.2474840970026
