InputGenerationTime,0.11606005700014066
ProfilingTime,9.962413581990404
SimulationTime,49.45417577700573
FramaCExecutionTime,42.19512809099979
TotalExecutionTime,279.83018386799085
