InputGenerationTime,0.02624188499612501
ProfilingTime,9.930507245000626
SimulationTime,5.554106691997731
FramaCExecutionTime,71.5697110770052
TotalExecutionTime,1420.1459891259947
