InputGenerationTime,0.02927012700092746
ProfilingTime,13.585995765999542
SimulationTime,21.427018815000338
FramaCExecutionTime,59.54822582100314
TotalExecutionTime,750.9754495339985
