InputGenerationTime,0.05998602900035621
ProfilingTime,9.832190122000611
SimulationTime,6.080753117999848
FramaCExecutionTime,38.65595949999988
TotalExecutionTime,1066.5574548280001
