InputGenerationTime,0.04750419400079409
ProfilingTime,37.22461651300546
SimulationTime,26.228638720000163
FramaCExecutionTime,91.2054417679974
TotalExecutionTime,474.5070311890013
