InputGenerationTime,0.02121638599783182
ProfilingTime,15.842607847996987
SimulationTime,9.450640912997187
FramaCExecutionTime,42.12937589098874
TotalExecutionTime,1559.1131526829995
