InputGenerationTime,0.01605060899964883
ProfilingTime,11.508441551999567
SimulationTime,17.505652512998495
FramaCExecutionTime,55.23388443600197
TotalExecutionTime,404.8505989969999
