InputGenerationTime,0.01905658200121252
ProfilingTime,10.086977687999024
SimulationTime,4.771774022003228
FramaCExecutionTime,35.78832621900074
TotalExecutionTime,1236.0350054660012
