InputGenerationTime,0.05998602900035621
ProfilingTime,10.35172280199913
SimulationTime,7.0077302629997575
FramaCExecutionTime,38.65595949999988
TotalExecutionTime,1132.678307268001
