InputGenerationTime,0.07192333900093217
ProfilingTime,10.519635493998067
SimulationTime,49.24694325100063
FramaCExecutionTime,39.947012405998976
TotalExecutionTime,395.54978602900155
