InputGenerationTime,0.01682621199870482
ProfilingTime,14.60911259999557
SimulationTime,8.529549402999692
FramaCExecutionTime,42.423894251012825
TotalExecutionTime,1974.9083393689943
