InputGenerationTime,0.02358301000094798
ProfilingTime,9.776300182000341
SimulationTime,5.348513851000462
FramaCExecutionTime,34.802208841998436
TotalExecutionTime,49.96044560500013
