InputGenerationTime,0.02429182899868465
ProfilingTime,10.035054209998634
SimulationTime,5.359136330996989
FramaCExecutionTime,45.97813112299991
TotalExecutionTime,620.3559861409994
