InputGenerationTime,0.02354438200018194
ProfilingTime,9.919202332999703
SimulationTime,5.453771622999739
FramaCExecutionTime,36.64489351900011
TotalExecutionTime,527.809275911
