InputGenerationTime,0.01003517399658449
ProfilingTime,11.872725187997275
SimulationTime,6.509468299002037
FramaCExecutionTime,46.60673828200379
TotalExecutionTime,255.77085241700115
