InputGenerationTime,0.01647902900003828
ProfilingTime,11.906727977009723
SimulationTime,6.288119958000607
FramaCExecutionTime,48.37001351900108
TotalExecutionTime,1000.4419870409911
