InputGenerationTime,0.01207756999792764
ProfilingTime,13.324183315999107
SimulationTime,59.0722221380056
FramaCExecutionTime,45.69947358400168
TotalExecutionTime,2728.031831074997
