InputGenerationTime,0.04271512100240216
ProfilingTime,37.44707474899769
SimulationTime,26.32215722699766
FramaCExecutionTime,140.39492750800127
TotalExecutionTime,2841.4379274569983
