InputGenerationTime,0.06297201899724314
ProfilingTime,11.996124547004001
SimulationTime,4.5943813949998
FramaCExecutionTime,39.85762919300032
TotalExecutionTime,1138.6710595320037
