InputGenerationTime,0.03618974800338037
ProfilingTime,9.682863667010679
SimulationTime,11.403417042005458
FramaCExecutionTime,38.09326741400582
TotalExecutionTime,59.230115115991794
