InputGenerationTime,0.0738430739947944
ProfilingTime,9.60100872899784
SimulationTime,17.561394958000164
FramaCExecutionTime,42.79753851800342
TotalExecutionTime,1864.531393514997
