InputGenerationTime,0.07833635200222488
ProfilingTime,10.464435877998767
SimulationTime,9.690967768998235
FramaCExecutionTime,40.119682856995496
TotalExecutionTime,283.3545369499989
