InputGenerationTime,0.10142935998737812
ProfilingTime,13.619602992999717
SimulationTime,4.123568298004102
FramaCExecutionTime,42.27029998799844
TotalExecutionTime,3870.254507435995
