InputGenerationTime,0.0590006890015502
ProfilingTime,22.50312818800012
SimulationTime,24.789840344001277
FramaCExecutionTime,113.22399641499942
TotalExecutionTime,4104.220088112001
