InputGenerationTime,0.01328051500604488
ProfilingTime,13.345445334998658
SimulationTime,6.449369730005856
FramaCExecutionTime,41.48226086300565
TotalExecutionTime,558.3156987489929
