InputGenerationTime,0.05706629699852783
ProfilingTime,10.638497539002856
SimulationTime,6.670557798999653
FramaCExecutionTime,40.58814870099741
TotalExecutionTime,391.910165235
