InputGenerationTime,0.07322397099778755
ProfilingTime,11.314932154004055
SimulationTime,5.812774988997262
FramaCExecutionTime,39.72697308399802
TotalExecutionTime,1587.6272975050015
