InputGenerationTime,0.0745205179991899
ProfilingTime,9.788197320012841
SimulationTime,5.6557476529997075
FramaCExecutionTime,41.4757383850083
TotalExecutionTime,518.7287871360022
