InputGenerationTime,0.02859270799672231
ProfilingTime,11.986614109002403
SimulationTime,54.49653151199891
FramaCExecutionTime,44.789751115997205
TotalExecutionTime,4355.0892107949985
