InputGenerationTime,0.02377328900183784
ProfilingTime,10.147623638000368
SimulationTime,5.932747605002078
FramaCExecutionTime,35.40231949600275
TotalExecutionTime,944.0698391780006
