InputGenerationTime,0.07971650699983002
ProfilingTime,10.746289532000446
SimulationTime,49.950181915999565
FramaCExecutionTime,40.773911910000606
TotalExecutionTime,2188.789097289
