InputGenerationTime,0.07647114399878774
ProfilingTime,13.598039522999898
SimulationTime,40.179126465998706
FramaCExecutionTime,39.74868804399739
TotalExecutionTime,934.3784152490116
