InputGenerationTime,0.10799351200694218
ProfilingTime,10.24429039900133
SimulationTime,7.675904460003949
FramaCExecutionTime,41.71048603999952
TotalExecutionTime,649.7727813450038
