InputGenerationTime,0.07971650699983002
ProfilingTime,10.478820356000142
SimulationTime,49.736362473000554
FramaCExecutionTime,40.773911910000606
TotalExecutionTime,2821.461580243
