InputGenerationTime,0.02913684999657562
ProfilingTime,9.846343390003312
SimulationTime,4.972774786998343
FramaCExecutionTime,35.218215351000254
TotalExecutionTime,557.3881648840033
