InputGenerationTime,0.11606005700014066
ProfilingTime,10.466117164003663
SimulationTime,50.10415558599925
FramaCExecutionTime,42.19512809099979
TotalExecutionTime,942.4844435389969
