InputGenerationTime,0.00933023100515129
ProfilingTime,9.512764535000315
SimulationTime,5.505935763998423
FramaCExecutionTime,36.48298437499761
TotalExecutionTime,1213.3151799430052
