InputGenerationTime,0.08946731199102942
ProfilingTime,10.071124117006548
SimulationTime,9.329045574995689
FramaCExecutionTime,41.71104338199075
TotalExecutionTime,100.38651846199355
