InputGenerationTime,0.03125360700141755
ProfilingTime,13.291578435000702
SimulationTime,8.783249477997742
FramaCExecutionTime,56.99454582999897
TotalExecutionTime,1801.5576177250005
