InputGenerationTime,0.01343886599988764
ProfilingTime,10.662222154999654
SimulationTime,47.952690336999694
FramaCExecutionTime,35.34428882700013
TotalExecutionTime,1668.1278825779996
