InputGenerationTime,0.01165099699574057
ProfilingTime,9.717492572992342
SimulationTime,5.860403158003464
FramaCExecutionTime,33.58243524499994
TotalExecutionTime,1406.1496444380027
