InputGenerationTime,0.00933023100515129
ProfilingTime,9.919211174004886
SimulationTime,6.724541981995571
FramaCExecutionTime,36.48298437499761
TotalExecutionTime,1320.8874801040001
