InputGenerationTime,0.01543552200018894
ProfilingTime,16.436142029997427
SimulationTime,55.59620077699947
FramaCExecutionTime,39.881633352997596
TotalExecutionTime,1311.1163092619972
