InputGenerationTime,0.09513172299193684
ProfilingTime,10.028692057006992
SimulationTime,49.56252242899791
FramaCExecutionTime,42.57547555399651
TotalExecutionTime,4336.47338734199
