InputGenerationTime,0.01908354100305587
ProfilingTime,9.598567180997634
SimulationTime,5.369065414000943
FramaCExecutionTime,45.59387044799951
TotalExecutionTime,547.8240718199995
