InputGenerationTime,0.10799351200694218
ProfilingTime,10.11196714300604
SimulationTime,7.491052682991722
FramaCExecutionTime,41.71048603999952
TotalExecutionTime,579.2421296459943
