InputGenerationTime,0.06920159800029069
ProfilingTime,9.910227108999607
SimulationTime,5.097089668999615
FramaCExecutionTime,38.74239860200032
TotalExecutionTime,1155.0336627020006
