InputGenerationTime,0.09603555100329686
ProfilingTime,9.587186930002645
SimulationTime,5.6620799730008
FramaCExecutionTime,41.09978809001041
TotalExecutionTime,1243.7233978769946
