InputGenerationTime,0.03220963099738583
ProfilingTime,9.92104922299768
SimulationTime,5.168675940003595
FramaCExecutionTime,35.3322548990036
TotalExecutionTime,1308.9559869430013
