InputGenerationTime,0.09513172299193684
ProfilingTime,9.729974116999074
SimulationTime,49.495498522999696
FramaCExecutionTime,42.57547555399651
TotalExecutionTime,4931.96256126299
