InputGenerationTime,0.01968984300037846
ProfilingTime,10.38084248299856
SimulationTime,5.775077548998524
FramaCExecutionTime,38.81064819900348
TotalExecutionTime,649.4338380539994
