InputGenerationTime,0.01594695199310081
ProfilingTime,10.753152091994707
SimulationTime,6.6602573829950416
FramaCExecutionTime,46.48600257499493
TotalExecutionTime,644.9767879540013
