InputGenerationTime,0.01306821499929356
ProfilingTime,11.001974902001166
SimulationTime,7.491332973000681
FramaCExecutionTime,36.68536588400093
TotalExecutionTime,370.4542910250002
