InputGenerationTime,0.07852797899977304
ProfilingTime,11.401208253999357
SimulationTime,12.943658276999486
FramaCExecutionTime,48.29240481999295
TotalExecutionTime,728.2896734669921
