InputGenerationTime,0.00933023100515129
ProfilingTime,9.520483455999056
SimulationTime,5.325119877001271
FramaCExecutionTime,36.48298437499761
TotalExecutionTime,1335.7646650440001
