InputGenerationTime,0.07258483800069371
ProfilingTime,10.227689680999902
SimulationTime,5.9889467849998255
FramaCExecutionTime,38.576597549000326
TotalExecutionTime,103.91479927100045
