InputGenerationTime,0.0763670619999175
ProfilingTime,10.788161830998433
SimulationTime,7.096699555004307
FramaCExecutionTime,39.75321220000478
TotalExecutionTime,212.60568586700538
