InputGenerationTime,0.01695346001361031
ProfilingTime,13.575549904999207
SimulationTime,53.79050615000597
FramaCExecutionTime,51.14702446399315
TotalExecutionTime,1328.8153880239988
