InputGenerationTime,0.01039334099914413
ProfilingTime,9.955452474001504
SimulationTime,5.130290934001096
FramaCExecutionTime,36.1268426799943
TotalExecutionTime,999.3798401680033
