InputGenerationTime,0.02195946400752291
ProfilingTime,14.46328846400138
SimulationTime,56.309864351002034
FramaCExecutionTime,50.55869247901137
TotalExecutionTime,5611.749481133011
