InputGenerationTime,0.11479880199476611
ProfilingTime,10.131610604003072
SimulationTime,9.153281995997531
FramaCExecutionTime,42.08872573199915
TotalExecutionTime,1667.2888909559988
