InputGenerationTime,0.11479880199476611
ProfilingTime,10.165918565005995
SimulationTime,8.926908515000832
FramaCExecutionTime,42.08872573199915
TotalExecutionTime,1686.4300997179962
