InputGenerationTime,0.12183218299469445
ProfilingTime,9.918313829010003
SimulationTime,75.85531352899852
FramaCExecutionTime,43.303145281999605
TotalExecutionTime,1729.8112227379897
