InputGenerationTime,0.01343886599988764
ProfilingTime,10.849572933000672
SimulationTime,47.92232239900022
FramaCExecutionTime,35.34428882700013
TotalExecutionTime,2255.117426178
