InputGenerationTime,0.06888131699997757
ProfilingTime,10.739284543000394
SimulationTime,10.22689951600114
FramaCExecutionTime,39.89972157699958
TotalExecutionTime,429.0171110629999
