InputGenerationTime,0.02387934099533595
ProfilingTime,15.098993891006103
SimulationTime,54.05364382499829
FramaCExecutionTime,40.29103302399744
TotalExecutionTime,2957.4521955920063
