InputGenerationTime,0.01695346001361031
ProfilingTime,13.187902417994337
SimulationTime,53.27346328400017
FramaCExecutionTime,51.14702446399315
TotalExecutionTime,1261.373072700997
