InputGenerationTime,0.05913997300012852
ProfilingTime,11.401420526000038
SimulationTime,50.31695309600036
FramaCExecutionTime,42.20031672500045
TotalExecutionTime,413.9357053630001
