InputGenerationTime,0.11740471799566876
ProfilingTime,11.214640196005348
SimulationTime,87.23468583200884
FramaCExecutionTime,50.78784949700639
TotalExecutionTime,2475.7515946839994
