InputGenerationTime,0.01306821499929356
ProfilingTime,11.092934263000643
SimulationTime,6.282747774999734
FramaCExecutionTime,36.68536588400093
TotalExecutionTime,273.9972324500013
