InputGenerationTime,0.02493770999899425
ProfilingTime,9.606588667000324
SimulationTime,6.0770009879997815
FramaCExecutionTime,35.02617612699942
TotalExecutionTime,1426.3895746029993
