InputGenerationTime,0.06674171199847478
ProfilingTime,10.204305817009299
SimulationTime,49.6767633749987
FramaCExecutionTime,40.77649916699738
TotalExecutionTime,1546.9179362189898
