InputGenerationTime,0.01600631699989208
ProfilingTime,11.053879753000047
SimulationTime,6.417533621999837
FramaCExecutionTime,36.088396689999854
TotalExecutionTime,381.7573698860001
