InputGenerationTime,0.02624188499612501
ProfilingTime,10.513815602993418
SimulationTime,6.201529055004357
FramaCExecutionTime,71.5697110770052
TotalExecutionTime,1322.829336263996
