InputGenerationTime,0.01333866200002376
ProfilingTime,10.874889198996243
SimulationTime,6.26394796599925
FramaCExecutionTime,48.59325111399812
TotalExecutionTime,1216.007202435998
