InputGenerationTime,0.01781125200795941
ProfilingTime,9.664562277990626
SimulationTime,5.543987975994241
FramaCExecutionTime,33.69016032500076
TotalExecutionTime,1153.1246814070037
