InputGenerationTime,0.06687718700050027
ProfilingTime,10.420058580000841
SimulationTime,7.049983683999017
FramaCExecutionTime,39.48932267499913
TotalExecutionTime,734.7849488320007
