InputGenerationTime,0.07727786700706929
ProfilingTime,10.302305641002022
SimulationTime,6.554833119997056
FramaCExecutionTime,40.76006832699932
TotalExecutionTime,200.71561140099948
