InputGenerationTime,0.01877888300077757
ProfilingTime,13.83763873999851
SimulationTime,16.136847986999783
FramaCExecutionTime,59.614060054998845
TotalExecutionTime,709.9058399149981
