InputGenerationTime,0.02879062700048962
ProfilingTime,10.22969750700031
SimulationTime,7.432598524999776
FramaCExecutionTime,37.36917282200011
TotalExecutionTime,813.513328521999
