InputGenerationTime,0.01600631699989208
ProfilingTime,11.36398314600001
SimulationTime,6.7182067109999934
FramaCExecutionTime,36.088396689999854
TotalExecutionTime,332.94904004600016
