InputGenerationTime,0.09513172299193684
ProfilingTime,10.434401065998827
SimulationTime,50.04056103200128
FramaCExecutionTime,42.57547555399651
TotalExecutionTime,5373.062128893987
