InputGenerationTime,0.00947702000848949
ProfilingTime,13.25838806599495
SimulationTime,53.64027473599708
FramaCExecutionTime,47.984905517994775
TotalExecutionTime,3234.2132551319955
