InputGenerationTime,0.04653632100234972
ProfilingTime,10.65190488799999
SimulationTime,51.56473056200048
FramaCExecutionTime,41.64242968399776
TotalExecutionTime,3087.2870043250005
