InputGenerationTime,0.01165099699574057
ProfilingTime,9.930974190006964
SimulationTime,6.208915979004814
FramaCExecutionTime,33.58243524499994
TotalExecutionTime,1534.2258509649982
