InputGenerationTime,0.09784811999998055
ProfilingTime,10.407418309012428
SimulationTime,7.655383937002625
FramaCExecutionTime,41.55466879501182
TotalExecutionTime,1405.7347648239956
