InputGenerationTime,0.07192333900093217
ProfilingTime,10.635881713002163
SimulationTime,49.36642723099794
FramaCExecutionTime,39.947012405998976
TotalExecutionTime,992.0438534480018
