InputGenerationTime,0.02583890700043412
ProfilingTime,10.545828416994482
SimulationTime,51.57205522699951
FramaCExecutionTime,39.279005670003244
TotalExecutionTime,5699.403130344996
