InputGenerationTime,0.01730999299979885
ProfilingTime,9.779637554998772
SimulationTime,6.313983729000029
FramaCExecutionTime,44.544735395000316
TotalExecutionTime,229.68735312399804
