InputGenerationTime,0.10142935998737812
ProfilingTime,9.853987763999612
SimulationTime,51.477298918995075
FramaCExecutionTime,42.27029998799844
TotalExecutionTime,4174.372205554988
