InputGenerationTime,0.0301166839999496
ProfilingTime,10.001205512000524
SimulationTime,5.04550664099952
FramaCExecutionTime,35.60818583100081
TotalExecutionTime,1491.601734165999
