InputGenerationTime,0.05913997300012852
ProfilingTime,11.297180753999783
SimulationTime,50.03025859599984
FramaCExecutionTime,42.20031672500045
TotalExecutionTime,168.0225085660004
