InputGenerationTime,0.07192333900093217
ProfilingTime,10.407304722000845
SimulationTime,49.14521256199805
FramaCExecutionTime,39.947012405998976
TotalExecutionTime,694.4589828550015
