InputGenerationTime,0.01877888300077757
ProfilingTime,12.333212170000479
SimulationTime,16.079084438999416
FramaCExecutionTime,59.614060054998845
TotalExecutionTime,145.1412800830003
