InputGenerationTime,0.01605060899964883
ProfilingTime,11.475137637000444
SimulationTime,16.731697092000104
FramaCExecutionTime,55.23388443600197
TotalExecutionTime,83.46425315800298
