InputGenerationTime,0.01647902900003828
ProfilingTime,12.255727740004659
SimulationTime,6.544139854988316
FramaCExecutionTime,48.37001351900108
TotalExecutionTime,820.0861717029911
