InputGenerationTime,0.06281015000058687
ProfilingTime,10.20590752499993
SimulationTime,5.611189036000724
FramaCExecutionTime,39.76741987800051
TotalExecutionTime,1314.0018187599999
