InputGenerationTime,0.01344646500365343
ProfilingTime,11.881719046999933
SimulationTime,54.95531093099271
FramaCExecutionTime,41.5655235019949
TotalExecutionTime,4366.499847043
