InputGenerationTime,0.06592929499993261
ProfilingTime,9.967914658999689
SimulationTime,7.549979019000148
FramaCExecutionTime,40.170672405999994
TotalExecutionTime,75.9680397269999
