InputGenerationTime,0.09603555100329686
ProfilingTime,9.92605745200126
SimulationTime,5.906714177996037
FramaCExecutionTime,41.09978809001041
TotalExecutionTime,965.8496812800004
