InputGenerationTime,0.02881482700104243
ProfilingTime,12.252848559000995
SimulationTime,16.51313058999949
FramaCExecutionTime,55.802621858998464
TotalExecutionTime,1056.877870905002
