InputGenerationTime,0.01344646500365343
ProfilingTime,11.388013161005802
SimulationTime,55.08150294999359
FramaCExecutionTime,41.5655235019949
TotalExecutionTime,4299.625183147
