InputGenerationTime,0.03753126999072265
ProfilingTime,10.389624055998866
SimulationTime,11.153976697998587
FramaCExecutionTime,36.719459897998604
TotalExecutionTime,1835.3602140360017
