InputGenerationTime,0.11479880199476611
ProfilingTime,9.782400666998
SimulationTime,8.672378232993651
FramaCExecutionTime,42.08872573199915
TotalExecutionTime,1590.7404744939995
