InputGenerationTime,0.04653632100234972
ProfilingTime,10.472640375002811
SimulationTime,51.25120800500008
FramaCExecutionTime,41.64242968399776
TotalExecutionTime,3211.034999469004
