InputGenerationTime,0.0154482090001693
ProfilingTime,10.833123043004889
SimulationTime,53.2408278130024
FramaCExecutionTime,48.95317624400195
TotalExecutionTime,4998.0616212110035
