InputGenerationTime,0.01725929699932749
ProfilingTime,9.265547216999039
SimulationTime,5.931434424999679
FramaCExecutionTime,34.431736876000286
TotalExecutionTime,1052.671522065999
