InputGenerationTime,0.01519978199939942
ProfilingTime,10.934340357998735
SimulationTime,6.0293807679991005
FramaCExecutionTime,35.97166418199777
TotalExecutionTime,1571.186765876002
