InputGenerationTime,0.01328051500604488
ProfilingTime,14.032322012004443
SimulationTime,7.457023509996361
FramaCExecutionTime,41.48226086300565
TotalExecutionTime,126.41689523898822
