InputGenerationTime,0.0155301419999887
ProfilingTime,10.092765309000242
SimulationTime,48.37302237299991
FramaCExecutionTime,35.18779909500063
TotalExecutionTime,1960.1868705059997
