InputGenerationTime,0.0852646759885829
ProfilingTime,9.8153918349999
SimulationTime,89.69911929199588
FramaCExecutionTime,42.89104297501035
TotalExecutionTime,2288.263314495998
