InputGenerationTime,0.08069114800036914
ProfilingTime,10.267924776000655
SimulationTime,7.141355864999241
FramaCExecutionTime,37.93133167399992
TotalExecutionTime,1020.7498975420003
