InputGenerationTime,0.02493770999899425
ProfilingTime,9.29592077000052
SimulationTime,5.981208499000786
FramaCExecutionTime,35.02617612699942
TotalExecutionTime,1519.497688116
