InputGenerationTime,0.02931866299999797
ProfilingTime,10.817108136000115
SimulationTime,56.006497211999886
FramaCExecutionTime,39.656589833
TotalExecutionTime,945.6485835130001
