InputGenerationTime,0.01877888300077757
ProfilingTime,14.307808680998278
SimulationTime,16.83124584699908
FramaCExecutionTime,59.614060054998845
TotalExecutionTime,264.1835895269978
