InputGenerationTime,0.0763670619999175
ProfilingTime,10.406456264994631
SimulationTime,6.897781028004829
FramaCExecutionTime,39.75321220000478
TotalExecutionTime,177.10798322600021
