InputGenerationTime,0.07647114399878774
ProfilingTime,10.066012405004585
SimulationTime,41.60334184500971
FramaCExecutionTime,39.74868804399739
TotalExecutionTime,728.3709289719991
