InputGenerationTime,0.02583890700043412
ProfilingTime,10.668830722002895
SimulationTime,51.064425266005856
FramaCExecutionTime,39.279005670003244
TotalExecutionTime,6277.287063285003
