InputGenerationTime,0.0590006890015502
ProfilingTime,9.027886471001693
SimulationTime,15.702212935997522
FramaCExecutionTime,113.22399641499942
TotalExecutionTime,4716.653923372
