InputGenerationTime,0.01003517399658449
ProfilingTime,14.942394352001429
SimulationTime,7.21663733299647
FramaCExecutionTime,46.60673828200379
TotalExecutionTime,356.76337640999554
