InputGenerationTime,0.11740471799566876
ProfilingTime,11.070446541998535
SimulationTime,75.8080812249973
FramaCExecutionTime,50.78784949700639
TotalExecutionTime,3036.584262319011
