InputGenerationTime,0.0171071029981249
ProfilingTime,11.016231806002907
SimulationTime,5.82943066500593
FramaCExecutionTime,49.93881574000261
TotalExecutionTime,483.56763864200184
