InputGenerationTime,0.05595495499437675
ProfilingTime,11.681737815000815
SimulationTime,7.172571795003023
FramaCExecutionTime,40.309179092000704
TotalExecutionTime,1357.863442900998
