InputGenerationTime,0.0658009869948728
ProfilingTime,10.456954355002381
SimulationTime,11.424130905987113
FramaCExecutionTime,40.643793021998135
TotalExecutionTime,1394.6389983580011
