InputGenerationTime,0.04750419400079409
ProfilingTime,18.599253148997377
SimulationTime,12.00101500400342
FramaCExecutionTime,91.2054417679974
TotalExecutionTime,798.6843832999948
