InputGenerationTime,0.057158976997016
ProfilingTime,10.53130220300227
SimulationTime,9.345707123997272
FramaCExecutionTime,37.9393298319992
TotalExecutionTime,487.5155404859979
