InputGenerationTime,0.12734451101277955
ProfilingTime,10.390412802997162
SimulationTime,6.478518952993909
FramaCExecutionTime,39.92448624499957
TotalExecutionTime,285.97619177700835
