InputGenerationTime,0.01968984300037846
ProfilingTime,10.621718125999905
SimulationTime,5.502231625003333
FramaCExecutionTime,38.81064819900348
TotalExecutionTime,808.1643800309976
