InputGenerationTime,0.11479880199476611
ProfilingTime,10.336419788000057
SimulationTime,8.79777464500512
FramaCExecutionTime,42.08872573199915
TotalExecutionTime,1496.2679647729965
