InputGenerationTime,0.06789501200000814
ProfilingTime,9.648539852001704
SimulationTime,5.510929871001281
FramaCExecutionTime,36.73994468700039
TotalExecutionTime,165.8109485189998
