InputGenerationTime,0.01157555900135776
ProfilingTime,10.455705978994956
SimulationTime,51.393507761000365
FramaCExecutionTime,37.79498738999973
TotalExecutionTime,4810.874894566001
