InputGenerationTime,0.06673658799991244
ProfilingTime,10.37431019099995
SimulationTime,6.367279686999609
FramaCExecutionTime,40.517046983
TotalExecutionTime,864.2460775200002
