InputGenerationTime,0.06465608299913583
ProfilingTime,9.427196074997482
SimulationTime,5.066883918996609
FramaCExecutionTime,38.55570130500564
TotalExecutionTime,496.36051192099694
