InputGenerationTime,0.02485292500932701
ProfilingTime,11.415755594003713
SimulationTime,8.067592620995129
FramaCExecutionTime,41.027538213995285
TotalExecutionTime,1442.3721120010014
