InputGenerationTime,0.07192333900093217
ProfilingTime,10.622793763999653
SimulationTime,4.535896839999623
FramaCExecutionTime,39.947012405998976
TotalExecutionTime,1067.1336667480027
