InputGenerationTime,0.09763066199957393
ProfilingTime,10.519151533997501
SimulationTime,7.0416565089981304
FramaCExecutionTime,40.35617790700053
TotalExecutionTime,822.1257112620006
