InputGenerationTime,0.09763066199957393
ProfilingTime,10.332610386998567
SimulationTime,6.702925113000674
FramaCExecutionTime,40.35617790700053
TotalExecutionTime,728.9838504650033
