InputGenerationTime,0.02688553600000887
ProfilingTime,11.364307216999805
SimulationTime,6.782032466999908
FramaCExecutionTime,36.49362706299996
TotalExecutionTime,869.597418545
