InputGenerationTime,0.02624188499612501
ProfilingTime,10.317276745001436
SimulationTime,5.385482133999176
FramaCExecutionTime,71.5697110770052
TotalExecutionTime,1388.1339194829998
