InputGenerationTime,0.11879277000844013
ProfilingTime,10.917663544008974
SimulationTime,50.64903911500005
FramaCExecutionTime,41.30239897700085
TotalExecutionTime,225.33352371198998
