InputGenerationTime,0.01121654300368391
ProfilingTime,14.47832792600093
SimulationTime,7.715336858993396
FramaCExecutionTime,48.89147891699395
TotalExecutionTime,1839.0221119009948
