InputGenerationTime,0.03618974800338037
ProfilingTime,9.756585110997548
SimulationTime,12.178821777997655
FramaCExecutionTime,38.09326741400582
TotalExecutionTime,299.9648625289992
