InputGenerationTime,0.08442942600049719
ProfilingTime,10.074557863000337
SimulationTime,6.667333037999924
FramaCExecutionTime,38.66163072400013
TotalExecutionTime,1712.8474041010004
