InputGenerationTime,0.01839245700102765
ProfilingTime,10.219517936999182
SimulationTime,6.200270223998814
FramaCExecutionTime,35.089644800000315
TotalExecutionTime,147.36596673799977
