InputGenerationTime,0.02387934099533595
ProfilingTime,14.099290423007915
SimulationTime,52.612523021991365
FramaCExecutionTime,40.29103302399744
TotalExecutionTime,1757.2968156910065
