InputGenerationTime,0.01725929699932749
ProfilingTime,9.427452976000495
SimulationTime,5.732290350999392
FramaCExecutionTime,34.431736876000286
TotalExecutionTime,945.3217932349999
