InputGenerationTime,0.0738430739947944
ProfilingTime,11.317475256000762
SimulationTime,8.186439435005013
FramaCExecutionTime,42.79753851800342
TotalExecutionTime,2186.776479139997
