InputGenerationTime,0.11606005700014066
ProfilingTime,10.417395572992973
SimulationTime,50.0615398230002
FramaCExecutionTime,42.19512809099979
TotalExecutionTime,639.4097419879981
