InputGenerationTime,0.01968984300037846
ProfilingTime,10.157052463997388
SimulationTime,5.694397295999806
FramaCExecutionTime,38.81064819900348
TotalExecutionTime,617.2727540499982
