InputGenerationTime,0.02429182899868465
ProfilingTime,10.182001311997738
SimulationTime,5.318434625998634
FramaCExecutionTime,45.97813112299991
TotalExecutionTime,573.0923547330021
