InputGenerationTime,0.02471806799985643
ProfilingTime,10.21038148699995
SimulationTime,5.838230332000194
FramaCExecutionTime,36.439571203000014
TotalExecutionTime,354.71868066599995
