InputGenerationTime,0.01839245700102765
ProfilingTime,9.94895951000035
SimulationTime,5.997587202000432
FramaCExecutionTime,35.089644800000315
TotalExecutionTime,163.34169673799988
