InputGenerationTime,0.01951889699921594
ProfilingTime,10.011625012999502
SimulationTime,4.904376623000644
FramaCExecutionTime,35.60998623500018
TotalExecutionTime,153.06343588100026
