InputGenerationTime,0.02931866299999797
ProfilingTime,10.77034784400007
SimulationTime,56.17366836499991
FramaCExecutionTime,39.656589833
TotalExecutionTime,878.787393857
