InputGenerationTime,0.02234565999242477
ProfilingTime,12.138300223989063
SimulationTime,54.98052015599387
FramaCExecutionTime,39.94511723800679
TotalExecutionTime,5068.2662348919985
