InputGenerationTime,0.06687718700050027
ProfilingTime,10.21396238700072
SimulationTime,6.7011906530005945
FramaCExecutionTime,39.48932267499913
TotalExecutionTime,491.15961498900106
