InputGenerationTime,0.12734451101277955
ProfilingTime,10.042666314999224
SimulationTime,6.277097473008325
FramaCExecutionTime,39.92448624499957
TotalExecutionTime,119.91922283399617
