InputGenerationTime,0.07322397099778755
ProfilingTime,10.099641437001992
SimulationTime,5.67101279200142
FramaCExecutionTime,39.72697308399802
TotalExecutionTime,1352.0669229359992
