InputGenerationTime,0.02859270799672231
ProfilingTime,11.225897400996473
SimulationTime,52.7958126529993
FramaCExecutionTime,44.789751115997205
TotalExecutionTime,4963.015535804996
