InputGenerationTime,0.08442942600049719
ProfilingTime,9.981825037999442
SimulationTime,6.587083181999333
FramaCExecutionTime,38.66163072400013
TotalExecutionTime,1546.3307630730005
