InputGenerationTime,0.02358301000094798
ProfilingTime,9.959789444001217
SimulationTime,5.489988276000076
FramaCExecutionTime,34.802208841998436
TotalExecutionTime,111.34815790599896
