InputGenerationTime,0.02354438200018194
ProfilingTime,9.811170908999884
SimulationTime,5.452888896999866
FramaCExecutionTime,36.64489351900011
TotalExecutionTime,481.88101884399975
