InputGenerationTime,0.0159012049989542
ProfilingTime,11.555143648998637
SimulationTime,5.8625584350011195
FramaCExecutionTime,48.892538050997246
TotalExecutionTime,841.366509518004
