InputGenerationTime,0.01848810700175818
ProfilingTime,9.588801676000003
SimulationTime,4.820947817999695
FramaCExecutionTime,35.19626918999711
TotalExecutionTime,962.7423347170043
