InputGenerationTime,0.10100196998973843
ProfilingTime,10.071594351000385
SimulationTime,10.676536241997383
FramaCExecutionTime,42.211014248998254
TotalExecutionTime,563.1169980239938
