InputGenerationTime,0.07647114399878774
ProfilingTime,10.14034786800039
SimulationTime,45.9436802949931
FramaCExecutionTime,39.74868804399739
TotalExecutionTime,421.641156075013
