InputGenerationTime,0.01682621199870482
ProfilingTime,16.063966353001888
SimulationTime,11.022851760993944
FramaCExecutionTime,42.423894251012825
TotalExecutionTime,2140.3620277610025
