InputGenerationTime,0.02306895500078099
ProfilingTime,11.305637182002101
SimulationTime,5.813528618000419
FramaCExecutionTime,45.48063135499979
TotalExecutionTime,619.5951619439984
