InputGenerationTime,0.01594695199310081
ProfilingTime,10.50083307299792
SimulationTime,6.386993778993201
FramaCExecutionTime,46.48600257499493
TotalExecutionTime,845.3500401549973
