InputGenerationTime,0.02481988799991086
ProfilingTime,10.06697626299865
SimulationTime,6.423924762999377
FramaCExecutionTime,34.30475738699897
TotalExecutionTime,1456.7746302619998
