InputGenerationTime,0.01882177800143836
ProfilingTime,9.964682634999917
SimulationTime,6.124094150000019
FramaCExecutionTime,52.14162661100272
TotalExecutionTime,2150.7613786629954
