InputGenerationTime,0.01121654300368391
ProfilingTime,12.405406938996748
SimulationTime,7.117298385986942
FramaCExecutionTime,48.89147891699395
TotalExecutionTime,1629.2082637199928
