InputGenerationTime,0.03659036000317428
ProfilingTime,11.341016321995994
SimulationTime,7.115954262000741
FramaCExecutionTime,43.33275046799827
TotalExecutionTime,1622.989693181
