InputGenerationTime,0.05377575800230261
ProfilingTime,9.730479391997505
SimulationTime,5.104433068998333
FramaCExecutionTime,38.171050539000134
TotalExecutionTime,914.8046996179983
