InputGenerationTime,0.04750419400079409
ProfilingTime,17.999867468999582
SimulationTime,11.223230594005145
FramaCExecutionTime,91.2054417679974
TotalExecutionTime,212.53494898400095
