InputGenerationTime,0.01328051500604488
ProfilingTime,14.822587688002386
SimulationTime,7.978822243996547
FramaCExecutionTime,41.48226086300565
TotalExecutionTime,330.65945361199556
