InputGenerationTime,0.09513172299193684
ProfilingTime,13.562080326999421
SimulationTime,4.343097431992646
FramaCExecutionTime,42.57547555399651
TotalExecutionTime,5251.77833848499
