InputGenerationTime,0.06281015000058687
ProfilingTime,10.021887601000344
SimulationTime,5.19710668100015
FramaCExecutionTime,39.76741987800051
TotalExecutionTime,1407.6615906059997
