InputGenerationTime,0.01306821499929356
ProfilingTime,10.39030814599937
SimulationTime,5.460847674999968
FramaCExecutionTime,36.68536588400093
TotalExecutionTime,160.77693203499985
