InputGenerationTime,0.0385067209990666
ProfilingTime,10.389091070999712
SimulationTime,5.592746962000092
FramaCExecutionTime,37.904336684001464
TotalExecutionTime,627.4327134630003
