InputGenerationTime,0.07833635200222488
ProfilingTime,10.544927606002602
SimulationTime,10.229917653996381
FramaCExecutionTime,40.119682856995496
TotalExecutionTime,304.1538058859951
