InputGenerationTime,0.02881482700104243
ProfilingTime,12.01419705599983
SimulationTime,16.33944937600245
FramaCExecutionTime,55.802621858998464
TotalExecutionTime,1085.2488604890023
