InputGenerationTime,0.08211587400001008
ProfilingTime,10.340548462001607
SimulationTime,6.2983793479943415
FramaCExecutionTime,42.833708010999544
TotalExecutionTime,1382.907271187003
