InputGenerationTime,0.02859270799672231
ProfilingTime,11.359425115006161
SimulationTime,54.56928053699812
FramaCExecutionTime,44.789751115997205
TotalExecutionTime,3832.842047348997
