InputGenerationTime,0.05595495499437675
ProfilingTime,11.40397221600142
SimulationTime,7.194665987997723
FramaCExecutionTime,40.309179092000704
TotalExecutionTime,1282.7465076829976
