InputGenerationTime,0.01882177800143836
ProfilingTime,10.132141044996388
SimulationTime,6.8652592610014835
FramaCExecutionTime,52.14162661100272
TotalExecutionTime,2200.1686932640005
