InputGenerationTime,0.02358301000094798
ProfilingTime,9.744202003999817
SimulationTime,5.469863467998948
FramaCExecutionTime,34.802208841998436
TotalExecutionTime,65.20312446999924
