InputGenerationTime,0.01839245700102765
ProfilingTime,10.159343173998423
SimulationTime,6.147216788998776
FramaCExecutionTime,35.089644800000315
TotalExecutionTime,244.81063076300052
