InputGenerationTime,0.0207994360007433
ProfilingTime,9.632187342999714
SimulationTime,5.123479743999269
FramaCExecutionTime,34.9967234679998
TotalExecutionTime,1005.341581961
