InputGenerationTime,0.02154857700043067
ProfilingTime,10.195558761999564
SimulationTime,48.24374549800086
FramaCExecutionTime,36.822960536999744
TotalExecutionTime,1624.988015207
