InputGenerationTime,0.05913997300012852
ProfilingTime,10.521926176999841
SimulationTime,50.36367237200011
FramaCExecutionTime,42.20031672500045
TotalExecutionTime,291.2748468589998
