InputGenerationTime,0.08442942600049719
ProfilingTime,11.55552378199991
SimulationTime,6.941946818999895
FramaCExecutionTime,38.66163072400013
TotalExecutionTime,1696.0690682270006
