InputGenerationTime,0.02306895500078099
ProfilingTime,9.83131714999763
SimulationTime,4.84254542400231
FramaCExecutionTime,45.48063135499979
TotalExecutionTime,449.55520321699805
