InputGenerationTime,0.06190480099940032
ProfilingTime,10.382399451998936
SimulationTime,6.693866196001181
FramaCExecutionTime,40.04177317700123
TotalExecutionTime,658.0381298360007
