InputGenerationTime,0.01877888300077757
ProfilingTime,12.416967490000388
SimulationTime,16.70065277699905
FramaCExecutionTime,59.614060054998845
TotalExecutionTime,679.9059600239998
