InputGenerationTime,0.02429182899868465
ProfilingTime,10.631869676999486
SimulationTime,5.809678809997422
FramaCExecutionTime,45.97813112299991
TotalExecutionTime,636.8391487240006
