InputGenerationTime,0.01165099699574057
ProfilingTime,9.87496751100116
SimulationTime,6.184534697997151
FramaCExecutionTime,33.58243524499994
TotalExecutionTime,1566.2656130690011
