InputGenerationTime,0.02429182899868465
ProfilingTime,10.091563745001622
SimulationTime,5.503553871996701
FramaCExecutionTime,45.97813112299991
TotalExecutionTime,541.7724313670005
