InputGenerationTime,0.0763670619999175
ProfilingTime,10.028997922003327
SimulationTime,6.985838612999942
FramaCExecutionTime,39.75321220000478
TotalExecutionTime,445.9187345510072
