InputGenerationTime,0.06652831399696879
ProfilingTime,9.79570605000481
SimulationTime,7.895809528999962
FramaCExecutionTime,38.49409825599287
TotalExecutionTime,300.6248081550002
