InputGenerationTime,0.01594695199310081
ProfilingTime,10.309000335997553
SimulationTime,6.068044795007154
FramaCExecutionTime,46.48600257499493
TotalExecutionTime,559.1613526799993
