InputGenerationTime,0.01905658200121252
ProfilingTime,11.000073723000241
SimulationTime,5.953585836999991
FramaCExecutionTime,35.78832621900074
TotalExecutionTime,956.047661290002
