InputGenerationTime,0.0341274840029655
ProfilingTime,10.50772813000367
SimulationTime,7.721046282007592
FramaCExecutionTime,37.64829516099417
TotalExecutionTime,835.2124327320053
