InputGenerationTime,0.02913684999657562
ProfilingTime,9.779044244998659
SimulationTime,5.208882592000009
FramaCExecutionTime,35.218215351000254
TotalExecutionTime,736.7271757510025
