InputGenerationTime,0.02305058599813492
ProfilingTime,14.71271784399869
SimulationTime,9.321337107001455
FramaCExecutionTime,58.556756318001135
TotalExecutionTime,334.4377827419994
