InputGenerationTime,0.06920159800029069
ProfilingTime,10.706136861999767
SimulationTime,5.710570111999914
FramaCExecutionTime,38.74239860200032
TotalExecutionTime,1076.6029462049992
