InputGenerationTime,0.11879277000844013
ProfilingTime,14.679069388992502
SimulationTime,4.494418311995105
FramaCExecutionTime,41.30239897700085
TotalExecutionTime,1122.452074601999
