InputGenerationTime,0.01519978199939942
ProfilingTime,10.284341612998105
SimulationTime,5.46851758199773
FramaCExecutionTime,35.97166418199777
TotalExecutionTime,1335.8633604030038
