InputGenerationTime,0.08479241801251192
ProfilingTime,10.079051644992433
SimulationTime,6.386455539992312
FramaCExecutionTime,41.54485546500655
TotalExecutionTime,600.2703647190065
