InputGenerationTime,0.06381965599939576
ProfilingTime,10.632223728000099
SimulationTime,6.54336152399992
FramaCExecutionTime,40.0604183079995
TotalExecutionTime,627.8911905339992
