InputGenerationTime,0.01177785099571338
ProfilingTime,14.300844324003265
SimulationTime,10.361199945000408
FramaCExecutionTime,52.82057099800295
TotalExecutionTime,1907.8093535360022
