InputGenerationTime,0.05992229399998905
ProfilingTime,10.453268835000927
SimulationTime,6.102758588996949
FramaCExecutionTime,40.947449245002645
TotalExecutionTime,482.3183186210008
