InputGenerationTime,0.06190480099940032
ProfilingTime,10.635439841000334
SimulationTime,6.734294398000202
FramaCExecutionTime,40.04177317700123
TotalExecutionTime,589.5557688839999
