InputGenerationTime,0.07460761899710633
ProfilingTime,10.52693826999166
SimulationTime,15.316225428992766
FramaCExecutionTime,39.61733392599854
TotalExecutionTime,690.1525539519935
