InputGenerationTime,0.05595495499437675
ProfilingTime,11.47080194800219
SimulationTime,6.884677306996309
FramaCExecutionTime,40.309179092000704
TotalExecutionTime,951.6449912389944
