InputGenerationTime,0.11879277000844013
ProfilingTime,10.99569483801315
SimulationTime,51.086351605001255
FramaCExecutionTime,41.30239897700085
TotalExecutionTime,915.1714208740013
