InputGenerationTime,0.10177876400121022
ProfilingTime,9.7424281029962
SimulationTime,6.942064674003632
FramaCExecutionTime,40.503118693988654
TotalExecutionTime,1290.5121159970004
