InputGenerationTime,0.08946731199102942
ProfilingTime,10.169695958000375
SimulationTime,9.497173822994228
FramaCExecutionTime,41.71104338199075
TotalExecutionTime,120.11962269499782
