InputGenerationTime,0.07971650699983002
ProfilingTime,11.197945887999595
SimulationTime,49.90517665399966
FramaCExecutionTime,40.773911910000606
TotalExecutionTime,2128.064018986999
