InputGenerationTime,0.02632365800673142
ProfilingTime,11.32170517600025
SimulationTime,8.646012854995206
FramaCExecutionTime,39.77912241400918
TotalExecutionTime,791.846720431
