InputGenerationTime,0.01647902900003828
ProfilingTime,14.112970521004172
SimulationTime,6.916942213996663
FramaCExecutionTime,48.37001351900108
TotalExecutionTime,587.127874206999
