InputGenerationTime,0.02227763999690069
ProfilingTime,11.350982579999254
SimulationTime,6.8197018670034595
FramaCExecutionTime,40.6428507610035
TotalExecutionTime,838.5993231459943
