InputGenerationTime,0.02859270799672231
ProfilingTime,11.772876529001223
SimulationTime,4.997663302005094
FramaCExecutionTime,44.789751115997205
TotalExecutionTime,4704.216722047
