InputGenerationTime,0.01003517399658449
ProfilingTime,12.227794797996467
SimulationTime,6.554760735001764
FramaCExecutionTime,46.60673828200379
TotalExecutionTime,237.36250977099553
