InputGenerationTime,0.0155301419999887
ProfilingTime,10.157570123999903
SimulationTime,48.649872125
FramaCExecutionTime,35.18779909500063
TotalExecutionTime,2251.818041707
