InputGenerationTime,0.06097441100064316
ProfilingTime,10.149014962997171
SimulationTime,48.99302288599938
FramaCExecutionTime,39.61232570200082
TotalExecutionTime,2055.1654361690016
