InputGenerationTime,0.09763066199957393
ProfilingTime,10.593297280000115
SimulationTime,7.128634854001575
FramaCExecutionTime,40.35617790700053
TotalExecutionTime,676.9775947580056
