InputGenerationTime,0.02377328900183784
ProfilingTime,9.619164963001822
SimulationTime,5.38991858299778
FramaCExecutionTime,35.40231949600275
TotalExecutionTime,1178.4133215950005
