InputGenerationTime,0.01968984300037846
ProfilingTime,10.431495144002838
SimulationTime,5.737330814001325
FramaCExecutionTime,38.81064819900348
TotalExecutionTime,552.9291380839932
