InputGenerationTime,0.01578046099984931
ProfilingTime,9.918178216000115
SimulationTime,6.406338014999847
FramaCExecutionTime,43.47882046399991
TotalExecutionTime,1614.953242523
