InputGenerationTime,0.03070392999507021
ProfilingTime,14.618265946002793
SimulationTime,7.435783525987063
FramaCExecutionTime,43.51740340801189
TotalExecutionTime,810.3079721810063
