InputGenerationTime,0.02881482700104243
ProfilingTime,11.797369204999995
SimulationTime,17.58509565699933
FramaCExecutionTime,55.802621858998464
TotalExecutionTime,1360.3044073180026
