InputGenerationTime,0.03211433500109706
ProfilingTime,10.863752779005154
SimulationTime,48.73671952300356
FramaCExecutionTime,39.37306821200036
TotalExecutionTime,1563.8962917229946
