InputGenerationTime,0.03220963099738583
ProfilingTime,10.017802143003792
SimulationTime,5.256414061994292
FramaCExecutionTime,35.3322548990036
TotalExecutionTime,1398.413748052997
