InputGenerationTime,0.07971650699983002
ProfilingTime,10.685685090000334
SimulationTime,50.45870943800037
FramaCExecutionTime,40.773911910000606
TotalExecutionTime,2700.0853692319997
