InputGenerationTime,0.01306821499929356
ProfilingTime,10.149958891999631
SimulationTime,5.423272283000188
FramaCExecutionTime,36.68536588400093
TotalExecutionTime,240.32137872300154
