InputGenerationTime,0.07484678299806546
ProfilingTime,10.917771946995344
SimulationTime,6.610332012001891
FramaCExecutionTime,41.74371946800238
TotalExecutionTime,1674.5719813789983
