InputGenerationTime,0.03755415400155471
ProfilingTime,25.473771042001317
SimulationTime,17.65287478299797
FramaCExecutionTime,131.89057868900272
TotalExecutionTime,1918.190330991998
