InputGenerationTime,0.02624188499612501
ProfilingTime,9.47530537199782
SimulationTime,5.485428750995197
FramaCExecutionTime,71.5697110770052
TotalExecutionTime,1085.494380928998
