InputGenerationTime,0.05588082099711755
ProfilingTime,11.002137980001862
SimulationTime,52.3791076530033
FramaCExecutionTime,46.176827339004376
TotalExecutionTime,2529.863697959001
