InputGenerationTime,0.02827716300089378
ProfilingTime,13.820159095997951
SimulationTime,7.6834198819997255
FramaCExecutionTime,39.25252934300079
TotalExecutionTime,701.2149618779986
