InputGenerationTime,0.11606005700014066
ProfilingTime,10.137541020012577
SimulationTime,50.23890053600189
FramaCExecutionTime,42.19512809099979
TotalExecutionTime,759.7429029319901
