InputGenerationTime,0.08934303199930582
ProfilingTime,9.805582845001481
SimulationTime,8.060152887002914
FramaCExecutionTime,40.58022558799712
TotalExecutionTime,58.540793166001095
