InputGenerationTime,0.03211433500109706
ProfilingTime,9.950701957001002
SimulationTime,47.227760524001496
FramaCExecutionTime,39.37306821200036
TotalExecutionTime,970.2108299059983
