InputGenerationTime,0.057158976997016
ProfilingTime,13.097493381996173
SimulationTime,12.500061815000663
FramaCExecutionTime,37.9393298319992
TotalExecutionTime,447.8657551329961
