InputGenerationTime,0.07630812800016429
ProfilingTime,10.297894229999656
SimulationTime,6.553298472999813
FramaCExecutionTime,39.353945180000665
TotalExecutionTime,246.20159391000016
