InputGenerationTime,0.09801700900061405
ProfilingTime,10.615141316000518
SimulationTime,50.10166652699991
FramaCExecutionTime,38.37650828900041
TotalExecutionTime,4114.433327806
