InputGenerationTime,0.03469175999998697
ProfilingTime,12.638909462999436
SimulationTime,7.007790841000315
FramaCExecutionTime,61.06725525799993
TotalExecutionTime,891.0084021469993
