InputGenerationTime,0.0207994360007433
ProfilingTime,9.795212337000521
SimulationTime,5.272219549000511
FramaCExecutionTime,34.9967234679998
TotalExecutionTime,1080.9647853320002
