InputGenerationTime,0.02493770999899425
ProfilingTime,9.25109860900011
SimulationTime,6.013348090000363
FramaCExecutionTime,35.02617612699942
TotalExecutionTime,1256.5519632469986
