InputGenerationTime,0.00947702000848949
ProfilingTime,12.20356616700883
SimulationTime,52.02734368600068
FramaCExecutionTime,47.984905517994775
TotalExecutionTime,3924.4288284660142
