InputGenerationTime,0.01328051500604488
ProfilingTime,14.948244856990641
SimulationTime,7.3471215890021995
FramaCExecutionTime,41.48226086300565
TotalExecutionTime,286.13619474699954
