InputGenerationTime,0.03168364300108806
ProfilingTime,10.336872026000492
SimulationTime,5.361725575001401
FramaCExecutionTime,52.581870406000235
TotalExecutionTime,835.2608714950002
