InputGenerationTime,0.06693528000323568
ProfilingTime,10.676123828001437
SimulationTime,52.25715912299347
FramaCExecutionTime,41.80391053999483
TotalExecutionTime,4834.110878619009
