InputGenerationTime,0.08946731199102942
ProfilingTime,10.533191576003446
SimulationTime,9.961291176005034
FramaCExecutionTime,41.71104338199075
TotalExecutionTime,499.92761306600005
