InputGenerationTime,0.02429182899868465
ProfilingTime,10.449887837999995
SimulationTime,5.205900234999717
FramaCExecutionTime,45.97813112299991
TotalExecutionTime,715.0473963590011
