InputGenerationTime,0.10142935998737812
ProfilingTime,10.744100067997351
SimulationTime,50.300200697995024
FramaCExecutionTime,42.27029998799844
TotalExecutionTime,4113.010268948987
