InputGenerationTime,0.01951889699921594
ProfilingTime,9.590475596000033
SimulationTime,4.521384354000475
FramaCExecutionTime,35.60998623500018
TotalExecutionTime,377.50726846499856
