InputGenerationTime,0.0852646759885829
ProfilingTime,10.08422388600593
SimulationTime,105.93739236699184
FramaCExecutionTime,42.89104297501035
TotalExecutionTime,3265.0934678549966
