InputGenerationTime,0.02354438200018194
ProfilingTime,10.083273972999905
SimulationTime,5.571794704999775
FramaCExecutionTime,36.64489351900011
TotalExecutionTime,638.8974830940001
