InputGenerationTime,0.01003517399658449
ProfilingTime,12.338682904999587
SimulationTime,6.587332738999976
FramaCExecutionTime,46.60673828200379
TotalExecutionTime,104.56780868100032
