InputGenerationTime,0.01600631699989208
ProfilingTime,10.763679777999869
SimulationTime,6.047999932000039
FramaCExecutionTime,36.088396689999854
TotalExecutionTime,86.45309442300004
