InputGenerationTime,0.03168364300108806
ProfilingTime,10.357885342998998
SimulationTime,5.477170639998803
FramaCExecutionTime,52.581870406000235
TotalExecutionTime,756.6682585510007
