InputGenerationTime,0.05265666600462282
ProfilingTime,10.803901847000816
SimulationTime,6.166537562006852
FramaCExecutionTime,41.49356549300137
TotalExecutionTime,1160.2516993539975
