InputGenerationTime,0.02583890700043412
ProfilingTime,10.662176901998464
SimulationTime,51.953701222002564
FramaCExecutionTime,39.279005670003244
TotalExecutionTime,5383.965310902
