InputGenerationTime,0.01600631699989208
ProfilingTime,10.946388543000012
SimulationTime,6.563222417000134
FramaCExecutionTime,36.088396689999854
TotalExecutionTime,120.80202709800005
