InputGenerationTime,0.04271512100240216
ProfilingTime,39.424557276000996
SimulationTime,25.805312218002655
FramaCExecutionTime,140.39492750800127
TotalExecutionTime,2906.8985980729994
