InputGenerationTime,0.06373837799947069
ProfilingTime,10.077932831999533
SimulationTime,6.720411178999711
FramaCExecutionTime,37.73800484300045
TotalExecutionTime,704.961305971
