InputGenerationTime,0.0738430739947944
ProfilingTime,11.3191852020027
SimulationTime,8.072306335998292
FramaCExecutionTime,42.79753851800342
TotalExecutionTime,2035.3679925899996
