InputGenerationTime,0.07939185200120846
ProfilingTime,10.540284631999384
SimulationTime,6.044731116000548
FramaCExecutionTime,40.42274703500152
TotalExecutionTime,222.1859486939993
