InputGenerationTime,0.07484678299806546
ProfilingTime,10.7580047359952
SimulationTime,6.738659897004254
FramaCExecutionTime,41.74371946800238
TotalExecutionTime,1552.2100091600005
