InputGenerationTime,0.09513172299193684
ProfilingTime,9.849498979005148
SimulationTime,48.51508088799892
FramaCExecutionTime,42.57547555399651
TotalExecutionTime,4454.422294176999
