InputGenerationTime,0.01725929699932749
ProfilingTime,9.562826891999066
SimulationTime,5.768209118999948
FramaCExecutionTime,34.431736876000286
TotalExecutionTime,1145.2759602289989
