InputGenerationTime,0.03914463899855036
ProfilingTime,13.654159464000259
SimulationTime,7.530679244999192
FramaCExecutionTime,48.82799473100022
TotalExecutionTime,760.3180695600022
