InputGenerationTime,0.02436892400146462
ProfilingTime,15.863909153005807
SimulationTime,8.20956849399954
FramaCExecutionTime,41.515238159990986
TotalExecutionTime,272.945801534006
