InputGenerationTime,0.04271512100240216
ProfilingTime,23.752257562999148
SimulationTime,19.535282184999232
FramaCExecutionTime,140.39492750800127
TotalExecutionTime,3856.5289121210008
