InputGenerationTime,0.06581077299779281
ProfilingTime,26.16501437899933
SimulationTime,17.276860409998335
FramaCExecutionTime,115.83512147400324
TotalExecutionTime,3914.217797911999
