InputGenerationTime,0.05265666600462282
ProfilingTime,10.409505879993958
SimulationTime,5.658878166002978
FramaCExecutionTime,41.49356549300137
TotalExecutionTime,910.033637200002
