InputGenerationTime,0.01578046099984931
ProfilingTime,9.925137560000167
SimulationTime,6.445509683999944
FramaCExecutionTime,43.47882046399991
TotalExecutionTime,1582.1009603
