InputGenerationTime,0.0155301419999887
ProfilingTime,9.702674210000623
SimulationTime,48.364885701000276
FramaCExecutionTime,35.18779909500063
TotalExecutionTime,1667.3635059869994
