InputGenerationTime,0.01414316500449786
ProfilingTime,10.162097873995663
SimulationTime,5.8481561410008
FramaCExecutionTime,36.11738900899945
TotalExecutionTime,528.2777243879973
