InputGenerationTime,0.01343886599988764
ProfilingTime,10.86516810699959
SimulationTime,48.11144924400014
FramaCExecutionTime,35.34428882700013
TotalExecutionTime,1786.4155176890004
