InputGenerationTime,0.04088580200186698
ProfilingTime,10.489589134995185
SimulationTime,6.132609278000018
FramaCExecutionTime,46.09346962199925
TotalExecutionTime,562.5731045389985
