InputGenerationTime,0.01962254600948654
ProfilingTime,11.085091721004574
SimulationTime,51.16105675100698
FramaCExecutionTime,48.34731471100531
TotalExecutionTime,923.6040742320038
