InputGenerationTime,0.02234565999242477
ProfilingTime,11.129206055004033
SimulationTime,54.55268536199583
FramaCExecutionTime,39.94511723800679
TotalExecutionTime,5534.223462902999
