InputGenerationTime,0.03914463899855036
ProfilingTime,13.074950000998797
SimulationTime,7.833186467993073
FramaCExecutionTime,48.82799473100022
TotalExecutionTime,634.4205712729963
