InputGenerationTime,0.01695346001361031
ProfilingTime,12.803397379000671
SimulationTime,53.38575262199447
FramaCExecutionTime,51.14702446399315
TotalExecutionTime,781.2362329809985
