InputGenerationTime,0.01781125200795941
ProfilingTime,10.128123112997855
SimulationTime,5.725858563993825
FramaCExecutionTime,33.69016032500076
TotalExecutionTime,934.3313581020047
