InputGenerationTime,0.01594695199310081
ProfilingTime,10.604267529000936
SimulationTime,6.490957725000044
FramaCExecutionTime,46.48600257499493
TotalExecutionTime,747.1079821499952
