InputGenerationTime,0.00968929698865395
ProfilingTime,12.771521048998693
SimulationTime,53.158429463001085
FramaCExecutionTime,48.13642818399239
TotalExecutionTime,2300.8877764240024
