InputGenerationTime,0.10154341699671932
ProfilingTime,9.86922016099561
SimulationTime,12.644045652006753
FramaCExecutionTime,42.076754936002544
TotalExecutionTime,2035.5447074569965
