InputGenerationTime,0.02306973400118295
ProfilingTime,9.985918569000205
SimulationTime,47.63070025200068
FramaCExecutionTime,34.95365613299873
TotalExecutionTime,321.8386296919998
