InputGenerationTime,0.06190480099940032
ProfilingTime,10.140586702000292
SimulationTime,6.210266199999751
FramaCExecutionTime,40.04177317700123
TotalExecutionTime,538.1912003310008
