InputGenerationTime,0.10142935998737812
ProfilingTime,9.974048064003
SimulationTime,49.76794898000662
FramaCExecutionTime,42.27029998799844
TotalExecutionTime,2883.740587951994
