InputGenerationTime,0.06297201899724314
ProfilingTime,11.475147496006684
SimulationTime,54.51239986700239
FramaCExecutionTime,39.85762919300032
TotalExecutionTime,730.4553064990032
