InputGenerationTime,0.0301440870098304
ProfilingTime,11.322051866009133
SimulationTime,15.70225418699556
FramaCExecutionTime,39.158365137991495
TotalExecutionTime,1546.195907440997
