InputGenerationTime,0.06465608299913583
ProfilingTime,10.351503920996038
SimulationTime,5.961845043995709
FramaCExecutionTime,38.55570130500564
TotalExecutionTime,685.057180126998
