InputGenerationTime,0.07630812800016429
ProfilingTime,10.26584519700009
SimulationTime,6.642962109999644
FramaCExecutionTime,39.353945180000665
TotalExecutionTime,122.77307909400042
