InputGenerationTime,0.05998602900035621
ProfilingTime,10.126257594998606
SimulationTime,6.012984779999897
FramaCExecutionTime,38.65595949999988
TotalExecutionTime,1181.7612698820012
