InputGenerationTime,0.05588082099711755
ProfilingTime,10.604217254003743
SimulationTime,51.98784268099553
FramaCExecutionTime,46.176827339004376
TotalExecutionTime,2024.291717029002
