InputGenerationTime,0.06373837799947069
ProfilingTime,10.691909697000483
SimulationTime,6.827565388000039
FramaCExecutionTime,37.73800484300045
TotalExecutionTime,796.7818897490006
