InputGenerationTime,0.02041564299724996
ProfilingTime,10.500437431997852
SimulationTime,6.92416916100774
FramaCExecutionTime,48.29850274599448
TotalExecutionTime,1553.5014332660066
