InputGenerationTime,0.02931866299999797
ProfilingTime,10.691872346000082
SimulationTime,54.608944156999996
FramaCExecutionTime,39.656589833
TotalExecutionTime,1224.107491384
