InputGenerationTime,0.02485292500932701
ProfilingTime,12.189332870999351
SimulationTime,8.305163828001241
FramaCExecutionTime,41.027538213995285
TotalExecutionTime,1382.42920439101
