InputGenerationTime,0.11740471799566876
ProfilingTime,10.969753455996397
SimulationTime,91.44514532999892
FramaCExecutionTime,50.78784949700639
TotalExecutionTime,2013.6462495590094
