InputGenerationTime,0.07727786700706929
ProfilingTime,10.46793518299819
SimulationTime,5.733328943999368
FramaCExecutionTime,40.76006832699932
TotalExecutionTime,135.64472270100669
