InputGenerationTime,0.06024347899983695
ProfilingTime,9.848454426999524
SimulationTime,6.500461874000393
FramaCExecutionTime,37.23784175899982
TotalExecutionTime,69.66287929900045
