InputGenerationTime,0.06674171199847478
ProfilingTime,10.412718465988291
SimulationTime,50.97892862200388
FramaCExecutionTime,40.77649916699738
TotalExecutionTime,2212.636722059993
