InputGenerationTime,0.12734451101277955
ProfilingTime,9.870830657004262
SimulationTime,5.947659719007788
FramaCExecutionTime,39.92448624499957
TotalExecutionTime,103.56525415000215
