InputGenerationTime,0.02306973400118295
ProfilingTime,9.467506888999196
SimulationTime,46.34891131100085
FramaCExecutionTime,34.95365613299873
TotalExecutionTime,1310.2907508259996
