InputGenerationTime,0.08069114800036914
ProfilingTime,9.903647877999902
SimulationTime,6.79215157300041
FramaCExecutionTime,37.93133167399992
TotalExecutionTime,1107.4001389900004
