InputGenerationTime,0.0154482090001693
ProfilingTime,10.979252724995604
SimulationTime,54.03722257199115
FramaCExecutionTime,48.95317624400195
TotalExecutionTime,5321.623345624001
