InputGenerationTime,0.01605060899964883
ProfilingTime,12.279973448999954
SimulationTime,17.155323906998092
FramaCExecutionTime,55.23388443600197
TotalExecutionTime,685.8178113970025
