InputGenerationTime,0.01267333799842163
ProfilingTime,9.962348772000041
SimulationTime,47.08240084499994
FramaCExecutionTime,34.714407606999885
TotalExecutionTime,2195.0133218930005
