InputGenerationTime,0.02688553600000887
ProfilingTime,11.276533732000075
SimulationTime,6.854980307000005
FramaCExecutionTime,36.49362706299996
TotalExecutionTime,704.402018594
