InputGenerationTime,0.06674171199847478
ProfilingTime,10.694847763006692
SimulationTime,50.546096108999336
FramaCExecutionTime,40.77649916699738
TotalExecutionTime,1847.6252587429917
