InputGenerationTime,0.00947702000848949
ProfilingTime,14.992990172991995
SimulationTime,56.99992634498631
FramaCExecutionTime,47.984905517994775
TotalExecutionTime,4209.421168961009
