InputGenerationTime,0.00947702000848949
ProfilingTime,12.530299363992526
SimulationTime,52.98366896799416
FramaCExecutionTime,47.984905517994775
TotalExecutionTime,3167.286450503001
