InputGenerationTime,0.02140154999869992
ProfilingTime,22.70177804600098
SimulationTime,15.509138811998127
FramaCExecutionTime,121.4568781320013
TotalExecutionTime,1946.9172007559973
