InputGenerationTime,0.06190480099940032
ProfilingTime,10.515613079000104
SimulationTime,6.728435876000731
FramaCExecutionTime,40.04177317700123
TotalExecutionTime,762.9987074929995
