InputGenerationTime,0.02195946400752291
ProfilingTime,15.057435070979409
SimulationTime,54.96653603197774
FramaCExecutionTime,50.55869247901137
TotalExecutionTime,6133.37029238799
