InputGenerationTime,0.07484678299806546
ProfilingTime,10.307951148999564
SimulationTime,6.3375466910001705
FramaCExecutionTime,41.74371946800238
TotalExecutionTime,1396.524258035999
