InputGenerationTime,0.02377328900183784
ProfilingTime,9.98441195599662
SimulationTime,5.7709958699997514
FramaCExecutionTime,35.40231949600275
TotalExecutionTime,1070.7162450199994
