InputGenerationTime,0.03125360700141755
ProfilingTime,14.135454695999215
SimulationTime,8.468705284998578
FramaCExecutionTime,56.99454582999897
TotalExecutionTime,1872.3971866110005
