InputGenerationTime,0.11202836499433033
ProfilingTime,9.93906653400336
SimulationTime,6.799884362000739
FramaCExecutionTime,39.724936091995914
TotalExecutionTime,173.91876809899986
