InputGenerationTime,0.02041564299724996
ProfilingTime,10.487295457991422
SimulationTime,6.419881863999763
FramaCExecutionTime,48.29850274599448
TotalExecutionTime,1395.5367332400056
