InputGenerationTime,0.01962254600948654
ProfilingTime,11.009187094008666
SimulationTime,51.63962524601084
FramaCExecutionTime,48.34731471100531
TotalExecutionTime,1252.9825367370067
