InputGenerationTime,0.09513172299193684
ProfilingTime,9.717947736004135
SimulationTime,50.73961885999597
FramaCExecutionTime,42.57547555399651
TotalExecutionTime,5553.494002312989
