InputGenerationTime,0.09784811999998055
ProfilingTime,10.267233734004549
SimulationTime,7.24316236199229
FramaCExecutionTime,41.55466879501182
TotalExecutionTime,1645.180583224006
