InputGenerationTime,0.08934303199930582
ProfilingTime,9.863770718002343
SimulationTime,7.988032972993096
FramaCExecutionTime,40.58022558799712
TotalExecutionTime,112.32774520199746
