InputGenerationTime,0.0154482090001693
ProfilingTime,10.723629398009507
SimulationTime,53.523982705999515
FramaCExecutionTime,48.95317624400195
TotalExecutionTime,5062.338425451002
