InputGenerationTime,0.06730768499983242
ProfilingTime,10.570807768001032
SimulationTime,9.78685961500014
FramaCExecutionTime,40.06123223099894
TotalExecutionTime,648.1876128289987
