InputGenerationTime,0.0745205179991899
ProfilingTime,9.800812073008274
SimulationTime,6.060338654991938
FramaCExecutionTime,41.4757383850083
TotalExecutionTime,648.1742991420033
