InputGenerationTime,0.0763670619999175
ProfilingTime,10.897240038000746
SimulationTime,7.0658565720004844
FramaCExecutionTime,39.75321220000478
TotalExecutionTime,159.7699382530045
