InputGenerationTime,0.05588082099711755
ProfilingTime,11.027000628993846
SimulationTime,52.67286603499815
FramaCExecutionTime,46.176827339004376
TotalExecutionTime,1896.7181781239997
