InputGenerationTime,0.05913997300012852
ProfilingTime,11.00482512599956
SimulationTime,51.28266677800002
FramaCExecutionTime,42.20031672500045
TotalExecutionTime,230.34818853599972
