InputGenerationTime,0.0613212600001134
ProfilingTime,11.690464729996165
SimulationTime,53.959453788993414
FramaCExecutionTime,40.81122030799452
TotalExecutionTime,442.50027905798925
