InputGenerationTime,0.06465608299913583
ProfilingTime,9.83103192600538
SimulationTime,5.421796052993159
FramaCExecutionTime,38.55570130500564
TotalExecutionTime,668.7050589060018
