InputGenerationTime,0.11479880199476611
ProfilingTime,9.924406211997848
SimulationTime,8.619665644000634
FramaCExecutionTime,42.08872573199915
TotalExecutionTime,1458.1165722989972
