InputGenerationTime,0.02377328900183784
ProfilingTime,9.599387297999783
SimulationTime,5.581985155000439
FramaCExecutionTime,35.40231949600275
TotalExecutionTime,848.8994223509999
