InputGenerationTime,0.0341274840029655
ProfilingTime,9.799611120994086
SimulationTime,8.184689437999623
FramaCExecutionTime,37.64829516099417
TotalExecutionTime,711.9506931360083
