InputGenerationTime,0.02234565999242477
ProfilingTime,10.738317609007936
SimulationTime,54.65883641099208
FramaCExecutionTime,39.94511723800679
TotalExecutionTime,4669.873036395991
