InputGenerationTime,0.01848810700175818
ProfilingTime,9.635191168999881
SimulationTime,4.568345920000866
FramaCExecutionTime,35.19626918999711
TotalExecutionTime,829.4487275680003
