InputGenerationTime,0.05992229399998905
ProfilingTime,10.540204762997746
SimulationTime,6.037988064999809
FramaCExecutionTime,40.947449245002645
TotalExecutionTime,802.2330442620005
