InputGenerationTime,0.11479880199476611
ProfilingTime,10.059646798996255
SimulationTime,8.955696763994638
FramaCExecutionTime,42.08872573199915
TotalExecutionTime,1746.9591724109923
