InputGenerationTime,0.02938545899814926
ProfilingTime,9.987378778001585
SimulationTime,6.08487131199945
FramaCExecutionTime,38.626025493998895
TotalExecutionTime,16119.880578294997
