InputGenerationTime,0.01682621199870482
ProfilingTime,13.739171672990778
SimulationTime,7.9150309519900475
FramaCExecutionTime,42.423894251012825
TotalExecutionTime,2062.0747453520016
