InputGenerationTime,0.01177785099571338
ProfilingTime,11.738948393998726
SimulationTime,6.609718252999301
FramaCExecutionTime,52.82057099800295
TotalExecutionTime,1667.7819394809994
