InputGenerationTime,0.02187398799287621
ProfilingTime,9.92228585400153
SimulationTime,7.011366544989869
FramaCExecutionTime,33.94771063499502
TotalExecutionTime,394.2260522439901
