InputGenerationTime,0.09513172299193684
ProfilingTime,10.334410930998274
SimulationTime,50.12436674100172
FramaCExecutionTime,42.57547555399651
TotalExecutionTime,4992.4482829240005
