InputGenerationTime,0.02879062700048962
ProfilingTime,10.038612254998952
SimulationTime,7.376319032000538
FramaCExecutionTime,37.36917282200011
TotalExecutionTime,848.5861258399991
