InputGenerationTime,0.10100196998973843
ProfilingTime,10.2165375679906
SimulationTime,11.523085915992851
FramaCExecutionTime,42.211014248998254
TotalExecutionTime,755.8271741009958
