InputGenerationTime,0.0301166839999496
ProfilingTime,9.948968921000414
SimulationTime,4.699737054999787
FramaCExecutionTime,35.60818583100081
TotalExecutionTime,1233.1861309079995
