InputGenerationTime,0.03125360700141755
ProfilingTime,13.408375527000317
SimulationTime,8.414381406000757
FramaCExecutionTime,56.99454582999897
TotalExecutionTime,1915.203866666001
