InputGenerationTime,0.03158086500002355
ProfilingTime,9.893759577000083
SimulationTime,6.473776934999933
FramaCExecutionTime,36.47446528099999
TotalExecutionTime,471.9277556380001
