InputGenerationTime,0.02227763999690069
ProfilingTime,11.36288813000283
SimulationTime,6.884102926997002
FramaCExecutionTime,40.6428507610035
TotalExecutionTime,743.9016180659964
