InputGenerationTime,0.08946731199102942
ProfilingTime,10.49942089500837
SimulationTime,10.028647056999034
FramaCExecutionTime,41.71104338199075
TotalExecutionTime,437.7184457479889
