InputGenerationTime,0.09801700900061405
ProfilingTime,10.894261286999608
SimulationTime,49.09793709299993
FramaCExecutionTime,38.37650828900041
TotalExecutionTime,2979.8572362350005
