InputGenerationTime,0.11879277000844013
ProfilingTime,11.881397747987648
SimulationTime,50.593419576005545
FramaCExecutionTime,41.30239897700085
TotalExecutionTime,790.4677526040032
