InputGenerationTime,0.04750419400079409
ProfilingTime,19.00185568300367
SimulationTime,13.611079845999484
FramaCExecutionTime,91.2054417679974
TotalExecutionTime,768.0480459389946
