InputGenerationTime,0.01343886599988764
ProfilingTime,10.154353306999838
SimulationTime,46.87038276800013
FramaCExecutionTime,35.34428882700013
TotalExecutionTime,2680.088343666
