InputGenerationTime,0.01594695199310081
ProfilingTime,10.623424780002097
SimulationTime,6.423066524002934
FramaCExecutionTime,46.48600257499493
TotalExecutionTime,764.1873415959999
