InputGenerationTime,0.01144098601071164
ProfilingTime,10.174896798998816
SimulationTime,7.84562634100439
FramaCExecutionTime,34.14544824699988
TotalExecutionTime,794.9198404089984
