InputGenerationTime,0.02881482700104243
ProfilingTime,11.96828248699967
SimulationTime,16.81907326899818
FramaCExecutionTime,55.802621858998464
TotalExecutionTime,1171.3936541740004
