InputGenerationTime,0.02387934099533595
ProfilingTime,17.39758708800946
SimulationTime,55.97988176600484
FramaCExecutionTime,40.29103302399744
TotalExecutionTime,2796.092607133003
