InputGenerationTime,0.01908354100305587
ProfilingTime,9.523549088997243
SimulationTime,5.373283769000409
FramaCExecutionTime,45.59387044799951
TotalExecutionTime,699.9685595189985
