InputGenerationTime,0.0613212600001134
ProfilingTime,11.591025230009109
SimulationTime,4.660608792008134
FramaCExecutionTime,40.81122030799452
TotalExecutionTime,1196.7659058939898
