InputGenerationTime,0.05992229399998905
ProfilingTime,10.350516152000637
SimulationTime,6.14197580399923
FramaCExecutionTime,40.947449245002645
TotalExecutionTime,498.84071905799647
