InputGenerationTime,0.00947702000848949
ProfilingTime,14.073526421998395
SimulationTime,54.367636244001915
FramaCExecutionTime,47.984905517994775
TotalExecutionTime,3498.2583455300046
