InputGenerationTime,0.0590006890015502
ProfilingTime,21.74411866599985
SimulationTime,24.28193090000059
FramaCExecutionTime,113.22399641499942
TotalExecutionTime,4056.860119099998
