InputGenerationTime,0.05992229399998905
ProfilingTime,10.845499285998812
SimulationTime,6.059871461002331
FramaCExecutionTime,40.947449245002645
TotalExecutionTime,719.9816275690027
