InputGenerationTime,0.05377575800230261
ProfilingTime,10.152506878002896
SimulationTime,6.136563344000024
FramaCExecutionTime,38.171050539000134
TotalExecutionTime,1009.403646230996
