InputGenerationTime,0.03211433500109706
ProfilingTime,10.32463851099601
SimulationTime,50.406851202002144
FramaCExecutionTime,39.37306821200036
TotalExecutionTime,1807.585513730999
