InputGenerationTime,0.02485292500932701
ProfilingTime,11.870301433998975
SimulationTime,8.82783689799544
FramaCExecutionTime,41.027538213995285
TotalExecutionTime,1361.8223415429966
