InputGenerationTime,0.01605060899964883
ProfilingTime,12.57667000299989
SimulationTime,17.53798635199928
FramaCExecutionTime,55.23388443600197
TotalExecutionTime,523.8131907830029
