InputGenerationTime,0.07460761899710633
ProfilingTime,9.692805152997607
SimulationTime,21.804022039999836
FramaCExecutionTime,39.61733392599854
TotalExecutionTime,145.9673345409974
