InputGenerationTime,0.02306973400118295
ProfilingTime,9.84009712400075
SimulationTime,47.38502261499889
FramaCExecutionTime,34.95365613299873
TotalExecutionTime,666.4082170769998
