InputGenerationTime,0.02624188499612501
ProfilingTime,9.634030299996084
SimulationTime,5.149233489995822
FramaCExecutionTime,71.5697110770052
TotalExecutionTime,1070.508464778999
