InputGenerationTime,0.01039334099914413
ProfilingTime,9.980203840001195
SimulationTime,5.095567213997128
FramaCExecutionTime,36.1268426799943
TotalExecutionTime,1151.0030879370024
