InputGenerationTime,0.02305058599813492
ProfilingTime,11.96351204000166
SimulationTime,7.3468584479996935
FramaCExecutionTime,58.556756318001135
TotalExecutionTime,97.21878264299812
