InputGenerationTime,0.12734451101277955
ProfilingTime,11.110112082998967
SimulationTime,7.06232765999448
FramaCExecutionTime,39.92448624499957
TotalExecutionTime,411.0991948699957
