InputGenerationTime,0.01605060899964883
ProfilingTime,12.26368796799943
SimulationTime,17.400547044999257
FramaCExecutionTime,55.23388443600197
TotalExecutionTime,493.67344235100245
