InputGenerationTime,0.07833635200222488
ProfilingTime,10.789586164006323
SimulationTime,9.78349323799921
FramaCExecutionTime,40.119682856995496
TotalExecutionTime,365.06095144400024
