InputGenerationTime,0.0500389670014556
ProfilingTime,25.04002685500018
SimulationTime,17.295124905002012
FramaCExecutionTime,110.98379368699898
TotalExecutionTime,2526.4090599789997
