InputGenerationTime,0.02140154999869992
ProfilingTime,22.35013884
SimulationTime,15.166298997999547
FramaCExecutionTime,121.4568781320013
TotalExecutionTime,1908.585533952999
