InputGenerationTime,0.07833635200222488
ProfilingTime,10.463729816001432
SimulationTime,9.812051463995886
FramaCExecutionTime,40.119682856995496
TotalExecutionTime,443.31977195500076
