InputGenerationTime,0.01121654300368391
ProfilingTime,12.79303020000225
SimulationTime,7.097125875996426
FramaCExecutionTime,48.89147891699395
TotalExecutionTime,1609.6514552119916
