InputGenerationTime,0.07467210799222812
ProfilingTime,10.308482521999395
SimulationTime,7.895287159990403
FramaCExecutionTime,39.828040738997515
TotalExecutionTime,1880.8075541129947
