InputGenerationTime,0.0154482090001693
ProfilingTime,10.575392975995783
SimulationTime,51.31545383500634
FramaCExecutionTime,48.95317624400195
TotalExecutionTime,4436.693543012996
