InputGenerationTime,0.02485292500932701
ProfilingTime,11.50168482400477
SimulationTime,7.837725762001355
FramaCExecutionTime,41.027538213995285
TotalExecutionTime,1176.1417580109992
