InputGenerationTime,0.02041564299724996
ProfilingTime,10.657549759998801
SimulationTime,6.763715563996811
FramaCExecutionTime,48.29850274599448
TotalExecutionTime,1500.258587867007
