InputGenerationTime,0.02332559400019818
ProfilingTime,10.200316007001675
SimulationTime,6.553007083999546
FramaCExecutionTime,45.93521431100089
TotalExecutionTime,692.7104422120028
