InputGenerationTime,0.01328051500604488
ProfilingTime,16.216521263995674
SimulationTime,7.871123249002267
FramaCExecutionTime,41.48226086300565
TotalExecutionTime,471.62483665799664
