InputGenerationTime,0.01962254600948654
ProfilingTime,11.37802076600201
SimulationTime,52.07160013400426
FramaCExecutionTime,48.34731471100531
TotalExecutionTime,1112.101096311002
