InputGenerationTime,0.06297201899724314
ProfilingTime,10.905142547999276
SimulationTime,54.14123559500149
FramaCExecutionTime,39.85762919300032
TotalExecutionTime,664.4066972420042
