InputGenerationTime,0.07467210799222812
ProfilingTime,10.221842394006671
SimulationTime,7.771411948007881
FramaCExecutionTime,39.828040738997515
TotalExecutionTime,1591.6811175259936
