InputGenerationTime,0.06592929499993261
ProfilingTime,10.047889623999708
SimulationTime,8.389365103999808
FramaCExecutionTime,40.170672405999994
TotalExecutionTime,309.488913183
