InputGenerationTime,0.11606005700014066
ProfilingTime,13.91036935900047
SimulationTime,4.197326426001382
FramaCExecutionTime,42.19512809099979
TotalExecutionTime,1083.0036338459904
