InputGenerationTime,0.02688553600000887
ProfilingTime,11.34132605800005
SimulationTime,6.813072851000015
FramaCExecutionTime,36.49362706299996
TotalExecutionTime,814.52115996
