InputGenerationTime,0.07990379400143865
ProfilingTime,10.486831153999447
SimulationTime,6.588333110001258
FramaCExecutionTime,39.39046175999829
TotalExecutionTime,122.40339279299951
