InputGenerationTime,0.12734451101277955
ProfilingTime,9.867993991996627
SimulationTime,7.285966670999187
FramaCExecutionTime,39.92448624499957
TotalExecutionTime,392.89115247200243
