InputGenerationTime,0.0159012049989542
ProfilingTime,11.41009226499591
SimulationTime,6.553951702997438
FramaCExecutionTime,48.892538050997246
TotalExecutionTime,823.915266132004
