InputGenerationTime,0.07467210799222812
ProfilingTime,10.2421624980052
SimulationTime,15.01164949600934
FramaCExecutionTime,39.828040738997515
TotalExecutionTime,1681.8226091559918
