InputGenerationTime,0.02311374100008834
ProfilingTime,9.756088405999435
SimulationTime,5.420228959000269
FramaCExecutionTime,35.06249987399951
TotalExecutionTime,157.19850606199998
