InputGenerationTime,0.12183218299469445
ProfilingTime,10.454845551998005
SimulationTime,59.20360207100748
FramaCExecutionTime,43.303145281999605
TotalExecutionTime,835.6878605359962
