InputGenerationTime,0.08442942600049719
ProfilingTime,10.167084001000148
SimulationTime,6.96998959100074
FramaCExecutionTime,38.66163072400013
TotalExecutionTime,1460.338932494
