InputGenerationTime,0.03070392999507021
ProfilingTime,14.928535864994046
SimulationTime,8.12005738800508
FramaCExecutionTime,43.51740340801189
TotalExecutionTime,927.0540844009956
