InputGenerationTime,0.02121638599783182
ProfilingTime,13.790396709009656
SimulationTime,7.35718568500306
FramaCExecutionTime,42.12937589098874
TotalExecutionTime,1489.7727395919937
