InputGenerationTime,0.01543552200018894
ProfilingTime,14.05580555999768
SimulationTime,53.13775860099122
FramaCExecutionTime,39.881633352997596
TotalExecutionTime,107.09820385399507
