InputGenerationTime,0.07727786700706929
ProfilingTime,10.207704168991768
SimulationTime,5.9590948469995055
FramaCExecutionTime,40.76006832699932
TotalExecutionTime,151.86238762100402
