InputGenerationTime,0.03211433500109706
ProfilingTime,10.095655413002532
SimulationTime,46.785866240999894
FramaCExecutionTime,39.37306821200036
TotalExecutionTime,912.9858610689989
