InputGenerationTime,0.02624188499612501
ProfilingTime,10.14641668099648
SimulationTime,6.150579239998478
FramaCExecutionTime,71.5697110770052
TotalExecutionTime,1162.3307351010008
