InputGenerationTime,0.07647114399878774
ProfilingTime,10.320146200989257
SimulationTime,36.259234152996214
FramaCExecutionTime,39.74868804399739
TotalExecutionTime,317.52187255800527
