InputGenerationTime,0.03220963099738583
ProfilingTime,9.786127607003436
SimulationTime,4.936426553998899
FramaCExecutionTime,35.3322548990036
TotalExecutionTime,1473.6963593920009
