InputGenerationTime,0.07322397099778755
ProfilingTime,10.309327488001145
SimulationTime,6.240776458995242
FramaCExecutionTime,39.72697308399802
TotalExecutionTime,1416.4055812279985
