InputGenerationTime,0.07123787500131584
ProfilingTime,11.137342906000413
SimulationTime,6.014017638000951
FramaCExecutionTime,41.87460094400012
TotalExecutionTime,59.104120672000136
