InputGenerationTime,0.02332559400019818
ProfilingTime,10.237291366000136
SimulationTime,6.6777234059991315
FramaCExecutionTime,45.93521431100089
TotalExecutionTime,709.6755965410011
