InputGenerationTime,0.01519978199939942
ProfilingTime,11.058443230002013
SimulationTime,6.099307279997447
FramaCExecutionTime,35.97166418199777
TotalExecutionTime,1554.1758118760044
