InputGenerationTime,0.09763066199957393
ProfilingTime,10.670034046001092
SimulationTime,7.179077075998066
FramaCExecutionTime,40.35617790700053
TotalExecutionTime,840.019733455003
