InputGenerationTime,0.06190480099940032
ProfilingTime,10.373775497999304
SimulationTime,6.273554499999591
FramaCExecutionTime,40.04177317700123
TotalExecutionTime,521.8048013740008
