InputGenerationTime,0.03753126999072265
ProfilingTime,10.372959529995569
SimulationTime,10.785408338007983
FramaCExecutionTime,36.719459897998604
TotalExecutionTime,1607.8420339389995
