InputGenerationTime,0.0154482090001693
ProfilingTime,10.972388890004368
SimulationTime,53.03559082398715
FramaCExecutionTime,48.95317624400195
TotalExecutionTime,5465.190390999996
