InputGenerationTime,0.0341274840029655
ProfilingTime,10.442503992002457
SimulationTime,7.575000142998761
FramaCExecutionTime,37.64829516099417
TotalExecutionTime,783.0226704009983
