InputGenerationTime,0.04653632100234972
ProfilingTime,10.643991040007677
SimulationTime,51.96837690900429
FramaCExecutionTime,41.64242968399776
TotalExecutionTime,3652.2480202009974
