InputGenerationTime,0.0385067209990666
ProfilingTime,9.531355394999991
SimulationTime,4.79278169600002
FramaCExecutionTime,37.904336684001464
TotalExecutionTime,793.099812986
