InputGenerationTime,0.03220963099738583
ProfilingTime,9.395073403000424
SimulationTime,4.431505329004722
FramaCExecutionTime,35.3322548990036
TotalExecutionTime,1502.4234736880026
