InputGenerationTime,0.12734451101277955
ProfilingTime,10.450616029993398
SimulationTime,6.434953704010695
FramaCExecutionTime,39.92448624499957
TotalExecutionTime,375.6920860460086
