InputGenerationTime,0.02398628399896552
ProfilingTime,12.835078612999496
SimulationTime,7.469136922998587
FramaCExecutionTime,56.596672714000306
TotalExecutionTime,1439.404030343001
