InputGenerationTime,0.01682621199870482
ProfilingTime,13.63058058799652
SimulationTime,7.907051243004389
FramaCExecutionTime,42.423894251012825
TotalExecutionTime,2018.3220138720062
