InputGenerationTime,0.02306895500078099
ProfilingTime,10.0686663819979
SimulationTime,5.0621878410020145
FramaCExecutionTime,45.48063135499979
TotalExecutionTime,524.142170785999
