InputGenerationTime,0.07939185200120846
ProfilingTime,10.53753694900115
SimulationTime,6.428909876000034
FramaCExecutionTime,40.42274703500152
TotalExecutionTime,137.55487356199956
