InputGenerationTime,0.01839245700102765
ProfilingTime,10.012845318000473
SimulationTime,6.18835116900118
FramaCExecutionTime,35.089644800000315
TotalExecutionTime,130.91095136900003
