InputGenerationTime,0.06281015000058687
ProfilingTime,10.381063759999961
SimulationTime,5.479477721999501
FramaCExecutionTime,39.76741987800051
TotalExecutionTime,1454.4023093630003
