InputGenerationTime,0.08946731199102942
ProfilingTime,9.959222950987169
SimulationTime,9.284382411002298
FramaCExecutionTime,41.71104338199075
TotalExecutionTime,80.92488254400087
