InputGenerationTime,0.09801700900061405
ProfilingTime,11.933565589000864
SimulationTime,51.072289226000066
FramaCExecutionTime,38.37650828900041
TotalExecutionTime,3843.3971931899996
