InputGenerationTime,0.01144098601071164
ProfilingTime,9.793899244003114
SimulationTime,7.5039394490013365
FramaCExecutionTime,34.14544824699988
TotalExecutionTime,670.2179958399938
