InputGenerationTime,0.01003517399658449
ProfilingTime,15.267961586003366
SimulationTime,7.5240874599985546
FramaCExecutionTime,46.60673828200379
TotalExecutionTime,379.5824646839974
