InputGenerationTime,0.06652831399696879
ProfilingTime,9.956294018993503
SimulationTime,7.423317231005058
FramaCExecutionTime,38.49409825599287
TotalExecutionTime,90.68461913200736
