InputGenerationTime,0.03125360700141755
ProfilingTime,11.939303759001632
SimulationTime,8.014243067998905
FramaCExecutionTime,56.99454582999897
TotalExecutionTime,2134.110610824002
