InputGenerationTime,0.02306973400118295
ProfilingTime,9.816615474999708
SimulationTime,47.72446049099926
FramaCExecutionTime,34.95365613299873
TotalExecutionTime,150.37370041399845
