InputGenerationTime,0.01343886599988764
ProfilingTime,10.490505900000244
SimulationTime,47.21140285099955
FramaCExecutionTime,35.34428882700013
TotalExecutionTime,1436.474713428
