InputGenerationTime,0.03753126999072265
ProfilingTime,10.370427483008825
SimulationTime,11.147545879997779
FramaCExecutionTime,36.719459897998604
TotalExecutionTime,1503.082265131001
