InputGenerationTime,0.11740471799566876
ProfilingTime,11.142660309997154
SimulationTime,80.62728187500034
FramaCExecutionTime,50.78784949700639
TotalExecutionTime,2567.6703756550123
