InputGenerationTime,0.02306973400118295
ProfilingTime,10.07562697100002
SimulationTime,47.44641850100015
FramaCExecutionTime,34.95365613299873
TotalExecutionTime,1254.4422365949995
