InputGenerationTime,0.01414316500449786
ProfilingTime,10.038954886003921
SimulationTime,5.404400957995676
FramaCExecutionTime,36.11738900899945
TotalExecutionTime,449.31473864199506
