InputGenerationTime,0.02481988799991086
ProfilingTime,9.91825955999957
SimulationTime,6.325026742997579
FramaCExecutionTime,34.30475738699897
TotalExecutionTime,1473.049536917999
