InputGenerationTime,0.057158976997016
ProfilingTime,9.567745905995253
SimulationTime,19.988788729999214
FramaCExecutionTime,37.9393298319992
TotalExecutionTime,204.40288665700064
