InputGenerationTime,0.01543552200018894
ProfilingTime,15.762912791993585
SimulationTime,54.162580524993245
FramaCExecutionTime,39.881633352997596
TotalExecutionTime,446.2298393689998
