InputGenerationTime,0.02041564299724996
ProfilingTime,10.760210519001703
SimulationTime,7.220677545003127
FramaCExecutionTime,48.29850274599448
TotalExecutionTime,1588.8810976370005
