InputGenerationTime,0.01144098601071164
ProfilingTime,9.768499818004784
SimulationTime,7.210187866003253
FramaCExecutionTime,34.14544824699988
TotalExecutionTime,512.6167731930036
