InputGenerationTime,0.02859270799672231
ProfilingTime,12.333303198996873
SimulationTime,53.19137926199619
FramaCExecutionTime,44.789751115997205
TotalExecutionTime,4621.263770655998
