InputGenerationTime,0.03914463899855036
ProfilingTime,13.630844300001627
SimulationTime,7.111938615998952
FramaCExecutionTime,48.82799473100022
TotalExecutionTime,593.5341677429969
