InputGenerationTime,0.0155301419999887
ProfilingTime,10.033197427000232
SimulationTime,48.29016459900049
FramaCExecutionTime,35.18779909500063
TotalExecutionTime,1725.7259007889998
