InputGenerationTime,0.06674171199847478
ProfilingTime,10.310009496999555
SimulationTime,50.07830198100419
FramaCExecutionTime,40.77649916699738
TotalExecutionTime,2721.0000491679966
