InputGenerationTime,0.10154341699671932
ProfilingTime,13.328512961990782
SimulationTime,16.77944418900006
FramaCExecutionTime,42.076754936002544
TotalExecutionTime,2528.8650528509897
