InputGenerationTime,0.07852797899977304
ProfilingTime,11.275427961008972
SimulationTime,12.397724599999492
FramaCExecutionTime,48.29240481999295
TotalExecutionTime,1046.308000510995
