InputGenerationTime,0.0658009869948728
ProfilingTime,10.546172745001968
SimulationTime,11.40771259900066
FramaCExecutionTime,40.643793021998135
TotalExecutionTime,1321.9095444999984
