InputGenerationTime,0.03455019700049888
ProfilingTime,9.824797291999857
SimulationTime,6.0378887110000505
FramaCExecutionTime,34.927573151000615
TotalExecutionTime,633.9499609590002
