InputGenerationTime,0.03755415400155471
ProfilingTime,26.958536687998276
SimulationTime,18.719069644001138
FramaCExecutionTime,131.89057868900272
TotalExecutionTime,2098.692889643
