InputGenerationTime,0.00947702000848949
ProfilingTime,14.760163639002712
SimulationTime,57.0415776129812
FramaCExecutionTime,47.984905517994775
TotalExecutionTime,3996.2645045809913
