InputGenerationTime,0.08286192300147377
ProfilingTime,9.866154681993066
SimulationTime,49.286408202999155
FramaCExecutionTime,39.38539788800699
TotalExecutionTime,216.84762432098796
