InputGenerationTime,0.10372775399991951
ProfilingTime,16.000451132000308
SimulationTime,4.538827521000712
FramaCExecutionTime,41.57309912600067
TotalExecutionTime,5365.807326689999
