InputGenerationTime,0.05265666600462282
ProfilingTime,10.349124419997679
SimulationTime,6.130065145996923
FramaCExecutionTime,41.49356549300137
TotalExecutionTime,1025.7574136889962
