InputGenerationTime,0.10100196998973843
ProfilingTime,10.178590426003211
SimulationTime,11.359271524997894
FramaCExecutionTime,42.211014248998254
TotalExecutionTime,1014.535582217999
