InputGenerationTime,0.01605060899964883
ProfilingTime,11.638747326996963
SimulationTime,17.343061415998818
FramaCExecutionTime,55.23388443600197
TotalExecutionTime,286.30142928600253
