InputGenerationTime,0.01267333799842163
ProfilingTime,9.637133092999647
SimulationTime,46.62980490299924
FramaCExecutionTime,34.714407606999885
TotalExecutionTime,1567.077942156
