InputGenerationTime,0.02938545899814926
ProfilingTime,10.060641189993476
SimulationTime,6.148497898997448
FramaCExecutionTime,38.626025493998895
TotalExecutionTime,16136.10903648
