InputGenerationTime,0.01207756999792764
ProfilingTime,10.78518639700269
SimulationTime,53.379858052998316
FramaCExecutionTime,45.69947358400168
TotalExecutionTime,1838.2553016220008
