InputGenerationTime,0.08069114800036914
ProfilingTime,9.693194637999113
SimulationTime,6.663232947000324
FramaCExecutionTime,37.93133167399992
TotalExecutionTime,952.3724411980002
