InputGenerationTime,0.0613212600001134
ProfilingTime,11.690230101012276
SimulationTime,54.69060281799466
FramaCExecutionTime,40.81122030799452
TotalExecutionTime,574.6460233209946
