InputGenerationTime,0.07460761899710633
ProfilingTime,10.517569106988958
SimulationTime,27.90356678199896
FramaCExecutionTime,39.61733392599854
TotalExecutionTime,325.08811071798846
