InputGenerationTime,0.01594695199310081
ProfilingTime,10.335819216001255
SimulationTime,6.05906899200636
FramaCExecutionTime,46.48600257499493
TotalExecutionTime,542.7529974009958
