InputGenerationTime,0.01882177800143836
ProfilingTime,10.138662201999978
SimulationTime,5.698638271998789
FramaCExecutionTime,52.14162661100272
TotalExecutionTime,2183.151560098995
