InputGenerationTime,0.07727786700706929
ProfilingTime,10.142089564003982
SimulationTime,5.792648299990105
FramaCExecutionTime,40.76006832699932
TotalExecutionTime,216.70551520300796
