InputGenerationTime,0.02306895500078099
ProfilingTime,10.71403424700111
SimulationTime,5.747848893999617
FramaCExecutionTime,45.48063135499979
TotalExecutionTime,700.5568884179993
