InputGenerationTime,0.02471806799985643
ProfilingTime,9.962658423999983
SimulationTime,5.962479097000141
FramaCExecutionTime,36.439571203000014
TotalExecutionTime,163.97847838199982
