InputGenerationTime,0.01333866200002376
ProfilingTime,10.829336650989717
SimulationTime,6.292099929996766
FramaCExecutionTime,48.59325111399812
TotalExecutionTime,1097.5152548729966
