InputGenerationTime,0.07971650699983002
ProfilingTime,11.304937117000009
SimulationTime,50.58150182999998
FramaCExecutionTime,40.773911910000606
TotalExecutionTime,2497.8535380310004
