InputGenerationTime,0.01165099699574057
ProfilingTime,9.87357492299634
SimulationTime,5.81716375000542
FramaCExecutionTime,33.58243524499994
TotalExecutionTime,1421.8902140379942
