InputGenerationTime,0.08479241801251192
ProfilingTime,10.167841910995776
SimulationTime,6.6494797190098325
FramaCExecutionTime,41.54485546500655
TotalExecutionTime,651.2182471470005
