InputGenerationTime,0.06674171199847478
ProfilingTime,10.598537825993844
SimulationTime,49.102686531987274
FramaCExecutionTime,40.77649916699738
TotalExecutionTime,2332.8803144389967
