InputGenerationTime,0.02481988799991086
ProfilingTime,10.041245740001614
SimulationTime,6.398321930999373
FramaCExecutionTime,34.30475738699897
TotalExecutionTime,1623.902100719999
