InputGenerationTime,0.07852797899977304
ProfilingTime,10.699728937994223
SimulationTime,11.52007947099628
FramaCExecutionTime,48.29240481999295
TotalExecutionTime,589.8666444559931
