InputGenerationTime,0.0763670619999175
ProfilingTime,10.830326196999522
SimulationTime,7.013546594993386
FramaCExecutionTime,39.75321220000478
TotalExecutionTime,300.48999048300175
