InputGenerationTime,0.0159012049989542
ProfilingTime,10.954434551000304
SimulationTime,6.27268685499439
FramaCExecutionTime,48.892538050997246
TotalExecutionTime,604.4626770750037
