InputGenerationTime,0.0341274840029655
ProfilingTime,9.69544076299644
SimulationTime,6.589372820002609
FramaCExecutionTime,37.64829516099417
TotalExecutionTime,569.9403659130039
