InputGenerationTime,0.08211587400001008
ProfilingTime,10.739808553997136
SimulationTime,7.036743083001056
FramaCExecutionTime,42.833708010999544
TotalExecutionTime,1434.8009249359966
