InputGenerationTime,0.03158086500002355
ProfilingTime,10.42440322099992
SimulationTime,6.216280833999917
FramaCExecutionTime,36.47446528099999
TotalExecutionTime,653.039344418
