InputGenerationTime,0.01725929699932749
ProfilingTime,9.233669581999493
SimulationTime,5.976948712999729
FramaCExecutionTime,34.431736876000286
TotalExecutionTime,1160.5393042879987
