InputGenerationTime,0.02827716300089378
ProfilingTime,13.465083154998865
SimulationTime,7.34875069699774
FramaCExecutionTime,39.25252934300079
TotalExecutionTime,1052.6474787909974
