InputGenerationTime,0.08442942600049719
ProfilingTime,11.29987869300021
SimulationTime,7.097473318000084
FramaCExecutionTime,38.66163072400013
TotalExecutionTime,1617.5561954590003
