InputGenerationTime,0.01157555900135776
ProfilingTime,10.09968119199766
SimulationTime,54.14766283800418
FramaCExecutionTime,37.79498738999973
TotalExecutionTime,5825.117664342
