InputGenerationTime,0.03220963099738583
ProfilingTime,9.9014786849948
SimulationTime,5.177113943005679
FramaCExecutionTime,35.3322548990036
TotalExecutionTime,1233.793999982001
