InputGenerationTime,0.01157555900135776
ProfilingTime,10.630535114003578
SimulationTime,51.636203343994566
FramaCExecutionTime,37.79498738999973
TotalExecutionTime,5760.8465157499995
