InputGenerationTime,0.08211587400001008
ProfilingTime,10.842455454003357
SimulationTime,6.851393199001905
FramaCExecutionTime,42.833708010999544
TotalExecutionTime,1486.9587005089998
