InputGenerationTime,0.01144098601071164
ProfilingTime,10.02024995299871
SimulationTime,7.739820554998005
FramaCExecutionTime,34.14544824699988
TotalExecutionTime,812.6998001869943
