InputGenerationTime,0.01905658200121252
ProfilingTime,10.364469553001982
SimulationTime,5.279696363999392
FramaCExecutionTime,35.78832621900074
TotalExecutionTime,922.7193861380001
