InputGenerationTime,0.02931866299999797
ProfilingTime,10.128242677999992
SimulationTime,52.218626545999996
FramaCExecutionTime,39.656589833
TotalExecutionTime,284.083218342
