InputGenerationTime,0.05377575800230261
ProfilingTime,9.660213779003243
SimulationTime,5.206715884000005
FramaCExecutionTime,38.171050539000134
TotalExecutionTime,885.479789709003
