InputGenerationTime,0.06687718700050027
ProfilingTime,10.53497516400057
SimulationTime,6.989283383998554
FramaCExecutionTime,39.48932267499913
TotalExecutionTime,665.317174242
