InputGenerationTime,0.0171071029981249
ProfilingTime,13.352117661001103
SimulationTime,7.988355887995567
FramaCExecutionTime,49.93881574000261
TotalExecutionTime,447.7646923409993
