InputGenerationTime,0.0301440870098304
ProfilingTime,11.44709883199539
SimulationTime,15.679902442003367
FramaCExecutionTime,39.158365137991495
TotalExecutionTime,1573.3793156860047
