InputGenerationTime,0.07852797899977304
ProfilingTime,11.148790897001163
SimulationTime,12.743884438008536
FramaCExecutionTime,48.29240481999295
TotalExecutionTime,823.8058220419916
