InputGenerationTime,0.02306973400118295
ProfilingTime,9.701296343999275
SimulationTime,47.10431418999906
FramaCExecutionTime,34.95365613299873
TotalExecutionTime,723.240674093
