InputGenerationTime,0.02358301000094798
ProfilingTime,10.11150530499799
SimulationTime,5.694355498999357
FramaCExecutionTime,34.802208841998436
TotalExecutionTime,299.223605743
