InputGenerationTime,0.0159012049989542
ProfilingTime,10.866683422995266
SimulationTime,5.909712372995273
FramaCExecutionTime,48.892538050997246
TotalExecutionTime,549.3108206929974
