InputGenerationTime,0.03125360700141755
ProfilingTime,13.040590257998701
SimulationTime,8.47240218099978
FramaCExecutionTime,56.99454582999897
TotalExecutionTime,1666.7646184940022
