InputGenerationTime,0.11606005700014066
ProfilingTime,10.757376324996585
SimulationTime,50.46210354700452
FramaCExecutionTime,42.19512809099979
TotalExecutionTime,1144.2704957940005
