InputGenerationTime,0.02485292500932701
ProfilingTime,11.599728996996419
SimulationTime,8.819489005007199
FramaCExecutionTime,41.027538213995285
TotalExecutionTime,1402.8958125540084
