InputGenerationTime,0.06465608299913583
ProfilingTime,10.0095059170053
SimulationTime,5.772053616994526
FramaCExecutionTime,38.55570130500564
TotalExecutionTime,541.616016177999
