InputGenerationTime,0.10372775399991951
ProfilingTime,10.553403364001497
SimulationTime,50.237988273000155
FramaCExecutionTime,41.57309912600067
TotalExecutionTime,5030.890784431
