InputGenerationTime,0.08286192300147377
ProfilingTime,10.440643038004055
SimulationTime,50.4007243590022
FramaCExecutionTime,39.38539788800699
TotalExecutionTime,396.5254798729875
