InputGenerationTime,0.02688553600000887
ProfilingTime,10.843259710000098
SimulationTime,6.228084443999933
FramaCExecutionTime,36.49362706299996
TotalExecutionTime,522.853926023
