InputGenerationTime,0.11740471799566876
ProfilingTime,10.805951917005586
SimulationTime,91.37775476000388
FramaCExecutionTime,50.78784949700639
TotalExecutionTime,3404.3697962490114
