InputGenerationTime,0.07990379400143865
ProfilingTime,10.007081517998813
SimulationTime,6.549987839000096
FramaCExecutionTime,39.39046175999829
TotalExecutionTime,276.56009797800107
