InputGenerationTime,0.00933023100515129
ProfilingTime,9.414533617004054
SimulationTime,5.64507834300457
FramaCExecutionTime,36.48298437499761
TotalExecutionTime,1350.8754328490031
