InputGenerationTime,0.01974974999029655
ProfilingTime,14.978684075991623
SimulationTime,54.6221770389966
FramaCExecutionTime,46.534168247992056
TotalExecutionTime,5221.950986415002
