InputGenerationTime,0.06693528000323568
ProfilingTime,10.602043678009068
SimulationTime,51.99784909999289
FramaCExecutionTime,41.80391053999483
TotalExecutionTime,5085.410867437
