InputGenerationTime,0.02195946400752291
ProfilingTime,14.759297718002927
SimulationTime,55.756573817983735
FramaCExecutionTime,50.55869247901137
TotalExecutionTime,5905.379230487015
