InputGenerationTime,0.057158976997016
ProfilingTime,9.57583553900622
SimulationTime,27.70139859099436
FramaCExecutionTime,37.9393298319992
TotalExecutionTime,566.1730984109963
