InputGenerationTime,0.02227763999690069
ProfilingTime,11.238034761998279
SimulationTime,6.915190526000515
FramaCExecutionTime,40.6428507610035
TotalExecutionTime,725.6068328289984
