InputGenerationTime,0.0155301419999887
ProfilingTime,9.980908043999989
SimulationTime,48.5321350840004
FramaCExecutionTime,35.18779909500063
TotalExecutionTime,2501.0030884809994
