InputGenerationTime,0.03469175999998697
ProfilingTime,11.96668946400132
SimulationTime,6.750720719001038
FramaCExecutionTime,61.06725525799993
TotalExecutionTime,754.6222248640006
