InputGenerationTime,0.01039334099914413
ProfilingTime,10.051052171002084
SimulationTime,5.147025021004083
FramaCExecutionTime,36.1268426799943
TotalExecutionTime,1090.2602594590062
