InputGenerationTime,0.02481988799991086
ProfilingTime,10.02171195000119
SimulationTime,6.134852823000983
FramaCExecutionTime,34.30475738699897
TotalExecutionTime,1307.934829455
