InputGenerationTime,0.06592929499993261
ProfilingTime,10.855381049000243
SimulationTime,8.286123588999999
FramaCExecutionTime,40.170672405999994
TotalExecutionTime,461.8167248
