InputGenerationTime,0.0613212600001134
ProfilingTime,12.248053814008017
SimulationTime,56.545563610008685
FramaCExecutionTime,40.81122030799452
TotalExecutionTime,1332.7385742199986
