InputGenerationTime,0.07492488600109937
ProfilingTime,10.163654160998703
SimulationTime,6.432767648002482
FramaCExecutionTime,42.08125151599961
TotalExecutionTime,1163.3329391630032
