InputGenerationTime,0.01730999299979885
ProfilingTime,9.98422926800049
SimulationTime,5.689008457997261
FramaCExecutionTime,44.544735395000316
TotalExecutionTime,245.3768274219983
