InputGenerationTime,0.0763670619999175
ProfilingTime,13.751083256000129
SimulationTime,8.401016769996204
FramaCExecutionTime,39.75321220000478
TotalExecutionTime,358.4574158100004
