InputGenerationTime,0.02131568200275069
ProfilingTime,10.485655479998968
SimulationTime,6.33707424900058
FramaCExecutionTime,37.40565201899881
TotalExecutionTime,694.9461409220021
