InputGenerationTime,0.01905658200121252
ProfilingTime,11.01095930700103
SimulationTime,6.099338116997387
FramaCExecutionTime,35.78832621900074
TotalExecutionTime,1138.6657569710005
