InputGenerationTime,0.09801700900061405
ProfilingTime,10.519633149999208
SimulationTime,49.687602883999716
FramaCExecutionTime,38.37650828900041
TotalExecutionTime,3159.1406435169993
