InputGenerationTime,0.02859270799672231
ProfilingTime,11.77132428099867
SimulationTime,54.588818922995415
FramaCExecutionTime,44.789751115997205
TotalExecutionTime,3899.275663157001
