InputGenerationTime,0.0613212600001134
ProfilingTime,11.330550503000268
SimulationTime,56.372847887003445
FramaCExecutionTime,40.81122030799452
TotalExecutionTime,243.0231622459978
