InputGenerationTime,0.02234565999242477
ProfilingTime,11.555350422000629
SimulationTime,54.86661738999828
FramaCExecutionTime,39.94511723800679
TotalExecutionTime,5818.633811503998
