InputGenerationTime,0.01343886599988764
ProfilingTime,11.000319083999784
SimulationTime,48.24503448199994
FramaCExecutionTime,35.34428882700013
TotalExecutionTime,1727.394209865
