InputGenerationTime,0.06097441100064316
ProfilingTime,10.568250588999945
SimulationTime,49.21090874999936
FramaCExecutionTime,39.61232570200082
TotalExecutionTime,2173.892413673002
