InputGenerationTime,0.07852797899977304
ProfilingTime,9.937545246008085
SimulationTime,10.353526861013961
FramaCExecutionTime,48.29240481999295
TotalExecutionTime,1066.6325786219968
