InputGenerationTime,0.06888131699997757
ProfilingTime,11.014050267998755
SimulationTime,9.50007867000022
FramaCExecutionTime,39.89972157699958
TotalExecutionTime,489.5622014370001
