InputGenerationTime,0.01968984300037846
ProfilingTime,10.261412786996516
SimulationTime,5.869156813001609
FramaCExecutionTime,38.81064819900348
TotalExecutionTime,520.5580423839929
