InputGenerationTime,0.02827716300089378
ProfilingTime,12.560797142003139
SimulationTime,7.08061726500091
FramaCExecutionTime,39.25252934300079
TotalExecutionTime,619.469605061
