InputGenerationTime,0.02358301000094798
ProfilingTime,9.976577556999473
SimulationTime,5.716780048000146
FramaCExecutionTime,34.802208841998436
TotalExecutionTime,236.7764536399991
