InputGenerationTime,0.02195946400752291
ProfilingTime,13.654761614016024
SimulationTime,55.94934358500177
FramaCExecutionTime,50.55869247901137
TotalExecutionTime,5191.219651541003
