InputGenerationTime,0.02354438200018194
ProfilingTime,10.275942034999844
SimulationTime,5.636237348000122
FramaCExecutionTime,36.64489351900011
TotalExecutionTime,559.8942434969999
