InputGenerationTime,0.02227763999690069
ProfilingTime,12.059287085001415
SimulationTime,7.123577598998963
FramaCExecutionTime,40.6428507610035
TotalExecutionTime,707.4323152139987
