InputGenerationTime,0.06673658799991244
ProfilingTime,10.044994047999808
SimulationTime,6.174136511999677
FramaCExecutionTime,40.517046983
TotalExecutionTime,880.540179653
