InputGenerationTime,0.06465608299913583
ProfilingTime,9.842670851001458
SimulationTime,5.459167912995326
FramaCExecutionTime,38.55570130500564
TotalExecutionTime,573.3506628739997
