InputGenerationTime,0.02387934099533595
ProfilingTime,14.546560227987356
SimulationTime,53.124926157004666
FramaCExecutionTime,40.29103302399744
TotalExecutionTime,3025.146318924002
