InputGenerationTime,0.02624188499612501
ProfilingTime,10.463892571999168
SimulationTime,6.173757441996713
FramaCExecutionTime,71.5697110770052
TotalExecutionTime,1339.484931797997
