InputGenerationTime,0.06730768499983242
ProfilingTime,10.443923966999137
SimulationTime,10.500005945999874
FramaCExecutionTime,40.06123223099894
TotalExecutionTime,689.9351617419998
