InputGenerationTime,0.03469175999998697
ProfilingTime,13.797714168998937
SimulationTime,8.126959794999493
FramaCExecutionTime,61.06725525799993
TotalExecutionTime,615.4059568440007
