InputGenerationTime,0.07939185200120846
ProfilingTime,10.539440094999009
SimulationTime,6.508921984999688
FramaCExecutionTime,40.42274703500152
TotalExecutionTime,322.8353430290008
