InputGenerationTime,0.05265666600462282
ProfilingTime,10.914249592999113
SimulationTime,6.015119819996471
FramaCExecutionTime,41.49356549300137
TotalExecutionTime,1258.2452010470006
