InputGenerationTime,0.03618974800338037
ProfilingTime,10.38524644500285
SimulationTime,11.957959387000301
FramaCExecutionTime,38.09326741400582
TotalExecutionTime,189.43387066799914
