InputGenerationTime,0.01306821499929356
ProfilingTime,10.147061387999202
SimulationTime,5.087473969999337
FramaCExecutionTime,36.68536588400093
TotalExecutionTime,67.43629928600058
