InputGenerationTime,0.11015815800055861
ProfilingTime,10.856464585012873
SimulationTime,51.236365823002416
FramaCExecutionTime,48.40303555400169
TotalExecutionTime,1615.8376180780033
