InputGenerationTime,0.01543552200018894
ProfilingTime,15.413778411995736
SimulationTime,53.909292059994186
FramaCExecutionTime,39.881633352997596
TotalExecutionTime,1517.5018577690062
