InputGenerationTime,0.06730768499983242
ProfilingTime,10.564025826002762
SimulationTime,10.565221719003603
FramaCExecutionTime,40.06123223099894
TotalExecutionTime,856.7376346369983
