InputGenerationTime,0.11606005700014066
ProfilingTime,9.85838616998808
SimulationTime,49.49601101499866
FramaCExecutionTime,42.19512809099979
TotalExecutionTime,101.67485879499873
