InputGenerationTime,0.09763066199957393
ProfilingTime,10.414192999996885
SimulationTime,7.106823128997348
FramaCExecutionTime,40.35617790700053
TotalExecutionTime,588.6967247790017
