InputGenerationTime,0.02827716300089378
ProfilingTime,14.060078154998337
SimulationTime,7.84705389300143
FramaCExecutionTime,39.25252934300079
TotalExecutionTime,723.1404893439976
