InputGenerationTime,0.02859270799672231
ProfilingTime,11.074651068993262
SimulationTime,51.63584687199909
FramaCExecutionTime,44.789751115997205
TotalExecutionTime,5025.756206553997
