InputGenerationTime,0.02913684999657562
ProfilingTime,9.709055448998697
SimulationTime,5.147492450996651
FramaCExecutionTime,35.218215351000254
TotalExecutionTime,631.3571523249993
