InputGenerationTime,0.02354438200018194
ProfilingTime,10.075371871999778
SimulationTime,5.717641576000005
FramaCExecutionTime,36.64489351900011
TotalExecutionTime,781.124976609
