InputGenerationTime,0.07484678299806546
ProfilingTime,10.49407736500143
SimulationTime,6.581381625997892
FramaCExecutionTime,41.74371946800238
TotalExecutionTime,1727.2019725470018
