InputGenerationTime,0.06789501200000814
ProfilingTime,10.181081740000081
SimulationTime,7.024840010999469
FramaCExecutionTime,36.73994468700039
TotalExecutionTime,118.86144044699904
