InputGenerationTime,0.02305058599813492
ProfilingTime,12.199046508998435
SimulationTime,7.237447931998759
FramaCExecutionTime,58.556756318001135
TotalExecutionTime,116.71556626700112
