InputGenerationTime,0.02154857700043067
ProfilingTime,10.63855032599895
SimulationTime,49.03724381400025
FramaCExecutionTime,36.822960536999744
TotalExecutionTime,2098.1310472740006
