InputGenerationTime,0.11202836499433033
ProfilingTime,10.42950942600146
SimulationTime,6.876529097993625
FramaCExecutionTime,39.724936091995914
TotalExecutionTime,292.95182044099784
