InputGenerationTime,0.0154482090001693
ProfilingTime,10.683711888006655
SimulationTime,53.3615275350021
FramaCExecutionTime,48.95317624400195
TotalExecutionTime,5385.7090440019965
