InputGenerationTime,0.02881482700104243
ProfilingTime,11.80845754999973
SimulationTime,16.87080076500206
FramaCExecutionTime,55.802621858998464
TotalExecutionTime,827.9154088790019
