InputGenerationTime,0.11740471799566876
ProfilingTime,11.131012079989887
SimulationTime,78.83291464700596
FramaCExecutionTime,50.78784949700639
TotalExecutionTime,3214.898732501999
