InputGenerationTime,0.02827716300089378
ProfilingTime,15.528708711997751
SimulationTime,10.107831076998991
FramaCExecutionTime,39.25252934300079
TotalExecutionTime,944.342480501
