InputGenerationTime,0.02377328900183784
ProfilingTime,10.25645645899931
SimulationTime,6.048367464001785
FramaCExecutionTime,35.40231949600275
TotalExecutionTime,927.9439760299992
