InputGenerationTime,0.03444526500243228
ProfilingTime,11.141707834991394
SimulationTime,6.126707530012936
FramaCExecutionTime,52.18555356100842
TotalExecutionTime,328.1486649349972
