InputGenerationTime,0.01758529599464964
ProfilingTime,9.368014551997476
SimulationTime,4.965229551999073
FramaCExecutionTime,36.372605122000095
TotalExecutionTime,152.3455772840025
