InputGenerationTime,0.01882177800143836
ProfilingTime,10.270363130002806
SimulationTime,6.240397064997524
FramaCExecutionTime,52.14162661100272
TotalExecutionTime,2167.2928247300006
