InputGenerationTime,0.04750419400079409
ProfilingTime,18.16787325900077
SimulationTime,11.730047541001113
FramaCExecutionTime,91.2054417679974
TotalExecutionTime,242.46827259199927
