InputGenerationTime,0.02332559400019818
ProfilingTime,10.132714538001892
SimulationTime,6.308583799000189
FramaCExecutionTime,45.93521431100089
TotalExecutionTime,860.6745078050008
