InputGenerationTime,0.04088580200186698
ProfilingTime,10.757382174000668
SimulationTime,6.267424423996999
FramaCExecutionTime,46.09346962199925
TotalExecutionTime,648.2657291430005
