InputGenerationTime,0.01157555900135776
ProfilingTime,10.206813537995913
SimulationTime,50.967036935006035
FramaCExecutionTime,37.79498738999973
TotalExecutionTime,5244.775302074002
