InputGenerationTime,0.03070392999507021
ProfilingTime,16.688967383001
SimulationTime,9.226700922998134
FramaCExecutionTime,43.51740340801189
TotalExecutionTime,1057.4366578339977
