InputGenerationTime,0.012637748999623
ProfilingTime,11.66497333100051
SimulationTime,47.41441433399996
FramaCExecutionTime,57.36715431099947
TotalExecutionTime,1650.6050537769988
