InputGenerationTime,0.02358301000094798
ProfilingTime,10.017951978999918
SimulationTime,5.505552873000852
FramaCExecutionTime,34.802208841998436
TotalExecutionTime,283.3828364769997
