InputGenerationTime,0.02436892400146462
ProfilingTime,14.273224584001582
SimulationTime,7.289627131001907
FramaCExecutionTime,41.515238159990986
TotalExecutionTime,127.86237421899568
