InputGenerationTime,0.11606005700014066
ProfilingTime,9.930722279998008
SimulationTime,49.39658186100132
FramaCExecutionTime,42.19512809099979
TotalExecutionTime,398.6510269529972
