InputGenerationTime,0.02234565999242477
ProfilingTime,11.064762904992676
SimulationTime,54.92709841100441
FramaCExecutionTime,39.94511723800679
TotalExecutionTime,4867.963998100997
