InputGenerationTime,0.06024347899983695
ProfilingTime,10.465842882999823
SimulationTime,6.758912362000046
FramaCExecutionTime,37.23784175899982
TotalExecutionTime,325.05403991500043
