InputGenerationTime,0.09763066199957393
ProfilingTime,10.349885657000414
SimulationTime,6.594118676002836
FramaCExecutionTime,40.35617790700053
TotalExecutionTime,537.3397421420013
