InputGenerationTime,0.03914463899855036
ProfilingTime,13.530448874997091
SimulationTime,6.994293212002958
FramaCExecutionTime,48.82799473100022
TotalExecutionTime,695.7002068069996
