InputGenerationTime,0.02154857700043067
ProfilingTime,10.201637412999844
SimulationTime,48.61879625199981
FramaCExecutionTime,36.822960536999744
TotalExecutionTime,1683.8546714349995
