InputGenerationTime,0.01600631699989208
ProfilingTime,10.992523355999992
SimulationTime,2.7033391899999515
FramaCExecutionTime,36.088396689999854
TotalExecutionTime,346.702617592
