InputGenerationTime,0.02927012700092746
ProfilingTime,12.27689435299908
SimulationTime,20.75657494600091
FramaCExecutionTime,59.54822582100314
TotalExecutionTime,319.24318753899934
