InputGenerationTime,0.06024347899983695
ProfilingTime,10.340888104999976
SimulationTime,7.0495600039994315
FramaCExecutionTime,37.23784175899982
TotalExecutionTime,364.0392658330002
