InputGenerationTime,0.09603555100329686
ProfilingTime,9.553956728996127
SimulationTime,5.728996623001876
FramaCExecutionTime,41.09978809001041
TotalExecutionTime,1092.7525878180022
