InputGenerationTime,0.06373837799947069
ProfilingTime,10.518161136999879
SimulationTime,6.786675413999546
FramaCExecutionTime,37.73800484300045
TotalExecutionTime,848.2507078660001
