InputGenerationTime,0.01333866200002376
ProfilingTime,10.614514585991856
SimulationTime,6.124113417012268
FramaCExecutionTime,48.59325111399812
TotalExecutionTime,1263.299324749998
