InputGenerationTime,0.01905658200121252
ProfilingTime,10.408452543000749
SimulationTime,5.483369329995185
FramaCExecutionTime,35.78832621900074
TotalExecutionTime,988.993929342003
