InputGenerationTime,0.02471806799985643
ProfilingTime,9.807731116000014
SimulationTime,5.865261895000003
FramaCExecutionTime,36.439571203000014
TotalExecutionTime,99.75229615699982
