InputGenerationTime,0.01877888300077757
ProfilingTime,12.294670723000308
SimulationTime,16.557702037000126
FramaCExecutionTime,59.614060054998845
TotalExecutionTime,174.03782108999803
