InputGenerationTime,0.01908354100305587
ProfilingTime,9.8477056169977
SimulationTime,5.39129685700027
FramaCExecutionTime,45.59387044799951
TotalExecutionTime,623.4499118929998
