InputGenerationTime,0.07647114399878774
ProfilingTime,13.128607441001805
SimulationTime,54.37949615900288
FramaCExecutionTime,39.74868804399739
TotalExecutionTime,1218.5934386120061
