InputGenerationTime,0.07192333900093217
ProfilingTime,10.109970445999352
SimulationTime,49.342502085997694
FramaCExecutionTime,39.947012405998976
TotalExecutionTime,158.97751739200248
