InputGenerationTime,0.02485292500932701
ProfilingTime,11.013816446007695
SimulationTime,8.812434079009108
FramaCExecutionTime,41.027538213995285
TotalExecutionTime,1482.0473610790068
