InputGenerationTime,0.02387934099533595
ProfilingTime,15.990566426989972
SimulationTime,54.32247209899651
FramaCExecutionTime,40.29103302399744
TotalExecutionTime,2649.284858043
