InputGenerationTime,0.12183218299469445
ProfilingTime,10.469633519998752
SimulationTime,58.45411924799555
FramaCExecutionTime,43.303145281999605
TotalExecutionTime,1431.5860456249939
