InputGenerationTime,0.03469175999998697
ProfilingTime,12.391387814999689
SimulationTime,6.8090093880000495
FramaCExecutionTime,61.06725525799993
TotalExecutionTime,813.0267915090008
