InputGenerationTime,0.10177876400121022
ProfilingTime,10.44475641399913
SimulationTime,7.377490400001989
FramaCExecutionTime,40.503118693988654
TotalExecutionTime,1197.922794623999
