InputGenerationTime,0.01578046099984931
ProfilingTime,10.042826040999898
SimulationTime,6.303940472000022
FramaCExecutionTime,43.47882046399991
TotalExecutionTime,1549.217901619
