InputGenerationTime,0.01165099699574057
ProfilingTime,10.116983586995048
SimulationTime,6.539907882004627
FramaCExecutionTime,33.58243524499994
TotalExecutionTime,1470.0500034599972
