InputGenerationTime,0.07852797899977304
ProfilingTime,10.76121165699442
SimulationTime,11.682332609998411
FramaCExecutionTime,48.29240481999295
TotalExecutionTime,634.722566018987
