InputGenerationTime,0.02429182899868465
ProfilingTime,10.122902789000364
SimulationTime,5.46580757799893
FramaCExecutionTime,45.97813112299991
TotalExecutionTime,652.4640240420013
