InputGenerationTime,0.06581077299779281
ProfilingTime,29.183857831998466
SimulationTime,18.859385903000657
FramaCExecutionTime,115.83512147400324
TotalExecutionTime,3823.5970183749996
