InputGenerationTime,0.07123787500131584
ProfilingTime,9.71317286500016
SimulationTime,5.686664602999372
FramaCExecutionTime,41.87460094400012
TotalExecutionTime,421.0541812500014
