InputGenerationTime,0.01682621199870482
ProfilingTime,14.03834056800406
SimulationTime,8.002027886002907
FramaCExecutionTime,42.423894251012825
TotalExecutionTime,2040.3895809929963
