InputGenerationTime,0.02688553600000887
ProfilingTime,11.157585270000027
SimulationTime,6.879719944000044
FramaCExecutionTime,36.49362706299996
TotalExecutionTime,575.441379097
