InputGenerationTime,0.02688553600000887
ProfilingTime,11.540948139999955
SimulationTime,6.89471626999989
FramaCExecutionTime,36.49362706299996
TotalExecutionTime,851.4031084430001
