InputGenerationTime,0.01543552200018894
ProfilingTime,15.08479156899557
SimulationTime,53.48227183400013
FramaCExecutionTime,39.881633352997596
TotalExecutionTime,376.2817604459997
