InputGenerationTime,0.01267333799842163
ProfilingTime,9.909977346000233
SimulationTime,47.02583740800037
FramaCExecutionTime,34.714407606999885
TotalExecutionTime,2081.0924917720004
