InputGenerationTime,0.05265666600462282
ProfilingTime,11.03917825499957
SimulationTime,6.060527795998496
FramaCExecutionTime,41.49356549300137
TotalExecutionTime,1177.3701599560009
