InputGenerationTime,0.01177785099571338
ProfilingTime,14.290171651999117
SimulationTime,8.878663165000034
FramaCExecutionTime,52.82057099800295
TotalExecutionTime,2027.5191069810026
