InputGenerationTime,0.03238737300853245
ProfilingTime,11.96347533100925
SimulationTime,8.469012838992057
FramaCExecutionTime,43.14403645200946
TotalExecutionTime,725.4260367539973
