InputGenerationTime,0.06024347899983695
ProfilingTime,10.48506784500023
SimulationTime,6.97675875799996
FramaCExecutionTime,37.23784175899982
TotalExecutionTime,307.7918617610003
