InputGenerationTime,0.07460761899710633
ProfilingTime,10.546593645005487
SimulationTime,28.207754874994862
FramaCExecutionTime,39.61733392599854
TotalExecutionTime,528.8913030659896
