InputGenerationTime,0.09763066199957393
ProfilingTime,10.545232067001052
SimulationTime,7.146469890001754
FramaCExecutionTime,40.35617790700053
TotalExecutionTime,746.713873572
