InputGenerationTime,0.03211433500109706
ProfilingTime,10.349439803001587
SimulationTime,52.15593094500218
FramaCExecutionTime,39.37306821200036
TotalExecutionTime,1331.2264277590002
