InputGenerationTime,0.11015815800055861
ProfilingTime,10.983953347997158
SimulationTime,51.6151715110027
FramaCExecutionTime,48.40303555400169
TotalExecutionTime,2247.0623712059896
