InputGenerationTime,0.06381965599939576
ProfilingTime,10.30310979100068
SimulationTime,5.8138969100000395
FramaCExecutionTime,40.0604183079995
TotalExecutionTime,660.8966239929996
