InputGenerationTime,0.0171071029981249
ProfilingTime,11.887149738002336
SimulationTime,6.628584957004932
FramaCExecutionTime,49.93881574000261
TotalExecutionTime,125.91371879199869
