InputGenerationTime,0.01758529599464964
ProfilingTime,9.533050877005735
SimulationTime,5.009286955995776
FramaCExecutionTime,36.372605122000095
TotalExecutionTime,108.45305075200304
