InputGenerationTime,0.01333866200002376
ProfilingTime,10.515427206002641
SimulationTime,5.825414427003125
FramaCExecutionTime,48.59325111399812
TotalExecutionTime,962.640516073996
