InputGenerationTime,0.08442942600049719
ProfilingTime,9.828336339999623
SimulationTime,6.592107319999741
FramaCExecutionTime,38.66163072400013
TotalExecutionTime,1392.6808111170003
