InputGenerationTime,0.03220963099738583
ProfilingTime,9.570669165994332
SimulationTime,4.592106652999064
FramaCExecutionTime,35.3322548990036
TotalExecutionTime,1204.3020278900003
