InputGenerationTime,0.07990379400143865
ProfilingTime,10.630212545000177
SimulationTime,6.718254945000808
FramaCExecutionTime,39.39046175999829
TotalExecutionTime,293.9541832070008
