InputGenerationTime,0.03238737300853245
ProfilingTime,11.622448915004497
SimulationTime,7.392411980006727
FramaCExecutionTime,43.14403645200946
TotalExecutionTime,763.6673284040007
