InputGenerationTime,0.07852797899977304
ProfilingTime,10.748354608003865
SimulationTime,11.757546132997959
FramaCExecutionTime,48.29240481999295
TotalExecutionTime,657.2784392409958
