InputGenerationTime,0.02429182899868465
ProfilingTime,10.186758527001075
SimulationTime,5.52089646999957
FramaCExecutionTime,45.97813112299991
TotalExecutionTime,699.3648286000025
