InputGenerationTime,0.02879062700048962
ProfilingTime,10.360180567000498
SimulationTime,7.571319167000183
FramaCExecutionTime,37.36917282200011
TotalExecutionTime,604.551297564999
