InputGenerationTime,0.07647114399878774
ProfilingTime,10.091665781001211
SimulationTime,34.4295357910014
FramaCExecutionTime,39.74868804399739
TotalExecutionTime,175.05114421799954
