InputGenerationTime,0.06888131699997757
ProfilingTime,10.31809838800109
SimulationTime,9.955624649999663
FramaCExecutionTime,39.89972157699958
TotalExecutionTime,200.63397918699957
