InputGenerationTime,0.02140154999869992
ProfilingTime,22.948588348001067
SimulationTime,16.419932223001524
FramaCExecutionTime,121.4568781320013
TotalExecutionTime,1986.3734769689981
