InputGenerationTime,0.0301166839999496
ProfilingTime,10.120445178999944
SimulationTime,5.366220475998489
FramaCExecutionTime,35.60818583100081
TotalExecutionTime,1400.3727986659997
