InputGenerationTime,0.08442942600049719
ProfilingTime,10.484487663999971
SimulationTime,7.002209878000031
FramaCExecutionTime,38.66163072400013
TotalExecutionTime,1443.1628396750002
