InputGenerationTime,0.01839245700102765
ProfilingTime,9.997191527998439
SimulationTime,5.8814007680011855
FramaCExecutionTime,35.089644800000315
TotalExecutionTime,98.49880508000024
