InputGenerationTime,0.10799351200694218
ProfilingTime,10.522387090997654
SimulationTime,7.497364013994229
FramaCExecutionTime,41.71048603999952
TotalExecutionTime,813.9681056239933
