InputGenerationTime,0.03659036000317428
ProfilingTime,11.34559466799692
SimulationTime,7.045776632003253
FramaCExecutionTime,43.33275046799827
TotalExecutionTime,1512.4237901119996
