InputGenerationTime,0.03755415400155471
ProfilingTime,25.787879777002672
SimulationTime,20.640289219001716
FramaCExecutionTime,131.89057868900272
TotalExecutionTime,1381.9980435539983
