InputGenerationTime,0.06592929499993261
ProfilingTime,9.73366259400018
SimulationTime,12.903834776000167
FramaCExecutionTime,40.170672405999994
TotalExecutionTime,190.58198786999992
