InputGenerationTime,0.06592929499993261
ProfilingTime,10.582047866999801
SimulationTime,8.269209904000036
FramaCExecutionTime,40.170672405999994
TotalExecutionTime,367.9045273390002
