InputGenerationTime,0.01344646500365343
ProfilingTime,10.952445365997846
SimulationTime,54.797966995000024
FramaCExecutionTime,41.5655235019949
TotalExecutionTime,3158.7659088169894
