InputGenerationTime,0.02358301000094798
ProfilingTime,9.991891190000388
SimulationTime,5.386527517001014
FramaCExecutionTime,34.802208841998436
TotalExecutionTime,221.02925173099902
