InputGenerationTime,0.03469175999998697
ProfilingTime,12.147820652000519
SimulationTime,6.963522246000139
FramaCExecutionTime,61.06725525799993
TotalExecutionTime,1012.7335883649994
