InputGenerationTime,0.01121654300368391
ProfilingTime,13.705137942000874
SimulationTime,7.641753140007495
FramaCExecutionTime,48.89147891699395
TotalExecutionTime,1711.6519816859945
