InputGenerationTime,0.09603555100329686
ProfilingTime,10.224386122994474
SimulationTime,5.625709425003151
FramaCExecutionTime,41.09978809001041
TotalExecutionTime,1196.6892304850044
