InputGenerationTime,0.01730999299979885
ProfilingTime,9.529683343000215
SimulationTime,5.1425253599991265
FramaCExecutionTime,44.544735395000316
TotalExecutionTime,117.75066052799957
