InputGenerationTime,0.05265666600462282
ProfilingTime,10.827678798996203
SimulationTime,6.455113067997445
FramaCExecutionTime,41.49356549300137
TotalExecutionTime,1110.2042241870004
