InputGenerationTime,0.05265666600462282
ProfilingTime,10.81652501699864
SimulationTime,6.046534118999261
FramaCExecutionTime,41.49356549300137
TotalExecutionTime,992.0857899969997
