InputGenerationTime,0.11015815800055861
ProfilingTime,11.41097981200437
SimulationTime,51.84754050600168
FramaCExecutionTime,48.40303555400169
TotalExecutionTime,2499.933777981001
