InputGenerationTime,0.06373837799947069
ProfilingTime,10.269639635999738
SimulationTime,6.86647369900038
FramaCExecutionTime,37.73800484300045
TotalExecutionTime,568.2433614370002
