InputGenerationTime,0.01758529599464964
ProfilingTime,9.66505112699815
SimulationTime,5.262422414998582
FramaCExecutionTime,36.372605122000095
TotalExecutionTime,137.98746758000198
