InputGenerationTime,0.03755415400155471
ProfilingTime,28.57346660099938
SimulationTime,18.79365952900116
FramaCExecutionTime,131.89057868900272
TotalExecutionTime,1830.2171246500002
