InputGenerationTime,0.11879277000844013
ProfilingTime,11.56084756499331
SimulationTime,51.432081238992396
FramaCExecutionTime,41.30239897700085
TotalExecutionTime,727.9383377659979
