InputGenerationTime,0.01519978199939942
ProfilingTime,10.46176853399811
SimulationTime,5.582552521002071
FramaCExecutionTime,35.97166418199777
TotalExecutionTime,1320.073089395999
