InputGenerationTime,0.11879277000844013
ProfilingTime,10.637027194999973
SimulationTime,50.649253819996375
FramaCExecutionTime,41.30239897700085
TotalExecutionTime,163.72968873000355
