InputGenerationTime,0.05992229399998905
ProfilingTime,10.76117237800645
SimulationTime,6.361168579998775
FramaCExecutionTime,40.947449245002645
TotalExecutionTime,754.457592617
