InputGenerationTime,0.01046458700147923
ProfilingTime,9.704185254995537
SimulationTime,5.342222498002229
FramaCExecutionTime,35.76380379799957
TotalExecutionTime,1379.366848206002
