InputGenerationTime,0.10142935998737812
ProfilingTime,10.422203809008352
SimulationTime,50.40304951000144
FramaCExecutionTime,42.27029998799844
TotalExecutionTime,3183.5824392109935
