InputGenerationTime,0.01343886599988764
ProfilingTime,10.71735021600034
SimulationTime,47.66513036200013
FramaCExecutionTime,35.34428882700013
TotalExecutionTime,2021.602595965
