InputGenerationTime,0.02332559400019818
ProfilingTime,10.149104898999212
SimulationTime,6.748511755999061
FramaCExecutionTime,45.93521431100089
TotalExecutionTime,743.2524092000021
