InputGenerationTime,0.03659036000317428
ProfilingTime,11.162987610994605
SimulationTime,6.979917142998602
FramaCExecutionTime,43.33275046799827
TotalExecutionTime,1548.9157640269987
