InputGenerationTime,0.07322397099778755
ProfilingTime,10.004480069997953
SimulationTime,6.036351704999106
FramaCExecutionTime,39.72697308399802
TotalExecutionTime,1463.5242604099985
