InputGenerationTime,0.03148683500012339
ProfilingTime,10.435742570000002
SimulationTime,6.9024225480002315
FramaCExecutionTime,43.64821819200006
TotalExecutionTime,593.7936900919999
