InputGenerationTime,0.02481988799991086
ProfilingTime,10.497250978998636
SimulationTime,6.494206825002038
FramaCExecutionTime,34.30475738699897
TotalExecutionTime,1539.9451546249984
