InputGenerationTime,0.01682621199870482
ProfilingTime,13.55438166600652
SimulationTime,7.394744096003706
FramaCExecutionTime,42.423894251012825
TotalExecutionTime,1928.8840580859978
