InputGenerationTime,0.10142935998737812
ProfilingTime,10.011500983004225
SimulationTime,49.89350644100341
FramaCExecutionTime,42.27029998799844
TotalExecutionTime,3122.735594740996
