InputGenerationTime,0.02195946400752291
ProfilingTime,15.68274631901295
SimulationTime,61.75131113198586
FramaCExecutionTime,50.55869247901137
TotalExecutionTime,5758.120706079004
