InputGenerationTime,0.06190480099940032
ProfilingTime,10.031717810999908
SimulationTime,6.554800605999844
FramaCExecutionTime,40.04177317700123
TotalExecutionTime,708.7079743770009
