InputGenerationTime,0.05992229399998905
ProfilingTime,10.739481577998959
SimulationTime,6.5778509420051705
FramaCExecutionTime,40.947449245002645
TotalExecutionTime,634.8630971879975
