InputGenerationTime,0.04653632100234972
ProfilingTime,11.281797121002455
SimulationTime,52.0326659650018
FramaCExecutionTime,41.64242968399776
TotalExecutionTime,3966.1559318900036
