InputGenerationTime,0.01177785099571338
ProfilingTime,12.923751663001894
SimulationTime,7.4727259969949955
FramaCExecutionTime,52.82057099800295
TotalExecutionTime,1730.900302465001
