InputGenerationTime,0.012637748999623
ProfilingTime,12.547734495998156
SimulationTime,48.34750689499924
FramaCExecutionTime,57.36715431099947
TotalExecutionTime,2135.5326505329995
