InputGenerationTime,0.0171071029981249
ProfilingTime,11.720508279002388
SimulationTime,6.620570277002116
FramaCExecutionTime,49.93881574000261
TotalExecutionTime,180.63110172300367
