InputGenerationTime,0.0385067209990666
ProfilingTime,9.830613865999112
SimulationTime,5.457551645000422
FramaCExecutionTime,37.904336684001464
TotalExecutionTime,501.5606195870005
