InputGenerationTime,0.01344646500365343
ProfilingTime,11.698825544997817
SimulationTime,54.142929681998794
FramaCExecutionTime,41.5655235019949
TotalExecutionTime,4082.5133587799937
