InputGenerationTime,0.05588082099711755
ProfilingTime,10.273693136994552
SimulationTime,52.64115393999964
FramaCExecutionTime,46.176827339004376
TotalExecutionTime,1832.9828788480008
