InputGenerationTime,0.06920159800029069
ProfilingTime,10.08813499200005
SimulationTime,5.554689542999768
FramaCExecutionTime,38.74239860200032
TotalExecutionTime,921.0778246289992
