InputGenerationTime,0.11740471799566876
ProfilingTime,14.946166860012454
SimulationTime,87.54762331699021
FramaCExecutionTime,50.78784949700639
TotalExecutionTime,2949.5458359940094
