InputGenerationTime,0.05265666600462282
ProfilingTime,10.44426106299943
SimulationTime,6.107778357996722
FramaCExecutionTime,41.49356549300137
TotalExecutionTime,1241.2940548039987
