InputGenerationTime,0.11015815800055861
ProfilingTime,11.07025613199221
SimulationTime,50.80187140899943
FramaCExecutionTime,48.40303555400169
TotalExecutionTime,1801.8245835099951
