InputGenerationTime,0.02358301000094798
ProfilingTime,9.809356901998399
SimulationTime,5.696478599000329
FramaCExecutionTime,34.802208841998436
TotalExecutionTime,95.87205598699984
