InputGenerationTime,0.01306821499929356
ProfilingTime,10.096423707000213
SimulationTime,5.3219899679988885
FramaCExecutionTime,36.68536588400093
TotalExecutionTime,52.13398241000141
