InputGenerationTime,0.08442942600049719
ProfilingTime,11.576571730000069
SimulationTime,6.968893453000419
FramaCExecutionTime,38.66163072400013
TotalExecutionTime,1636.1552435040003
