InputGenerationTime,0.03064069100219058
ProfilingTime,10.163703867001459
SimulationTime,6.1474687610025285
FramaCExecutionTime,34.7892839849992
TotalExecutionTime,680.0818353059985
