InputGenerationTime,0.02436892400146462
ProfilingTime,15.0893859850039
SimulationTime,7.856592002004618
FramaCExecutionTime,41.515238159990986
TotalExecutionTime,519.1643053699954
