InputGenerationTime,0.05998602900035621
ProfilingTime,9.794435026000428
SimulationTime,5.7457029039997
FramaCExecutionTime,38.65595949999988
TotalExecutionTime,905.2739770790013
