InputGenerationTime,0.01157555900135776
ProfilingTime,10.303977374001988
SimulationTime,51.472975523996865
FramaCExecutionTime,37.79498738999973
TotalExecutionTime,5497.0998210590005
