InputGenerationTime,0.01207756999792764
ProfilingTime,10.682082809998974
SimulationTime,53.95714220299851
FramaCExecutionTime,45.69947358400168
TotalExecutionTime,1711.7804713120022
