InputGenerationTime,0.02493770999899425
ProfilingTime,9.248470905999056
SimulationTime,6.0526122209994355
FramaCExecutionTime,35.02617612699942
TotalExecutionTime,1302.5375641169994
