InputGenerationTime,0.01647902900003828
ProfilingTime,14.01708937100193
SimulationTime,6.821566462996998
FramaCExecutionTime,48.37001351900108
TotalExecutionTime,840.958670174994
