InputGenerationTime,0.06281015000058687
ProfilingTime,9.817945902001156
SimulationTime,5.225368075998631
FramaCExecutionTime,39.76741987800051
TotalExecutionTime,1298.155527548999
