InputGenerationTime,0.03455019700049888
ProfilingTime,9.916282247000709
SimulationTime,5.951029104999179
FramaCExecutionTime,34.927573151000615
TotalExecutionTime,488.24062924400096
