InputGenerationTime,0.03755415400155471
ProfilingTime,25.530898995002644
SimulationTime,18.170461615998647
FramaCExecutionTime,131.89057868900272
TotalExecutionTime,2329.156593025
