InputGenerationTime,0.01157555900135776
ProfilingTime,10.573444675996143
SimulationTime,51.86258407399873
FramaCExecutionTime,37.79498738999973
TotalExecutionTime,5636.385548084003
