InputGenerationTime,0.01839245700102765
ProfilingTime,9.827690592999716
SimulationTime,6.021374750000177
FramaCExecutionTime,35.089644800000315
TotalExecutionTime,50.95842820500002
