InputGenerationTime,0.02311374100008834
ProfilingTime,9.744661380999787
SimulationTime,5.914109214999371
FramaCExecutionTime,35.06249987399951
TotalExecutionTime,297.82531548800034
