InputGenerationTime,0.01165099699574057
ProfilingTime,9.96482656498847
SimulationTime,6.260460805002367
FramaCExecutionTime,33.58243524499994
TotalExecutionTime,1486.3279481810023
