InputGenerationTime,0.0171071029981249
ProfilingTime,11.662729399002274
SimulationTime,6.81495366099989
FramaCExecutionTime,49.93881574000261
TotalExecutionTime,255.8017123440004
