InputGenerationTime,0.12183218299469445
ProfilingTime,10.645110707002459
SimulationTime,59.77874634700129
FramaCExecutionTime,43.303145281999605
TotalExecutionTime,461.4199354779994
