InputGenerationTime,0.0301166839999496
ProfilingTime,10.09275951699965
SimulationTime,5.2156393059995025
FramaCExecutionTime,35.60818583100081
TotalExecutionTime,1506.9508095439996
