InputGenerationTime,0.01306821499929356
ProfilingTime,12.810296353998638
SimulationTime,6.200755801000923
FramaCExecutionTime,36.68536588400093
TotalExecutionTime,333.161285604001
