InputGenerationTime,0.01974974999029655
ProfilingTime,14.397879509997438
SimulationTime,53.9371048759931
FramaCExecutionTime,46.534168247992056
TotalExecutionTime,5770.3197665390035
