InputGenerationTime,0.02041564299724996
ProfilingTime,10.794478516996605
SimulationTime,6.5318706649995875
FramaCExecutionTime,48.29850274599448
TotalExecutionTime,1570.869169063997
