InputGenerationTime,0.04088580200186698
ProfilingTime,10.536461447001784
SimulationTime,5.93514006100304
FramaCExecutionTime,46.09346962199925
TotalExecutionTime,806.5000872919991
