InputGenerationTime,0.057158976997016
ProfilingTime,9.691580094993697
SimulationTime,8.794125314001576
FramaCExecutionTime,37.9393298319992
TotalExecutionTime,93.28099139199912
