InputGenerationTime,0.07630812800016429
ProfilingTime,10.136708288000591
SimulationTime,6.392030981000062
FramaCExecutionTime,39.353945180000665
TotalExecutionTime,89.03264002600008
