InputGenerationTime,0.06730768499983242
ProfilingTime,10.809702719998313
SimulationTime,10.205462170000828
FramaCExecutionTime,40.06123223099894
TotalExecutionTime,1004.7510042279991
