InputGenerationTime,0.06465608299913583
ProfilingTime,9.970052830998611
SimulationTime,5.627269199998409
FramaCExecutionTime,38.55570130500564
TotalExecutionTime,621.728729688999
