InputGenerationTime,0.06888131699997757
ProfilingTime,10.51851378900028
SimulationTime,9.84840513600102
FramaCExecutionTime,39.89972157699958
TotalExecutionTime,262.9339351569997
