InputGenerationTime,0.02398628399896552
ProfilingTime,11.775734934002685
SimulationTime,7.173340780998842
FramaCExecutionTime,56.596672714000306
TotalExecutionTime,1528.435103191001
