InputGenerationTime,0.00968929698865395
ProfilingTime,14.247069810007815
SimulationTime,53.07653670400032
FramaCExecutionTime,48.13642818399239
TotalExecutionTime,2564.063741487
