InputGenerationTime,0.01877888300077757
ProfilingTime,14.230878742000641
SimulationTime,16.882388161000563
FramaCExecutionTime,59.614060054998845
TotalExecutionTime,537.4716581089997
