InputGenerationTime,0.09513172299193684
ProfilingTime,10.37114110100083
SimulationTime,50.33660277699528
FramaCExecutionTime,42.57547555399651
TotalExecutionTime,5312.530640015
