InputGenerationTime,0.07192333900093217
ProfilingTime,10.132458315001713
SimulationTime,48.69291930899999
FramaCExecutionTime,39.947012405998976
TotalExecutionTime,872.4764401749999
