InputGenerationTime,0.06581077299779281
ProfilingTime,24.819969714000763
SimulationTime,17.082846804001747
FramaCExecutionTime,115.83512147400324
TotalExecutionTime,4092.0532703729987
