InputGenerationTime,0.06652831399696879
ProfilingTime,9.532166314995266
SimulationTime,12.122635526000522
FramaCExecutionTime,38.49409825599287
TotalExecutionTime,466.9152510720014
