InputGenerationTime,0.06888131699997757
ProfilingTime,10.381342328000756
SimulationTime,9.880065874000138
FramaCExecutionTime,39.89972157699958
TotalExecutionTime,449.3183659289989
