InputGenerationTime,0.06730768499983242
ProfilingTime,10.671236479000072
SimulationTime,10.810011273999407
FramaCExecutionTime,40.06123223099894
TotalExecutionTime,921.4989677180001
