InputGenerationTime,0.07123787500131584
ProfilingTime,11.373506502000964
SimulationTime,5.750442709999334
FramaCExecutionTime,41.87460094400012
TotalExecutionTime,286.3050243810012
