InputGenerationTime,0.0385067209990666
ProfilingTime,9.749356866001108
SimulationTime,4.878759295001146
FramaCExecutionTime,37.904336684001464
TotalExecutionTime,471.6510344569997
