InputGenerationTime,0.03618974800338037
ProfilingTime,9.66234102899034
SimulationTime,11.401786863003508
FramaCExecutionTime,38.09326741400582
TotalExecutionTime,490.72215926599165
