InputGenerationTime,0.02311374100008834
ProfilingTime,9.65867433099993
SimulationTime,5.705531720000181
FramaCExecutionTime,35.06249987399951
TotalExecutionTime,110.58480437799972
