InputGenerationTime,0.01730999299979885
ProfilingTime,10.349739785000565
SimulationTime,6.098516296999151
FramaCExecutionTime,44.544735395000316
TotalExecutionTime,278.62428750699837
