InputGenerationTime,0.02881482700104243
ProfilingTime,12.201508545997058
SimulationTime,16.075651152001228
FramaCExecutionTime,55.802621858998464
TotalExecutionTime,1388.6114236890025
