InputGenerationTime,0.0385067209990666
ProfilingTime,9.873940419000064
SimulationTime,5.033792919000916
FramaCExecutionTime,37.904336684001464
TotalExecutionTime,611.4086335310003
