InputGenerationTime,0.03455019700049888
ProfilingTime,10.20134131299892
SimulationTime,6.258300130999487
FramaCExecutionTime,34.927573151000615
TotalExecutionTime,553.1257739200009
