InputGenerationTime,0.02306895500078099
ProfilingTime,10.038044224998885
SimulationTime,4.809326081998734
FramaCExecutionTime,45.48063135499979
TotalExecutionTime,494.14624247699976
