InputGenerationTime,0.08211587400001008
ProfilingTime,10.283644830997218
SimulationTime,6.477622288999555
FramaCExecutionTime,42.833708010999544
TotalExecutionTime,1451.6158120159962
