InputGenerationTime,0.03469175999998697
ProfilingTime,11.988467482999113
SimulationTime,6.674088716999904
FramaCExecutionTime,61.06725525799993
TotalExecutionTime,1051.3091514900007
