InputGenerationTime,0.05706629699852783
ProfilingTime,10.35035841199715
SimulationTime,6.440459154000564
FramaCExecutionTime,40.58814870099741
TotalExecutionTime,91.0764576060028
