InputGenerationTime,0.10372775399991951
ProfilingTime,10.994958436998786
SimulationTime,50.368638206999094
FramaCExecutionTime,41.57309912600067
TotalExecutionTime,4597.56050415
