InputGenerationTime,0.07322397099778755
ProfilingTime,11.25837457599846
SimulationTime,5.9243282949973946
FramaCExecutionTime,39.72697308399802
TotalExecutionTime,1495.909361899001
