InputGenerationTime,0.04653632100234972
ProfilingTime,10.230453572999977
SimulationTime,51.75578804900579
FramaCExecutionTime,41.64242968399776
TotalExecutionTime,3025.044496252005
