InputGenerationTime,0.01306821499929356
ProfilingTime,10.034448587000952
SimulationTime,4.9591685669984145
FramaCExecutionTime,36.68536588400093
TotalExecutionTime,82.48185250100141
