InputGenerationTime,0.01848810700175818
ProfilingTime,10.012316649997956
SimulationTime,5.156385094000143
FramaCExecutionTime,35.19626918999711
TotalExecutionTime,1022.2673667749987
