InputGenerationTime,0.05265666600462282
ProfilingTime,10.164604863995919
SimulationTime,6.101378075996763
FramaCExecutionTime,41.49356549300137
TotalExecutionTime,1126.5286512530001
