InputGenerationTime,0.10587871700408868
ProfilingTime,10.158949671007576
SimulationTime,49.914527624001494
FramaCExecutionTime,43.57780704900506
TotalExecutionTime,1789.0468999729928
