InputGenerationTime,0.05377575800230261
ProfilingTime,10.534674387999985
SimulationTime,6.289493737000157
FramaCExecutionTime,38.171050539000134
TotalExecutionTime,1104.496923462997
