InputGenerationTime,0.02311374100008834
ProfilingTime,9.712630682000054
SimulationTime,5.861100770000121
FramaCExecutionTime,35.06249987399951
TotalExecutionTime,126.18744288200014
