InputGenerationTime,0.02398628399896552
ProfilingTime,13.857144669000263
SimulationTime,7.34851495300245
FramaCExecutionTime,56.596672714000306
TotalExecutionTime,1397.8061054270001
