InputGenerationTime,0.01039334099914413
ProfilingTime,9.768214722003904
SimulationTime,4.512093090997951
FramaCExecutionTime,36.1268426799943
TotalExecutionTime,1165.3248856150021
