InputGenerationTime,0.02121638599783182
ProfilingTime,14.523920293999254
SimulationTime,8.060811243994976
FramaCExecutionTime,42.12937589098874
TotalExecutionTime,1426.3364828979975
