InputGenerationTime,0.07990379400143865
ProfilingTime,10.518149716999687
SimulationTime,6.682388059000004
FramaCExecutionTime,39.39046175999829
TotalExecutionTime,139.648885822
