InputGenerationTime,0.03444526500243228
ProfilingTime,10.944438267993974
SimulationTime,6.099694575998001
FramaCExecutionTime,52.18555356100842
TotalExecutionTime,86.4084820440039
