InputGenerationTime,0.03238737300853245
ProfilingTime,11.13367861599545
SimulationTime,7.713696184990113
FramaCExecutionTime,43.14403645200946
TotalExecutionTime,978.2390769400081
