InputGenerationTime,0.0301440870098304
ProfilingTime,11.149081380994176
SimulationTime,15.555714550006087
FramaCExecutionTime,39.158365137991495
TotalExecutionTime,1253.9235719319986
