InputGenerationTime,0.09513172299193684
ProfilingTime,10.303458206995856
SimulationTime,49.739061982996645
FramaCExecutionTime,42.57547555399651
TotalExecutionTime,5112.954162103997
