InputGenerationTime,0.01343886599988764
ProfilingTime,10.6327541189994
SimulationTime,47.85257126700071
FramaCExecutionTime,35.34428882700013
TotalExecutionTime,2564.54364554
