InputGenerationTime,0.02485292500932701
ProfilingTime,11.506998145996477
SimulationTime,8.936797700007446
FramaCExecutionTime,41.027538213995285
TotalExecutionTime,1216.8724585070013
