InputGenerationTime,0.01974974999029655
ProfilingTime,14.433188638009597
SimulationTime,53.98981893599557
FramaCExecutionTime,46.534168247992056
TotalExecutionTime,6143.3056728480005
