InputGenerationTime,0.06465608299913583
ProfilingTime,10.357616483997845
SimulationTime,5.992664234996482
FramaCExecutionTime,38.55570130500564
TotalExecutionTime,558.0132222559987
