InputGenerationTime,0.01165099699574057
ProfilingTime,9.80878220401064
SimulationTime,6.014786881001783
FramaCExecutionTime,33.58243524499994
TotalExecutionTime,1518.056897139002
