InputGenerationTime,0.06097441100064316
ProfilingTime,10.444476177999604
SimulationTime,49.47637761200167
FramaCExecutionTime,39.61232570200082
TotalExecutionTime,2546.573681850001
