InputGenerationTime,0.07492488600109937
ProfilingTime,10.243290988000808
SimulationTime,6.16487726700143
FramaCExecutionTime,42.08125151599961
TotalExecutionTime,940.7164455480015
