InputGenerationTime,0.01974974999029655
ProfilingTime,13.764138138009002
SimulationTime,52.64380948399776
FramaCExecutionTime,46.534168247992056
TotalExecutionTime,5018.400080880005
