InputGenerationTime,0.01039334099914413
ProfilingTime,10.018712746001256
SimulationTime,5.124885159006226
FramaCExecutionTime,36.1268426799943
TotalExecutionTime,1059.7671383990019
