InputGenerationTime,0.0385067209990666
ProfilingTime,10.445455948000017
SimulationTime,5.730898054998761
FramaCExecutionTime,37.904336684001464
TotalExecutionTime,533.6736265639993
