InputGenerationTime,0.03469175999998697
ProfilingTime,12.628616449001129
SimulationTime,7.418034175001594
FramaCExecutionTime,61.06725525799993
TotalExecutionTime,735.8486339880001
