InputGenerationTime,0.08946731199102942
ProfilingTime,10.893846353996196
SimulationTime,10.56833977100905
FramaCExecutionTime,41.71104338199075
TotalExecutionTime,182.11645088999649
