InputGenerationTime,0.08069114800036914
ProfilingTime,10.484333291999974
SimulationTime,7.019833631999973
FramaCExecutionTime,37.93133167399992
TotalExecutionTime,1234.6463171280002
