InputGenerationTime,0.06674171199847478
ProfilingTime,9.845750464999583
SimulationTime,49.574189300998114
FramaCExecutionTime,40.77649916699738
TotalExecutionTime,1606.3751831659902
