InputGenerationTime,0.08479241801251192
ProfilingTime,10.309342466993257
SimulationTime,6.828951528004836
FramaCExecutionTime,41.54485546500655
TotalExecutionTime,634.3767731349944
