InputGenerationTime,0.00968929698865395
ProfilingTime,13.60062121100782
SimulationTime,53.55852917600714
FramaCExecutionTime,48.13642818399239
TotalExecutionTime,2103.5964693300048
