InputGenerationTime,0.05595495499437675
ProfilingTime,11.167889397002
SimulationTime,6.734415311999328
FramaCExecutionTime,40.309179092000704
TotalExecutionTime,1005.8479558699983
