InputGenerationTime,0.0590006890015502
ProfilingTime,19.906431654999324
SimulationTime,22.673460909001733
FramaCExecutionTime,113.22399641499942
TotalExecutionTime,4595.334622549999
