InputGenerationTime,0.01781125200795941
ProfilingTime,9.819279216011637
SimulationTime,5.654573934996733
FramaCExecutionTime,33.69016032500076
TotalExecutionTime,1058.467736000006
