InputGenerationTime,0.02624188499612501
ProfilingTime,10.075208310001472
SimulationTime,5.647129123004561
FramaCExecutionTime,71.5697110770052
TotalExecutionTime,1146.011845492998
