InputGenerationTime,0.01328051500604488
ProfilingTime,14.251797999997507
SimulationTime,6.90656330899219
FramaCExecutionTime,41.48226086300565
TotalExecutionTime,62.677405395996175
