InputGenerationTime,0.02041564299724996
ProfilingTime,10.688794360001339
SimulationTime,6.78887020899856
FramaCExecutionTime,48.29850274599448
TotalExecutionTime,1690.2211880190007
