InputGenerationTime,0.03659036000317428
ProfilingTime,11.133151289002853
SimulationTime,6.911480563001533
FramaCExecutionTime,43.33275046799827
TotalExecutionTime,1789.9432133329974
