InputGenerationTime,0.06097441100064316
ProfilingTime,10.521369966001657
SimulationTime,49.48024617599731
FramaCExecutionTime,39.61232570200082
TotalExecutionTime,1817.3930528420024
