InputGenerationTime,0.10177876400121022
ProfilingTime,10.273968595996848
SimulationTime,7.214595619007014
FramaCExecutionTime,40.503118693988654
TotalExecutionTime,1215.4662995449908
