InputGenerationTime,0.01267333799842163
ProfilingTime,9.893327514000703
SimulationTime,47.090089986999374
FramaCExecutionTime,34.714407606999885
TotalExecutionTime,2551.3544361740005
