InputGenerationTime,0.057158976997016
ProfilingTime,10.303164035001828
SimulationTime,9.416495500001474
FramaCExecutionTime,37.9393298319992
TotalExecutionTime,374.4056953690015
