InputGenerationTime,0.0154482090001693
ProfilingTime,10.390737911002361
SimulationTime,51.137296387998504
FramaCExecutionTime,48.95317624400195
TotalExecutionTime,4681.768161500004
