InputGenerationTime,0.08286192300147377
ProfilingTime,10.335156561006443
SimulationTime,50.293665032004355
FramaCExecutionTime,39.38539788800699
TotalExecutionTime,699.678222632996
