InputGenerationTime,0.06730768499983242
ProfilingTime,10.51793103700038
SimulationTime,10.049824422998427
FramaCExecutionTime,40.06123223099894
TotalExecutionTime,773.7358330229999
