InputGenerationTime,0.02429182899868465
ProfilingTime,10.22401626699866
SimulationTime,5.270085800002562
FramaCExecutionTime,45.97813112299991
TotalExecutionTime,730.5803301100023
