InputGenerationTime,0.02354438200018194
ProfilingTime,9.788079186999767
SimulationTime,5.443108085999938
FramaCExecutionTime,36.64489351900011
TotalExecutionTime,512.4020207929998
