InputGenerationTime,0.09784811999998055
ProfilingTime,9.56674830999691
SimulationTime,7.12038958001358
FramaCExecutionTime,41.55466879501182
TotalExecutionTime,1335.4391974580067
