InputGenerationTime,0.0852646759885829
ProfilingTime,16.266699091996998
SimulationTime,92.10159865499008
FramaCExecutionTime,42.89104297501035
TotalExecutionTime,3373.5800144179957
