InputGenerationTime,0.0159012049989542
ProfilingTime,10.395659920999606
SimulationTime,5.526904376005405
FramaCExecutionTime,48.892538050997246
TotalExecutionTime,719.7361496829981
