InputGenerationTime,0.04271512100240216
ProfilingTime,40.11640942599843
SimulationTime,27.471045688998856
FramaCExecutionTime,140.39492750800127
TotalExecutionTime,3475.5193368170003
