InputGenerationTime,0.02041564299724996
ProfilingTime,10.847461046010721
SimulationTime,7.059858227992663
FramaCExecutionTime,48.29850274599448
TotalExecutionTime,1482.8084344480012
