InputGenerationTime,0.11606005700014066
ProfilingTime,10.243655972997658
SimulationTime,49.65352598299796
FramaCExecutionTime,42.19512809099979
TotalExecutionTime,699.3469081559888
