InputGenerationTime,0.10177876400121022
ProfilingTime,9.90604923000501
SimulationTime,6.921480649005389
FramaCExecutionTime,40.503118693988654
TotalExecutionTime,1059.6963904379954
