InputGenerationTime,0.12734451101277955
ProfilingTime,10.380628819999401
SimulationTime,6.580721499994979
FramaCExecutionTime,39.92448624499957
TotalExecutionTime,136.92269542100257
