InputGenerationTime,0.02471806799985643
ProfilingTime,10.14190858500001
SimulationTime,5.900457435000135
FramaCExecutionTime,36.439571203000014
TotalExecutionTime,277.19728632199985
