InputGenerationTime,0.0223144050000883
ProfilingTime,10.887248605000195
SimulationTime,6.680253281999967
FramaCExecutionTime,35.90068683499999
TotalExecutionTime,1154.917609395
