InputGenerationTime,0.12734451101277955
ProfilingTime,9.94437095700414
SimulationTime,6.2340835130016785
FramaCExecutionTime,39.92448624499957
TotalExecutionTime,236.17894185100158
