InputGenerationTime,0.01968984300037846
ProfilingTime,10.337402465003834
SimulationTime,5.653752067002642
FramaCExecutionTime,38.81064819900348
TotalExecutionTime,775.8590856139999
