InputGenerationTime,0.07492488600109937
ProfilingTime,10.518606461999298
SimulationTime,6.7333221759981825
FramaCExecutionTime,42.08125151599961
TotalExecutionTime,1112.3965499190017
