InputGenerationTime,0.08934303199930582
ProfilingTime,10.121220414002892
SimulationTime,8.18375088799803
FramaCExecutionTime,40.58022558799712
TotalExecutionTime,300.528912046997
