InputGenerationTime,0.05377575800230261
ProfilingTime,10.271164783000131
SimulationTime,5.913638498997898
FramaCExecutionTime,38.171050539000134
TotalExecutionTime,961.8429620429961
