InputGenerationTime,0.02398628399896552
ProfilingTime,12.752363286999753
SimulationTime,7.267818629999965
FramaCExecutionTime,56.596672714000306
TotalExecutionTime,1376.562232018001
