InputGenerationTime,0.05998602900035621
ProfilingTime,9.697599662000357
SimulationTime,6.060906745000466
FramaCExecutionTime,38.65595949999988
TotalExecutionTime,1099.0633300200006
