InputGenerationTime,0.04088580200186698
ProfilingTime,10.19337955800438
SimulationTime,5.481668242995511
FramaCExecutionTime,46.09346962199925
TotalExecutionTime,514.4250859520034
