InputGenerationTime,0.08069114800036914
ProfilingTime,10.217749170999923
SimulationTime,7.0175478710007155
FramaCExecutionTime,37.93133167399992
TotalExecutionTime,1003.2995079980001
