InputGenerationTime,0.03455019700049888
ProfilingTime,9.699559081000189
SimulationTime,5.923137973999474
FramaCExecutionTime,34.927573151000615
TotalExecutionTime,456.6725274340006
