InputGenerationTime,0.01578046099984931
ProfilingTime,9.958925868999813
SimulationTime,6.328344097999889
FramaCExecutionTime,43.47882046399991
TotalExecutionTime,1434.76202661
