InputGenerationTime,0.06888131699997757
ProfilingTime,10.071756884000933
SimulationTime,9.226196917001289
FramaCExecutionTime,39.89972157699958
TotalExecutionTime,508.905675168
