InputGenerationTime,0.01600631699989208
ProfilingTime,10.916889655999967
SimulationTime,6.040719131999822
FramaCExecutionTime,36.088396689999854
TotalExecutionTime,398.7432462040001
