InputGenerationTime,0.07852797899977304
ProfilingTime,11.101539187002345
SimulationTime,12.656354253995232
FramaCExecutionTime,48.29240481999295
TotalExecutionTime,703.9050545139908
