InputGenerationTime,0.01605060899964883
ProfilingTime,12.141290495997964
SimulationTime,17.396308881998266
FramaCExecutionTime,55.23388443600197
TotalExecutionTime,597.9050736180034
