InputGenerationTime,0.01968984300037846
ProfilingTime,10.440048622003815
SimulationTime,5.657919713004958
FramaCExecutionTime,38.81064819900348
TotalExecutionTime,792.0122713129967
