InputGenerationTime,0.0500389670014556
ProfilingTime,22.98695749699982
SimulationTime,16.857227355998475
FramaCExecutionTime,110.98379368699898
TotalExecutionTime,2824.1853748119975
