InputGenerationTime,0.02234565999242477
ProfilingTime,11.869426894001663
SimulationTime,55.193881165003404
FramaCExecutionTime,39.94511723800679
TotalExecutionTime,5667.640834605991
