InputGenerationTime,0.08946731199102942
ProfilingTime,10.267377965006744
SimulationTime,9.514879041991662
FramaCExecutionTime,41.71104338199075
TotalExecutionTime,61.583818569997675
