InputGenerationTime,0.06652831399696879
ProfilingTime,10.433499596998445
SimulationTime,7.7314095300098415
FramaCExecutionTime,38.49409825599287
TotalExecutionTime,408.8413221810042
