InputGenerationTime,0.02688553600000887
ProfilingTime,11.439293861000124
SimulationTime,6.944292129999894
FramaCExecutionTime,36.49362706299996
TotalExecutionTime,832.9339282630001
