InputGenerationTime,0.02913684999657562
ProfilingTime,9.869091202999698
SimulationTime,5.312149817000318
FramaCExecutionTime,35.218215351000254
TotalExecutionTime,691.9746775530002
