InputGenerationTime,0.01682621199870482
ProfilingTime,12.938282420000178
SimulationTime,7.062840270009474
FramaCExecutionTime,42.423894251012825
TotalExecutionTime,1777.4413379180041
