InputGenerationTime,0.01121654300368391
ProfilingTime,12.00762600399321
SimulationTime,6.302481577993603
FramaCExecutionTime,48.89147891699395
TotalExecutionTime,1857.3595437479962
