InputGenerationTime,0.06381965599939576
ProfilingTime,10.101099051998972
SimulationTime,5.604694498000754
FramaCExecutionTime,40.0604183079995
TotalExecutionTime,478.80583629600005
