InputGenerationTime,0.02354438200018194
ProfilingTime,10.193360566000138
SimulationTime,5.475585794999915
FramaCExecutionTime,36.64489351900011
TotalExecutionTime,733.5384712800001
