InputGenerationTime,0.07990379400143865
ProfilingTime,10.296883418999641
SimulationTime,6.3688378110000485
FramaCExecutionTime,39.39046175999829
TotalExecutionTime,173.80086296099944
