InputGenerationTime,0.0301440870098304
ProfilingTime,11.383371869000257
SimulationTime,16.49346959099057
FramaCExecutionTime,39.158365137991495
TotalExecutionTime,1392.700854035007
