InputGenerationTime,0.08934303199930582
ProfilingTime,9.994344659004128
SimulationTime,7.890235002996633
FramaCExecutionTime,40.58022558799712
TotalExecutionTime,94.41340087700519
