InputGenerationTime,0.08442942600049719
ProfilingTime,11.455738376999761
SimulationTime,6.867417015999308
FramaCExecutionTime,38.66163072400013
TotalExecutionTime,1731.211285585
