InputGenerationTime,0.01207756999792764
ProfilingTime,10.92692772600276
SimulationTime,53.51905119800358
FramaCExecutionTime,45.69947358400168
TotalExecutionTime,2219.291264602998
