InputGenerationTime,0.03659036000317428
ProfilingTime,12.445138850998774
SimulationTime,7.190099386003567
FramaCExecutionTime,43.33275046799827
TotalExecutionTime,1420.9460851279946
