InputGenerationTime,0.01046458700147923
ProfilingTime,9.56402370199794
SimulationTime,5.427934695995646
FramaCExecutionTime,35.76380379799957
TotalExecutionTime,1454.5295072410008
