InputGenerationTime,0.07123787500131584
ProfilingTime,9.958493349999117
SimulationTime,5.517382230000294
FramaCExecutionTime,41.87460094400012
TotalExecutionTime,221.97996982400036
