InputGenerationTime,0.11606005700014066
ProfilingTime,10.47149186200113
SimulationTime,49.27767262799898
FramaCExecutionTime,42.19512809099979
TotalExecutionTime,458.45835936999356
