InputGenerationTime,0.02881482700104243
ProfilingTime,12.17402336899977
SimulationTime,16.560597822001
FramaCExecutionTime,55.802621858998464
TotalExecutionTime,1142.574025643
