InputGenerationTime,0.02234565999242477
ProfilingTime,11.45600820099935
SimulationTime,55.90570168799604
FramaCExecutionTime,39.94511723800679
TotalExecutionTime,5269.580864632997
