InputGenerationTime,0.02583890700043412
ProfilingTime,10.891295253997669
SimulationTime,51.387818737006455
FramaCExecutionTime,39.279005670003244
TotalExecutionTime,6012.181550282003
