InputGenerationTime,0.012637748999623
ProfilingTime,12.651731510002719
SimulationTime,48.58151600700148
FramaCExecutionTime,57.36715431099947
TotalExecutionTime,2256.551919296
