InputGenerationTime,0.03753126999072265
ProfilingTime,9.9458236710052
SimulationTime,8.823497903009411
FramaCExecutionTime,36.719459897998604
TotalExecutionTime,1813.7891423410038
