InputGenerationTime,0.02306895500078099
ProfilingTime,10.820843792000232
SimulationTime,5.520563353999023
FramaCExecutionTime,45.48063135499979
TotalExecutionTime,716.9374902140007
