InputGenerationTime,0.01682621199870482
ProfilingTime,14.898869242999353
SimulationTime,9.130914079010836
FramaCExecutionTime,42.423894251012825
TotalExecutionTime,2086.129428114
