InputGenerationTime,0.06297201899724314
ProfilingTime,10.790659685000719
SimulationTime,51.911469979000685
FramaCExecutionTime,39.85762919300032
TotalExecutionTime,473.4756211480053
