InputGenerationTime,0.01306821499929356
ProfilingTime,10.308675659000073
SimulationTime,5.609663522000119
FramaCExecutionTime,36.68536588400093
TotalExecutionTime,144.87144586700015
