InputGenerationTime,0.11606005700014066
ProfilingTime,10.857795366988285
SimulationTime,50.54750620300183
FramaCExecutionTime,42.19512809099979
TotalExecutionTime,1003.9261879339901
