InputGenerationTime,0.02632365800673142
ProfilingTime,11.131968868008698
SimulationTime,8.440333399994415
FramaCExecutionTime,39.77912241400918
TotalExecutionTime,925.9795655000053
