InputGenerationTime,0.01908354100305587
ProfilingTime,9.624546644001384
SimulationTime,5.077304301998083
FramaCExecutionTime,45.59387044799951
TotalExecutionTime,458.867881741
