InputGenerationTime,0.0613212600001134
ProfilingTime,12.98000549900462
SimulationTime,58.32190843699209
FramaCExecutionTime,40.81122030799452
TotalExecutionTime,1472.2664687109936
