InputGenerationTime,0.0155301419999887
ProfilingTime,10.017409740999938
SimulationTime,48.52313326900003
FramaCExecutionTime,35.18779909500063
TotalExecutionTime,2369.2128971889997
