InputGenerationTime,0.01695346001361031
ProfilingTime,12.01813695099554
SimulationTime,50.80123435299902
FramaCExecutionTime,51.14702446399315
TotalExecutionTime,1527.5569775250042
