InputGenerationTime,0.01165099699574057
ProfilingTime,10.067947632996948
SimulationTime,5.937469962998875
FramaCExecutionTime,33.58243524499994
TotalExecutionTime,1310.6660851769993
