InputGenerationTime,0.01039334099914413
ProfilingTime,9.796489986001689
SimulationTime,4.840342041999975
FramaCExecutionTime,36.1268426799943
TotalExecutionTime,862.7804833129994
