InputGenerationTime,0.09801700900061405
ProfilingTime,10.504727403998913
SimulationTime,49.33170335700015
FramaCExecutionTime,38.37650828900041
TotalExecutionTime,2919.8335311890005
