InputGenerationTime,0.03618974800338037
ProfilingTime,10.563491095002973
SimulationTime,11.761261236999417
FramaCExecutionTime,38.09326741400582
TotalExecutionTime,322.32676602299034
