InputGenerationTime,0.0154482090001693
ProfilingTime,11.013172083999962
SimulationTime,53.899018045005505
FramaCExecutionTime,48.95317624400195
TotalExecutionTime,5127.283288576
