InputGenerationTime,0.05595495499437675
ProfilingTime,11.093949711001187
SimulationTime,6.767036867997376
FramaCExecutionTime,40.309179092000704
TotalExecutionTime,987.9006676879944
