InputGenerationTime,0.01962254600948654
ProfilingTime,10.579974936990766
SimulationTime,51.64212827901065
FramaCExecutionTime,48.34731471100531
TotalExecutionTime,110.60990235900681
