InputGenerationTime,0.06381965599939576
ProfilingTime,10.035319789001733
SimulationTime,5.751238708000528
FramaCExecutionTime,40.0604183079995
TotalExecutionTime,526.460366931
