InputGenerationTime,0.01177785099571338
ProfilingTime,13.795930300999316
SimulationTime,9.684909379000601
FramaCExecutionTime,52.82057099800295
TotalExecutionTime,1841.3222590250007
