InputGenerationTime,0.02931866299999797
ProfilingTime,10.388782058999823
SimulationTime,53.240206341999965
FramaCExecutionTime,39.656589833
TotalExecutionTime,1416.7371993250001
