InputGenerationTime,0.01578046099984931
ProfilingTime,10.324235648000013
SimulationTime,6.324881550999862
FramaCExecutionTime,43.47882046399991
TotalExecutionTime,1500.249129837
