InputGenerationTime,0.06281015000058687
ProfilingTime,10.346241231000022
SimulationTime,5.463830193000831
FramaCExecutionTime,39.76741987800051
TotalExecutionTime,1376.8364844299995
