InputGenerationTime,0.01905658200121252
ProfilingTime,10.465866159000143
SimulationTime,5.202207989997987
FramaCExecutionTime,35.78832621900074
TotalExecutionTime,875.711299347
