InputGenerationTime,0.0154482090001693
ProfilingTime,10.293641349999234
SimulationTime,50.89360197700444
FramaCExecutionTime,48.95317624400195
TotalExecutionTime,4559.138666687999
