InputGenerationTime,0.10372775399991951
ProfilingTime,12.179970819001028
SimulationTime,51.638512388999516
FramaCExecutionTime,41.57309912600067
TotalExecutionTime,5345.243835185
