InputGenerationTime,0.01951889699921594
ProfilingTime,9.738184865000221
SimulationTime,4.519464398001219
FramaCExecutionTime,35.60998623500018
TotalExecutionTime,49.88865305199943
