InputGenerationTime,0.01003517399658449
ProfilingTime,12.043197218001296
SimulationTime,6.987512685002002
FramaCExecutionTime,46.60673828200379
TotalExecutionTime,180.06194606600184
