InputGenerationTime,0.02195946400752291
ProfilingTime,13.194308071979322
SimulationTime,55.68346093298169
FramaCExecutionTime,50.55869247901137
TotalExecutionTime,5680.657754237007
