InputGenerationTime,0.00968929698865395
ProfilingTime,12.7639828340034
SimulationTime,52.23382276100165
FramaCExecutionTime,48.13642818399239
TotalExecutionTime,2496.7140558770043
