InputGenerationTime,0.11015815800055861
ProfilingTime,11.167738604999613
SimulationTime,51.93577713400009
FramaCExecutionTime,48.40303555400169
TotalExecutionTime,2373.668267230998
