InputGenerationTime,0.05706629699852783
ProfilingTime,11.131573761995242
SimulationTime,6.9409711469998
FramaCExecutionTime,40.58814870099741
TotalExecutionTime,321.53952330299944
