InputGenerationTime,0.06673658799991244
ProfilingTime,10.39163752200011
SimulationTime,5.964309641
FramaCExecutionTime,40.517046983
TotalExecutionTime,541.998953801
