InputGenerationTime,0.03070392999507021
ProfilingTime,14.804505005013198
SimulationTime,7.930154748988571
FramaCExecutionTime,43.51740340801189
TotalExecutionTime,1105.5472707510053
