InputGenerationTime,0.02041564299724996
ProfilingTime,10.592305942001985
SimulationTime,6.6995563929958735
FramaCExecutionTime,48.29850274599448
TotalExecutionTime,1430.1576954089978
