InputGenerationTime,0.06581077299779281
ProfilingTime,25.750475708999147
SimulationTime,16.850875559000997
FramaCExecutionTime,115.83512147400324
TotalExecutionTime,4050.063515845999
