InputGenerationTime,0.07258483800069371
ProfilingTime,10.27962468700025
SimulationTime,6.051224327000455
FramaCExecutionTime,38.576597549000326
TotalExecutionTime,120.27150790199994
