InputGenerationTime,0.03148683500012339
ProfilingTime,10.22892901599971
SimulationTime,6.596274974999687
FramaCExecutionTime,43.64821819200006
TotalExecutionTime,713.6931769789999
