InputGenerationTime,0.01951889699921594
ProfilingTime,10.011842605999846
SimulationTime,4.786183718999382
FramaCExecutionTime,35.60998623500018
TotalExecutionTime,348.22301642599996
