InputGenerationTime,0.08934303199930582
ProfilingTime,10.622658858002978
SimulationTime,9.466262382993591
FramaCExecutionTime,40.58022558799712
TotalExecutionTime,340.1503457630024
