InputGenerationTime,0.09801700900061405
ProfilingTime,11.303151329000684
SimulationTime,51.101194105000104
FramaCExecutionTime,38.37650828900041
TotalExecutionTime,3468.9991560470007
