InputGenerationTime,0.05692466000073182
ProfilingTime,9.689797234999787
SimulationTime,6.037256081999658
FramaCExecutionTime,39.214578377999715
TotalExecutionTime,1315.7484386430006
