InputGenerationTime,0.01908354100305587
ProfilingTime,9.628818474997388
SimulationTime,5.477898167002422
FramaCExecutionTime,45.59387044799951
TotalExecutionTime,685.0501462149987
