InputGenerationTime,0.0154482090001693
ProfilingTime,10.520535379997455
SimulationTime,53.67878719800501
FramaCExecutionTime,48.95317624400195
TotalExecutionTime,5722.968018063999
