InputGenerationTime,0.11879277000844013
ProfilingTime,11.328776852998999
SimulationTime,51.16561377700418
FramaCExecutionTime,41.30239897700085
TotalExecutionTime,475.5374168510025
