InputGenerationTime,0.0385067209990666
ProfilingTime,9.860221184999318
SimulationTime,4.801968609999676
FramaCExecutionTime,37.904336684001464
TotalExecutionTime,442.165018669999
