InputGenerationTime,0.01962254600948654
ProfilingTime,11.146162305012695
SimulationTime,51.91137798198906
FramaCExecutionTime,48.34731471100531
TotalExecutionTime,485.004035364007
