InputGenerationTime,0.10154341699671932
ProfilingTime,9.985058073987602
SimulationTime,29.56460115298978
FramaCExecutionTime,42.076754936002544
TotalExecutionTime,2416.0097472529887
