InputGenerationTime,0.06674171199847478
ProfilingTime,10.363631853004335
SimulationTime,50.183988239994505
FramaCExecutionTime,40.77649916699738
TotalExecutionTime,2531.5072374699957
