InputGenerationTime,0.07647114399878774
ProfilingTime,10.356407020997722
SimulationTime,35.772285301995
FramaCExecutionTime,39.74868804399739
TotalExecutionTime,569.4606384610088
