InputGenerationTime,0.07192333900093217
ProfilingTime,9.710316343000159
SimulationTime,48.47729367000284
FramaCExecutionTime,39.947012405998976
TotalExecutionTime,1363.8382446950018
