InputGenerationTime,0.06381965599939576
ProfilingTime,10.842366058999687
SimulationTime,6.817737989000307
FramaCExecutionTime,40.0604183079995
TotalExecutionTime,577.5566485559993
