InputGenerationTime,0.02471806799985643
ProfilingTime,10.391215920000377
SimulationTime,5.639301306000107
FramaCExecutionTime,36.439571203000014
TotalExecutionTime,386.5854660980001
