InputGenerationTime,0.07467210799222812
ProfilingTime,10.281891242004349
SimulationTime,7.842759523002314
FramaCExecutionTime,39.828040738997515
TotalExecutionTime,1609.843394754993
