InputGenerationTime,0.06373837799947069
ProfilingTime,10.435677980000037
SimulationTime,6.894349960999534
FramaCExecutionTime,37.73800484300045
TotalExecutionTime,757.8634622530008
