InputGenerationTime,0.02827716300089378
ProfilingTime,13.634799760999158
SimulationTime,7.3788377119999495
FramaCExecutionTime,39.25252934300079
TotalExecutionTime,679.6961778879995
