InputGenerationTime,0.01968984300037846
ProfilingTime,10.350834403005138
SimulationTime,5.878549945002305
FramaCExecutionTime,38.81064819900348
TotalExecutionTime,759.8180390139969
