InputGenerationTime,0.04088580200186698
ProfilingTime,11.699265720002586
SimulationTime,6.408731966002961
FramaCExecutionTime,46.09346962199925
TotalExecutionTime,737.6880337320035
