InputGenerationTime,0.10142935998737812
ProfilingTime,10.725813541997923
SimulationTime,50.36610004899558
FramaCExecutionTime,42.27029998799844
TotalExecutionTime,3852.489788993
