InputGenerationTime,0.00933023100515129
ProfilingTime,9.742888731998391
SimulationTime,5.612762868004211
FramaCExecutionTime,36.48298437499761
TotalExecutionTime,1426.4395085470023
