InputGenerationTime,0.02154857700043067
ProfilingTime,10.183849885999734
SimulationTime,48.503757586000575
FramaCExecutionTime,36.822960536999744
TotalExecutionTime,2156.8499275369995
