InputGenerationTime,0.06592929499993261
ProfilingTime,10.72086783199984
SimulationTime,10.177224213000045
FramaCExecutionTime,40.170672405999994
TotalExecutionTime,349.01691284100025
