InputGenerationTime,0.01594695199310081
ProfilingTime,10.603830009000376
SimulationTime,6.455510559004324
FramaCExecutionTime,46.48600257499493
TotalExecutionTime,812.0867824820016
