InputGenerationTime,0.06297201899724314
ProfilingTime,10.385861733004276
SimulationTime,50.676447826001095
FramaCExecutionTime,39.85762919300032
TotalExecutionTime,286.2415102290033
