InputGenerationTime,0.01725929699932749
ProfilingTime,9.540664475000085
SimulationTime,5.881848811999589
FramaCExecutionTime,34.431736876000286
TotalExecutionTime,1022.1734497380003
