InputGenerationTime,0.03755415400155471
ProfilingTime,23.212548064002476
SimulationTime,17.271330700998078
FramaCExecutionTime,131.89057868900272
TotalExecutionTime,2369.729481344999
