InputGenerationTime,0.00933023100515129
ProfilingTime,9.428447917001904
SimulationTime,5.344421312001941
FramaCExecutionTime,36.48298437499761
TotalExecutionTime,1168.8049634240015
