InputGenerationTime,0.0745205179991899
ProfilingTime,13.323429429001408
SimulationTime,8.376973677994101
FramaCExecutionTime,41.4757383850083
TotalExecutionTime,752.634789297008
