InputGenerationTime,0.0500389670014556
ProfilingTime,23.789662765000685
SimulationTime,15.502576533999672
FramaCExecutionTime,110.98379368699898
TotalExecutionTime,2733.863482769997
