InputGenerationTime,0.06190480099940032
ProfilingTime,10.58545871899878
SimulationTime,6.716305788000682
FramaCExecutionTime,40.04177317700123
TotalExecutionTime,572.152912005
