InputGenerationTime,0.01682621199870482
ProfilingTime,14.553726322003058
SimulationTime,8.796790014996077
FramaCExecutionTime,42.423894251012825
TotalExecutionTime,2163.765658211996
