InputGenerationTime,0.12734451101277955
ProfilingTime,10.014296605004347
SimulationTime,6.177740654005902
FramaCExecutionTime,39.92448624499957
TotalExecutionTime,170.19864167300693
