InputGenerationTime,0.01600631699989208
ProfilingTime,10.86312112099995
SimulationTime,6.314232010000069
FramaCExecutionTime,36.088396689999854
TotalExecutionTime,174.27942079700006
