InputGenerationTime,0.02931866299999797
ProfilingTime,10.800514629999952
SimulationTime,54.31777724199992
FramaCExecutionTime,39.656589833
TotalExecutionTime,1289.2514967280001
