InputGenerationTime,0.01968984300037846
ProfilingTime,10.416573149996111
SimulationTime,6.027099254002678
FramaCExecutionTime,38.81064819900348
TotalExecutionTime,665.9220763449994
