InputGenerationTime,0.01908354100305587
ProfilingTime,9.573157905997505
SimulationTime,5.286448997998377
FramaCExecutionTime,45.59387044799951
TotalExecutionTime,517.7752943999985
