InputGenerationTime,0.01519978199939942
ProfilingTime,10.45197430600092
SimulationTime,5.43562664899946
FramaCExecutionTime,35.97166418199777
TotalExecutionTime,1287.958117795999
