InputGenerationTime,0.02306973400118295
ProfilingTime,9.723741755000447
SimulationTime,48.091074875999766
FramaCExecutionTime,34.95365613299873
TotalExecutionTime,92.80320970399953
