InputGenerationTime,0.10799351200694218
ProfilingTime,10.201344025001163
SimulationTime,7.339023591004661
FramaCExecutionTime,41.71048603999952
TotalExecutionTime,596.8093537399982
