InputGenerationTime,0.03158086500002355
ProfilingTime,10.226417755000057
SimulationTime,6.132052441000042
FramaCExecutionTime,36.47446528099999
TotalExecutionTime,752.1970856930001
