InputGenerationTime,0.07322397099778755
ProfilingTime,11.185126354001113
SimulationTime,5.818132184002025
FramaCExecutionTime,39.72697308399802
TotalExecutionTime,1619.9078190849978
