InputGenerationTime,0.07727786700706929
ProfilingTime,9.695387574000051
SimulationTime,5.934375209006248
FramaCExecutionTime,40.76006832699932
TotalExecutionTime,232.39152751899383
