InputGenerationTime,0.0852646759885829
ProfilingTime,10.286800346992095
SimulationTime,101.70276948600076
FramaCExecutionTime,42.89104297501035
TotalExecutionTime,2822.665218410999
