InputGenerationTime,0.0301440870098304
ProfilingTime,11.515061871992657
SimulationTime,16.739131841997732
FramaCExecutionTime,39.158365137991495
TotalExecutionTime,1198.6023438980046
