InputGenerationTime,0.04088580200186698
ProfilingTime,10.628740607004147
SimulationTime,6.011028900000383
FramaCExecutionTime,46.09346962199925
TotalExecutionTime,839.0556978680033
