InputGenerationTime,0.01882177800143836
ProfilingTime,10.404719289006607
SimulationTime,5.787308654005756
FramaCExecutionTime,52.14162661100272
TotalExecutionTime,1976.336107762996
