InputGenerationTime,0.03148683500012339
ProfilingTime,10.362872723000237
SimulationTime,6.65997190500002
FramaCExecutionTime,43.64821819200006
TotalExecutionTime,559.152705598
