InputGenerationTime,0.07939185200120846
ProfilingTime,11.017635617999986
SimulationTime,6.5927011809999385
FramaCExecutionTime,40.42274703500152
TotalExecutionTime,305.70370450799965
