InputGenerationTime,0.0745205179991899
ProfilingTime,10.569227066996973
SimulationTime,6.0424550070019905
FramaCExecutionTime,41.4757383850083
TotalExecutionTime,730.8670743670082
