InputGenerationTime,0.02195946400752291
ProfilingTime,14.255813951021992
SimulationTime,55.574109407985816
FramaCExecutionTime,50.55869247901137
TotalExecutionTime,6203.225094738998
