InputGenerationTime,0.03444526500243228
ProfilingTime,10.814164714000071
SimulationTime,6.122577297996031
FramaCExecutionTime,52.18555356100842
TotalExecutionTime,427.805503880998
