InputGenerationTime,0.03455019700049888
ProfilingTime,10.127752042000793
SimulationTime,6.105420198999127
FramaCExecutionTime,34.927573151000615
TotalExecutionTime,618.0502724540002
