InputGenerationTime,0.03914463899855036
ProfilingTime,12.745196038995346
SimulationTime,7.04386093300127
FramaCExecutionTime,48.82799473100022
TotalExecutionTime,841.6940647559968
