InputGenerationTime,0.0745205179991899
ProfilingTime,10.200572121000732
SimulationTime,6.273632452997845
FramaCExecutionTime,41.4757383850083
TotalExecutionTime,567.2006889790064
