InputGenerationTime,0.05913997300012852
ProfilingTime,10.672628594999878
SimulationTime,49.12555827200049
FramaCExecutionTime,42.20031672500045
TotalExecutionTime,847.892730644
