InputGenerationTime,0.01605060899964883
ProfilingTime,12.37676898599966
SimulationTime,17.84489502100041
FramaCExecutionTime,55.23388443600197
TotalExecutionTime,346.30617371900007
