InputGenerationTime,0.06297201899724314
ProfilingTime,11.076218403999519
SimulationTime,51.87240524200024
FramaCExecutionTime,39.85762919300032
TotalExecutionTime,410.7468654030017
