InputGenerationTime,0.05588082099711755
ProfilingTime,10.837196978995053
SimulationTime,52.722714737996284
FramaCExecutionTime,46.176827339004376
TotalExecutionTime,2340.7725862420048
