InputGenerationTime,0.06190480099940032
ProfilingTime,10.207151951000924
SimulationTime,6.300319576999755
FramaCExecutionTime,40.04177317700123
TotalExecutionTime,505.1197982020003
