InputGenerationTime,0.03064069100219058
ProfilingTime,10.436780692998582
SimulationTime,6.429566315000557
FramaCExecutionTime,34.7892839849992
TotalExecutionTime,748.2655995390014
