InputGenerationTime,0.05998602900035621
ProfilingTime,9.811151908999818
SimulationTime,6.314903065998806
FramaCExecutionTime,38.65595949999988
TotalExecutionTime,937.113796347001
