InputGenerationTime,0.04653632100234972
ProfilingTime,10.744035110008554
SimulationTime,52.21662542500417
FramaCExecutionTime,41.64242968399776
TotalExecutionTime,3777.1325558390017
