InputGenerationTime,0.03158086500002355
ProfilingTime,10.432498678000002
SimulationTime,6.305028082000035
FramaCExecutionTime,36.47446528099999
TotalExecutionTime,735.814258039
