InputGenerationTime,0.10372775399991951
ProfilingTime,10.73089813399929
SimulationTime,51.988840232001166
FramaCExecutionTime,41.57309912600067
TotalExecutionTime,5684.075700912001
