InputGenerationTime,0.03618974800338037
ProfilingTime,10.151109422993613
SimulationTime,11.643470601993613
FramaCExecutionTime,38.09326741400582
TotalExecutionTime,447.55423789699853
