InputGenerationTime,0.10100196998973843
ProfilingTime,16.731124411002384
SimulationTime,11.429413317993749
FramaCExecutionTime,42.211014248998254
TotalExecutionTime,901.843183110992
