InputGenerationTime,0.01725929699932749
ProfilingTime,9.38340340600007
SimulationTime,5.992131945999063
FramaCExecutionTime,34.431736876000286
TotalExecutionTime,1083.473764544
