InputGenerationTime,0.04750419400079409
ProfilingTime,19.136001558996213
SimulationTime,11.825014083005954
FramaCExecutionTime,91.2054417679974
TotalExecutionTime,984.0754186889972
