InputGenerationTime,0.11015815800055861
ProfilingTime,11.035916851004004
SimulationTime,52.2291118419962
FramaCExecutionTime,48.40303555400169
TotalExecutionTime,1739.9246799219982
