InputGenerationTime,0.01905658200121252
ProfilingTime,10.826161774995853
SimulationTime,5.736541948994272
FramaCExecutionTime,35.78832621900074
TotalExecutionTime,1221.1367670180043
