InputGenerationTime,0.08934303199930582
ProfilingTime,10.18629014599719
SimulationTime,8.608016705999034
FramaCExecutionTime,40.58022558799712
TotalExecutionTime,149.4111104360054
