InputGenerationTime,0.02354438200018194
ProfilingTime,9.797963653999886
SimulationTime,5.398899943000288
FramaCExecutionTime,36.64489351900011
TotalExecutionTime,497.1371604440001
