InputGenerationTime,0.07990379400143865
ProfilingTime,10.509804105000512
SimulationTime,6.569571811998685
FramaCExecutionTime,39.39046175999829
TotalExecutionTime,259.9714371760001
