InputGenerationTime,0.05992229399998905
ProfilingTime,10.838914405998366
SimulationTime,6.259955271998479
FramaCExecutionTime,40.947449245002645
TotalExecutionTime,785.6055771309984
