InputGenerationTime,0.03914463899855036
ProfilingTime,13.988030059997982
SimulationTime,7.952907965998747
FramaCExecutionTime,48.82799473100022
TotalExecutionTime,717.720034922997
