InputGenerationTime,0.03444526500243228
ProfilingTime,10.742984571988927
SimulationTime,5.928556509999908
FramaCExecutionTime,52.18555356100842
TotalExecutionTime,310.8447952800052
