InputGenerationTime,0.10142935998737812
ProfilingTime,9.895028735001688
SimulationTime,50.08929104701383
FramaCExecutionTime,42.27029998799844
TotalExecutionTime,3547.760669117997
