InputGenerationTime,0.07484678299806546
ProfilingTime,10.916417929998715
SimulationTime,7.001516209005786
FramaCExecutionTime,41.74371946800238
TotalExecutionTime,1657.0086466630019
