InputGenerationTime,0.08934303199930582
ProfilingTime,10.484577805997105
SimulationTime,8.917411317001097
FramaCExecutionTime,40.58022558799712
TotalExecutionTime,424.6205634009966
