InputGenerationTime,0.06097441100064316
ProfilingTime,9.827242205999937
SimulationTime,48.59647080200011
FramaCExecutionTime,39.61232570200082
TotalExecutionTime,1579.389185723001
