InputGenerationTime,0.01003517399658449
ProfilingTime,12.067748802997812
SimulationTime,6.34237431800284
FramaCExecutionTime,46.60673828200379
TotalExecutionTime,142.15668532499694
