InputGenerationTime,0.06281015000058687
ProfilingTime,10.33255588999964
SimulationTime,5.971850325999185
FramaCExecutionTime,39.76741987800051
TotalExecutionTime,1487.1731566639992
