InputGenerationTime,0.10799351200694218
ProfilingTime,10.200130821001949
SimulationTime,7.152626227994915
FramaCExecutionTime,41.71048603999952
TotalExecutionTime,667.1693727300008
