InputGenerationTime,0.03755415400155471
ProfilingTime,24.557307539998874
SimulationTime,16.94763668700034
FramaCExecutionTime,131.89057868900272
TotalExecutionTime,1507.94083951
