InputGenerationTime,0.06581077299779281
ProfilingTime,24.325581625998893
SimulationTime,16.485645158001716
FramaCExecutionTime,115.83512147400324
TotalExecutionTime,3645.6851827749997
