InputGenerationTime,0.0159012049989542
ProfilingTime,9.750229181001487
SimulationTime,5.037095541003509
FramaCExecutionTime,48.892538050997246
TotalExecutionTime,483.92316041499726
