InputGenerationTime,0.03755415400155471
ProfilingTime,33.92840862600133
SimulationTime,19.974281238999538
FramaCExecutionTime,131.89057868900272
TotalExecutionTime,2152.764228717999
