InputGenerationTime,0.02227763999690069
ProfilingTime,10.906715127995994
SimulationTime,6.616653256001882
FramaCExecutionTime,40.6428507610035
TotalExecutionTime,892.8933740339999
