InputGenerationTime,0.06190480099940032
ProfilingTime,10.503294918999018
SimulationTime,6.727773736000017
FramaCExecutionTime,40.04177317700123
TotalExecutionTime,814.7770265449999
