InputGenerationTime,0.01207756999792764
ProfilingTime,10.672107842001424
SimulationTime,55.03444217699871
FramaCExecutionTime,45.69947358400168
TotalExecutionTime,1903.991526140002
