InputGenerationTime,0.11879277000844013
ProfilingTime,11.299643231992377
SimulationTime,51.24651191099838
FramaCExecutionTime,41.30239897700085
TotalExecutionTime,853.0452140039997
