InputGenerationTime,0.11202836499433033
ProfilingTime,10.606713328001206
SimulationTime,7.011599199991906
FramaCExecutionTime,39.724936091995914
TotalExecutionTime,328.22133694299555
