InputGenerationTime,0.04088580200186698
ProfilingTime,11.50308095299988
SimulationTime,6.3902770150016295
FramaCExecutionTime,46.09346962199925
TotalExecutionTime,719.507018119999
