InputGenerationTime,0.0852646759885829
ProfilingTime,10.10700868999993
SimulationTime,90.7653021980077
FramaCExecutionTime,42.89104297501035
TotalExecutionTime,1873.7633252749947
