InputGenerationTime,0.0223144050000883
ProfilingTime,10.953729146000114
SimulationTime,6.314924059000077
FramaCExecutionTime,35.90068683499999
TotalExecutionTime,957.9548494000001
