InputGenerationTime,0.04653632100234972
ProfilingTime,10.907199085006141
SimulationTime,52.279011546008405
FramaCExecutionTime,41.64242968399776
TotalExecutionTime,4170.037244649
