InputGenerationTime,0.02436892400146462
ProfilingTime,14.201315248996252
SimulationTime,7.544551054001204
FramaCExecutionTime,41.515238159990986
TotalExecutionTime,540.9417123540043
