InputGenerationTime,0.08211587400001008
ProfilingTime,10.859560643002624
SimulationTime,7.047084972000448
FramaCExecutionTime,42.833708010999544
TotalExecutionTime,1639.828182997997
