InputGenerationTime,0.10177876400121022
ProfilingTime,10.10616813400702
SimulationTime,7.231786735996138
FramaCExecutionTime,40.503118693988654
TotalExecutionTime,1025.1070342339954
