InputGenerationTime,0.0385067209990666
ProfilingTime,10.146788480999021
SimulationTime,5.425455851998777
FramaCExecutionTime,37.904336684001464
TotalExecutionTime,778.7521788829999
