InputGenerationTime,0.02306895500078099
ProfilingTime,9.863095747998159
SimulationTime,4.956410183000116
FramaCExecutionTime,45.48063135499979
TotalExecutionTime,479.2711136789985
