InputGenerationTime,0.07971650699983002
ProfilingTime,10.598425563001001
SimulationTime,49.05840333100059
FramaCExecutionTime,40.773911910000606
TotalExecutionTime,1698.0784523420007
