InputGenerationTime,0.07123787500131584
ProfilingTime,10.291204386001482
SimulationTime,5.808175897000183
FramaCExecutionTime,41.87460094400012
TotalExecutionTime,109.3401007020002
