InputGenerationTime,0.02485292500932701
ProfilingTime,11.870511674991576
SimulationTime,8.556309792998945
FramaCExecutionTime,41.027538213995285
TotalExecutionTime,1257.9532855380094
