InputGenerationTime,0.0341274840029655
ProfilingTime,9.63561470399145
SimulationTime,8.786748056998476
FramaCExecutionTime,37.64829516099417
TotalExecutionTime,906.83305354201
