InputGenerationTime,0.02387934099533595
ProfilingTime,15.433980916001019
SimulationTime,54.215974171995185
FramaCExecutionTime,40.29103302399744
TotalExecutionTime,2096.7654758760036
