InputGenerationTime,0.01039334099914413
ProfilingTime,9.997517465002602
SimulationTime,5.1462854349956615
FramaCExecutionTime,36.1268426799943
TotalExecutionTime,1120.7796620240042
