InputGenerationTime,0.11202836499433033
ProfilingTime,13.4250014690042
SimulationTime,8.70857366999553
FramaCExecutionTime,39.724936091995914
TotalExecutionTime,350.40245049999794
