InputGenerationTime,0.01414316500449786
ProfilingTime,10.24060088099941
SimulationTime,5.890799526998308
FramaCExecutionTime,36.11738900899945
TotalExecutionTime,609.4379990140005
