InputGenerationTime,0.02187398799287621
ProfilingTime,9.8479772189894
SimulationTime,7.517782633993193
FramaCExecutionTime,33.94771063499502
TotalExecutionTime,289.1326616009901
