InputGenerationTime,0.02632365800673142
ProfilingTime,11.442885794996982
SimulationTime,8.085120764008025
FramaCExecutionTime,39.77912241400918
TotalExecutionTime,830.7001170150033
