InputGenerationTime,0.03238737300853245
ProfilingTime,11.305757943991921
SimulationTime,7.593067187990528
FramaCExecutionTime,43.14403645200946
TotalExecutionTime,604.8414372980042
