InputGenerationTime,0.03755415400155471
ProfilingTime,29.038757047001127
SimulationTime,20.050883463998616
FramaCExecutionTime,131.89057868900272
TotalExecutionTime,1648.617496783998
