InputGenerationTime,0.12183218299469445
ProfilingTime,10.686701337996055
SimulationTime,67.43529210700945
FramaCExecutionTime,43.303145281999605
TotalExecutionTime,993.120399737003
