InputGenerationTime,0.0301166839999496
ProfilingTime,9.998736612998982
SimulationTime,5.34163500700015
FramaCExecutionTime,35.60818583100081
TotalExecutionTime,1461.552621683999
