InputGenerationTime,0.12734451101277955
ProfilingTime,9.784155956003815
SimulationTime,6.001002974007861
FramaCExecutionTime,39.92448624499957
TotalExecutionTime,87.70494666000013
