InputGenerationTime,0.09603555100329686
ProfilingTime,10.315996561999782
SimulationTime,6.1016887680016225
FramaCExecutionTime,41.09978809001041
TotalExecutionTime,1142.764785471998
