InputGenerationTime,0.02234565999242477
ProfilingTime,10.90084491801099
SimulationTime,54.070654513008776
FramaCExecutionTime,39.94511723800679
TotalExecutionTime,4734.878388404992
