InputGenerationTime,0.03455019700049888
ProfilingTime,10.121718926999165
SimulationTime,6.234256185000049
FramaCExecutionTime,34.927573151000615
TotalExecutionTime,601.7930001919995
