InputGenerationTime,0.08286192300147377
ProfilingTime,10.59839640201244
SimulationTime,49.99467569899571
FramaCExecutionTime,39.38539788800699
TotalExecutionTime,1325.8310717290005
