InputGenerationTime,0.02187398799287621
ProfilingTime,9.723157786007505
SimulationTime,6.935605285994825
FramaCExecutionTime,33.94771063499502
TotalExecutionTime,271.74317739199614
