InputGenerationTime,0.01177785099571338
ProfilingTime,13.424295055003313
SimulationTime,9.632949874998303
FramaCExecutionTime,52.82057099800295
TotalExecutionTime,1776.7949246729986
