InputGenerationTime,0.02387934099533595
ProfilingTime,13.742937645991333
SimulationTime,52.07112365600187
FramaCExecutionTime,40.29103302399744
TotalExecutionTime,1823.1363019309938
