InputGenerationTime,0.01877888300077757
ProfilingTime,12.109937360000913
SimulationTime,16.339497695997125
FramaCExecutionTime,59.614060054998845
TotalExecutionTime,88.09175077399777
