InputGenerationTime,0.11015815800055861
ProfilingTime,11.222796538000694
SimulationTime,51.41100660400116
FramaCExecutionTime,48.40303555400169
TotalExecutionTime,2184.4212820760004
