InputGenerationTime,0.02481988799991086
ProfilingTime,9.677404033001949
SimulationTime,5.759644884001318
FramaCExecutionTime,34.30475738699897
TotalExecutionTime,1655.787606318001
