InputGenerationTime,0.0385067209990666
ProfilingTime,9.879145926001001
SimulationTime,4.9155311229988
FramaCExecutionTime,37.904336684001464
TotalExecutionTime,456.997471273
