InputGenerationTime,0.10177876400121022
ProfilingTime,13.438875901993015
SimulationTime,9.626357517001452
FramaCExecutionTime,40.503118693988654
TotalExecutionTime,1238.5923779559962
