InputGenerationTime,0.02471806799985643
ProfilingTime,10.169235766000156
SimulationTime,5.967517558000054
FramaCExecutionTime,36.439571203000014
TotalExecutionTime,338.6219528309998
