InputGenerationTime,0.0590006890015502
ProfilingTime,22.803588266000588
SimulationTime,23.21091282600173
FramaCExecutionTime,113.22399641499942
TotalExecutionTime,4356.8284607219975
