InputGenerationTime,0.03168364300108806
ProfilingTime,10.232773716999873
SimulationTime,5.419306367999525
FramaCExecutionTime,52.581870406000235
TotalExecutionTime,772.3693869859999
