InputGenerationTime,0.02306895500078099
ProfilingTime,9.860930062997795
SimulationTime,4.980968266998389
FramaCExecutionTime,45.48063135499979
TotalExecutionTime,554.0897482670007
