InputGenerationTime,0.02436892400146462
ProfilingTime,14.733010073003243
SimulationTime,7.684187828010181
FramaCExecutionTime,41.515238159990986
TotalExecutionTime,318.74731260200497
