InputGenerationTime,0.03070392999507021
ProfilingTime,15.07469723399845
SimulationTime,7.996428425001795
FramaCExecutionTime,43.51740340801189
TotalExecutionTime,738.1669109450013
