InputGenerationTime,0.05265666600462282
ProfilingTime,10.64214462399832
SimulationTime,6.061195363996376
FramaCExecutionTime,41.49356549300137
TotalExecutionTime,1143.2552400569984
