InputGenerationTime,0.06097441100064316
ProfilingTime,9.987841414997092
SimulationTime,48.63163667900153
FramaCExecutionTime,39.61232570200082
TotalExecutionTime,2232.5365081630007
