InputGenerationTime,0.06381965599939576
ProfilingTime,10.682431975999862
SimulationTime,6.941824378000092
FramaCExecutionTime,40.0604183079995
TotalExecutionTime,728.3627899500007
