InputGenerationTime,0.02471806799985643
ProfilingTime,10.075142336999988
SimulationTime,5.863086258999829
FramaCExecutionTime,36.439571203000014
TotalExecutionTime,309.4514315409999
