InputGenerationTime,0.02305058599813492
ProfilingTime,12.332583141000214
SimulationTime,7.324945419000869
FramaCExecutionTime,58.556756318001135
TotalExecutionTime,310.36761815999853
