InputGenerationTime,0.06297201899724314
ProfilingTime,11.327732979996654
SimulationTime,53.95542171100533
FramaCExecutionTime,39.85762919300032
TotalExecutionTime,1401.2164116269996
