InputGenerationTime,0.06373837799947069
ProfilingTime,9.666098726999735
SimulationTime,6.462782243999754
FramaCExecutionTime,37.73800484300045
TotalExecutionTime,518.3636276289999
