InputGenerationTime,0.06281015000058687
ProfilingTime,10.301042040999164
SimulationTime,5.6115588169996045
FramaCExecutionTime,39.76741987800051
TotalExecutionTime,1519.213572187
