InputGenerationTime,0.06592929499993261
ProfilingTime,9.786169922999761
SimulationTime,7.69493742900022
FramaCExecutionTime,40.170672405999994
TotalExecutionTime,93.4993319680002
