InputGenerationTime,0.04271512100240216
ProfilingTime,42.822367349999695
SimulationTime,27.681392086000415
FramaCExecutionTime,140.39492750800127
TotalExecutionTime,3333.710289358998
