InputGenerationTime,0.0341274840029655
ProfilingTime,10.337242032997892
SimulationTime,7.680373784009134
FramaCExecutionTime,37.64829516099417
TotalExecutionTime,801.086116039005
