InputGenerationTime,0.01177785099571338
ProfilingTime,12.78372666300129
SimulationTime,7.102247044000251
FramaCExecutionTime,52.82057099800295
TotalExecutionTime,1630.2517289899988
