InputGenerationTime,0.06652831399696879
ProfilingTime,10.08801205099735
SimulationTime,7.6816760929941665
FramaCExecutionTime,38.49409825599287
TotalExecutionTime,125.89390241500223
