InputGenerationTime,0.08211587400001008
ProfilingTime,10.278852226001618
SimulationTime,5.870635977000347
FramaCExecutionTime,42.833708010999544
TotalExecutionTime,1555.057063537999
