InputGenerationTime,0.04653632100234972
ProfilingTime,10.10378204799781
SimulationTime,51.4095107739995
FramaCExecutionTime,41.64242968399776
TotalExecutionTime,4356.9510739239995
