InputGenerationTime,0.08069114800036914
ProfilingTime,10.101910415999555
SimulationTime,6.639120564999757
FramaCExecutionTime,37.93133167399992
TotalExecutionTime,935.9808233350004
