InputGenerationTime,0.01414316500449786
ProfilingTime,10.231164317003277
SimulationTime,6.135569573998509
FramaCExecutionTime,36.11738900899945
TotalExecutionTime,767.0255538089987
