InputGenerationTime,0.11479880199476611
ProfilingTime,10.037561524004559
SimulationTime,8.848654404006083
FramaCExecutionTime,42.08872573199915
TotalExecutionTime,1572.2504261040012
