InputGenerationTime,0.05998602900035621
ProfilingTime,9.910003031998713
SimulationTime,6.1373412769989955
FramaCExecutionTime,38.65595949999988
TotalExecutionTime,1001.7745554490011
