InputGenerationTime,0.02227763999690069
ProfilingTime,8.452884124002594
SimulationTime,5.101342848000058
FramaCExecutionTime,40.6428507610035
TotalExecutionTime,501.2193696969989
