InputGenerationTime,0.06297201899724314
ProfilingTime,10.459406638998189
SimulationTime,51.713357209002424
FramaCExecutionTime,39.85762919300032
TotalExecutionTime,102.10521227100253
