InputGenerationTime,0.06920159800029069
ProfilingTime,9.790659451000465
SimulationTime,4.830420858999787
FramaCExecutionTime,38.74239860200032
TotalExecutionTime,1044.2684753979993
