InputGenerationTime,0.01605060899964883
ProfilingTime,11.86078446099782
SimulationTime,17.268968431002577
FramaCExecutionTime,55.23388443600197
TotalExecutionTime,656.3307409350018
