InputGenerationTime,0.04271512100240216
ProfilingTime,41.34121214699917
SimulationTime,30.82888587100024
FramaCExecutionTime,140.39492750800127
TotalExecutionTime,3194.0556564789986
