InputGenerationTime,0.07630812800016429
ProfilingTime,9.798802229001012
SimulationTime,6.594197823998911
FramaCExecutionTime,39.353945180000665
TotalExecutionTime,434.6388967260009
