InputGenerationTime,0.05992229399998905
ProfilingTime,10.300508569001977
SimulationTime,6.450858386000618
FramaCExecutionTime,40.947449245002645
TotalExecutionTime,668.883391976
