InputGenerationTime,0.02398628399896552
ProfilingTime,12.566182717000629
SimulationTime,7.447170854997239
FramaCExecutionTime,56.596672714000306
TotalExecutionTime,1216.5611287230022
