InputGenerationTime,0.06693528000323568
ProfilingTime,10.919021296998835
SimulationTime,51.96016614299151
FramaCExecutionTime,41.80391053999483
TotalExecutionTime,5336.374353924002
