InputGenerationTime,0.01333866200002376
ProfilingTime,10.740967888996238
SimulationTime,6.112338446007925
FramaCExecutionTime,48.59325111399812
TotalExecutionTime,1198.8236652900086
