InputGenerationTime,0.08211587400001008
ProfilingTime,10.183547079999698
SimulationTime,5.674034452000342
FramaCExecutionTime,42.833708010999544
TotalExecutionTime,1707.4238132179962
