InputGenerationTime,0.00968929698865395
ProfilingTime,12.52264938299777
SimulationTime,52.309822059003636
FramaCExecutionTime,48.13642818399239
TotalExecutionTime,2365.743461232996
