InputGenerationTime,0.02879062700048962
ProfilingTime,10.433886573000564
SimulationTime,7.442916570998932
FramaCExecutionTime,37.36917282200011
TotalExecutionTime,782.7026705199996
