InputGenerationTime,0.07630812800016429
ProfilingTime,10.074211524999555
SimulationTime,6.409998174000066
FramaCExecutionTime,39.353945180000665
TotalExecutionTime,55.9296939220003
