InputGenerationTime,0.07630812800016429
ProfilingTime,10.132375146999038
SimulationTime,6.62397284600047
FramaCExecutionTime,39.353945180000665
TotalExecutionTime,105.8328718490011
