InputGenerationTime,0.01730999299979885
ProfilingTime,9.381603200999962
SimulationTime,5.037300948999473
FramaCExecutionTime,44.544735395000316
TotalExecutionTime,73.87345788200037
