InputGenerationTime,0.0500389670014556
ProfilingTime,25.433132236001256
SimulationTime,16.535575362999225
FramaCExecutionTime,110.98379368699898
TotalExecutionTime,3080.6420250409974
