InputGenerationTime,0.01848810700175818
ProfilingTime,9.664664292002271
SimulationTime,4.812144620998879
FramaCExecutionTime,35.19626918999711
TotalExecutionTime,1082.111686791999
