InputGenerationTime,0.05588082099711755
ProfilingTime,10.619301273996825
SimulationTime,53.05695519800065
FramaCExecutionTime,46.176827339004376
TotalExecutionTime,1644.4895056800015
