InputGenerationTime,0.01968984300037846
ProfilingTime,10.275693934003357
SimulationTime,5.73689454900159
FramaCExecutionTime,38.81064819900348
TotalExecutionTime,681.9744229569988
