InputGenerationTime,0.02624188499612501
ProfilingTime,10.024631865002448
SimulationTime,5.670494042002247
FramaCExecutionTime,71.5697110770052
TotalExecutionTime,1226.0446719819956
