InputGenerationTime,0.02879062700048962
ProfilingTime,10.307061333000092
SimulationTime,7.1530333459995745
FramaCExecutionTime,37.36917282200011
TotalExecutionTime,729.3256552720004
