InputGenerationTime,0.02429182899868465
ProfilingTime,10.121174781001173
SimulationTime,5.6279628409974976
FramaCExecutionTime,45.97813112299991
TotalExecutionTime,557.5597958809994
