InputGenerationTime,0.02195946400752291
ProfilingTime,14.3351625049836
SimulationTime,55.560796331003075
FramaCExecutionTime,50.55869247901137
TotalExecutionTime,5261.15988866199
