InputGenerationTime,0.0223144050000883
ProfilingTime,11.308392864000098
SimulationTime,6.776089895000041
FramaCExecutionTime,35.90068683499999
TotalExecutionTime,1264.438320126
