InputGenerationTime,0.09784811999998055
ProfilingTime,9.554665909003234
SimulationTime,6.910920932990848
FramaCExecutionTime,41.55466879501182
TotalExecutionTime,1301.9355307560036
