InputGenerationTime,0.07322397099778755
ProfilingTime,10.473985409997113
SimulationTime,5.316276183999435
FramaCExecutionTime,39.72697308399802
TotalExecutionTime,1291.1302421319997
