InputGenerationTime,0.01882177800143836
ProfilingTime,10.297601435995603
SimulationTime,6.2206878989964025
FramaCExecutionTime,52.14162661100272
TotalExecutionTime,1992.8847953399963
