InputGenerationTime,0.09784811999998055
ProfilingTime,9.997512921007
SimulationTime,7.546432174000074
FramaCExecutionTime,41.55466879501182
TotalExecutionTime,1423.351869954
