InputGenerationTime,0.01758529599464964
ProfilingTime,9.388285871995322
SimulationTime,5.057664858002681
FramaCExecutionTime,36.372605122000095
TotalExecutionTime,93.88320441600081
