InputGenerationTime,0.02493770999899425
ProfilingTime,9.28588275599941
SimulationTime,6.094839571998818
FramaCExecutionTime,35.02617612699942
TotalExecutionTime,1550.402847547999
