InputGenerationTime,0.00968929698865395
ProfilingTime,14.244238655010122
SimulationTime,53.50949279499764
FramaCExecutionTime,48.13642818399239
TotalExecutionTime,2631.8567522270023
