InputGenerationTime,0.03753126999072265
ProfilingTime,10.630213498006924
SimulationTime,11.42617430401151
FramaCExecutionTime,36.719459897998604
TotalExecutionTime,1691.1387651760015
