InputGenerationTime,0.0613212600001134
ProfilingTime,11.671425098989857
SimulationTime,54.702383623996866
FramaCExecutionTime,40.81122030799452
TotalExecutionTime,175.2952959839895
