InputGenerationTime,0.01207756999792764
ProfilingTime,10.776032054000098
SimulationTime,52.17818797600194
FramaCExecutionTime,45.69947358400168
TotalExecutionTime,1966.9761763509996
