InputGenerationTime,0.06687718700050027
ProfilingTime,10.155944841000746
SimulationTime,6.573467860000164
FramaCExecutionTime,39.48932267499913
TotalExecutionTime,507.93216353800017
