InputGenerationTime,0.04750419400079409
ProfilingTime,35.50409685399791
SimulationTime,22.087511222998728
FramaCExecutionTime,91.2054417679974
TotalExecutionTime,592.4446482079948
