InputGenerationTime,0.0500389670014556
ProfilingTime,22.88309226199999
SimulationTime,16.52262364299895
FramaCExecutionTime,110.98379368699898
TotalExecutionTime,2694.447470809999
