InputGenerationTime,0.07467210799222812
ProfilingTime,9.79464828800701
SimulationTime,18.494184991010115
FramaCExecutionTime,39.828040738997515
TotalExecutionTime,1638.181848837994
