InputGenerationTime,0.03444526500243228
ProfilingTime,11.244100144991535
SimulationTime,6.337643359991489
FramaCExecutionTime,52.18555356100842
TotalExecutionTime,225.28473403200042
