InputGenerationTime,0.02632365800673142
ProfilingTime,11.353112160999444
SimulationTime,9.754100193997147
FramaCExecutionTime,39.77912241400918
TotalExecutionTime,612.3219663519994
