InputGenerationTime,0.11740471799566876
ProfilingTime,11.156699921004474
SimulationTime,87.49849253000866
FramaCExecutionTime,50.78784949700639
TotalExecutionTime,2756.5341972110036
