InputGenerationTime,0.03211433500109706
ProfilingTime,9.50553904800472
SimulationTime,78.67901451900252
FramaCExecutionTime,39.37306821200036
TotalExecutionTime,3674.5682343549997
