InputGenerationTime,0.05595495499437675
ProfilingTime,11.339050426002359
SimulationTime,6.974011979000352
FramaCExecutionTime,40.309179092000704
TotalExecutionTime,1208.642951183996
