InputGenerationTime,0.03211433500109706
ProfilingTime,10.333045595005387
SimulationTime,48.61372348700388
FramaCExecutionTime,39.37306821200036
TotalExecutionTime,1268.652238925999
