InputGenerationTime,0.11879277000844013
ProfilingTime,11.253618624992669
SimulationTime,51.62451297100051
FramaCExecutionTime,41.30239897700085
TotalExecutionTime,349.66485673100397
