InputGenerationTime,0.06652831399696879
ProfilingTime,10.276838748002774
SimulationTime,9.752877167004044
FramaCExecutionTime,38.49409825599287
TotalExecutionTime,282.8819507090084
