InputGenerationTime,0.02881482700104243
ProfilingTime,11.454045905000385
SimulationTime,17.332222670000192
FramaCExecutionTime,55.802621858998464
TotalExecutionTime,999.4678841690002
