InputGenerationTime,0.02931866299999797
ProfilingTime,10.496349523999925
SimulationTime,54.73334744600004
FramaCExecutionTime,39.656589833
TotalExecutionTime,746.215871462
