InputGenerationTime,0.06024347899983695
ProfilingTime,10.267720762999488
SimulationTime,6.871468521999304
FramaCExecutionTime,37.23784175899982
TotalExecutionTime,136.28157995600031
