InputGenerationTime,0.05265666600462282
ProfilingTime,10.245047617005184
SimulationTime,5.628224521002267
FramaCExecutionTime,41.49356549300137
TotalExecutionTime,925.9399496979968
