InputGenerationTime,0.06888131699997757
ProfilingTime,10.252977219000968
SimulationTime,9.420299180999791
FramaCExecutionTime,39.89972157699958
TotalExecutionTime,59.665410448998955
