InputGenerationTime,0.09603555100329686
ProfilingTime,9.678650923000532
SimulationTime,5.487404633007827
FramaCExecutionTime,41.09978809001041
TotalExecutionTime,949.9616951659991
