InputGenerationTime,0.01848810700175818
ProfilingTime,9.86460082999838
SimulationTime,5.116799592004099
FramaCExecutionTime,35.19626918999711
TotalExecutionTime,858.9365051150016
