InputGenerationTime,0.00968929698865395
ProfilingTime,13.87609057399095
SimulationTime,52.916168750991346
FramaCExecutionTime,48.13642818399239
TotalExecutionTime,2989.4516668340075
