InputGenerationTime,0.03220963099738583
ProfilingTime,9.555387637999956
SimulationTime,4.78041896099603
FramaCExecutionTime,35.3322548990036
TotalExecutionTime,1218.6777360609995
