InputGenerationTime,0.07467210799222812
ProfilingTime,9.663128214000608
SimulationTime,7.214473804007866
FramaCExecutionTime,39.828040738997515
TotalExecutionTime,1501.1376256399963
