InputGenerationTime,0.11479880199476611
ProfilingTime,9.950202539010206
SimulationTime,8.500594565994106
FramaCExecutionTime,42.08872573199915
TotalExecutionTime,1765.458030484995
