InputGenerationTime,0.09801700900061405
ProfilingTime,11.08331808499861
SimulationTime,50.903389862998665
FramaCExecutionTime,38.37650828900041
TotalExecutionTime,3531.044974626
