InputGenerationTime,0.03168364300108806
ProfilingTime,10.247573620999901
SimulationTime,5.511047554999095
FramaCExecutionTime,52.581870406000235
TotalExecutionTime,788.1804825750005
