InputGenerationTime,0.06687718700050027
ProfilingTime,10.406393491999552
SimulationTime,7.282148889999007
FramaCExecutionTime,39.48932267499913
TotalExecutionTime,577.0662569840006
