InputGenerationTime,0.07123787500131584
ProfilingTime,10.556010545999015
SimulationTime,5.976218042000255
FramaCExecutionTime,41.87460094400012
TotalExecutionTime,93.19145197000034
