InputGenerationTime,0.03469175999998697
ProfilingTime,12.597331533001125
SimulationTime,9.6534841649991
FramaCExecutionTime,61.06725525799993
TotalExecutionTime,953.8284196269997
