InputGenerationTime,0.06673658799991244
ProfilingTime,10.71751686799962
SimulationTime,6.528931491000094
FramaCExecutionTime,40.517046983
TotalExecutionTime,642.7686070980003
