InputGenerationTime,0.02632365800673142
ProfilingTime,11.566755221996573
SimulationTime,8.140010911010904
FramaCExecutionTime,39.77912241400918
TotalExecutionTime,632.052972245001
