InputGenerationTime,0.01543552200018894
ProfilingTime,14.452482048000093
SimulationTime,52.58163504299591
FramaCExecutionTime,39.881633352997596
TotalExecutionTime,241.36968548099685
