InputGenerationTime,0.07467210799222812
ProfilingTime,9.80407943300088
SimulationTime,15.33396493300097
FramaCExecutionTime,39.828040738997515
TotalExecutionTime,1775.8553887739981
