InputGenerationTime,0.0223144050000883
ProfilingTime,11.205067017999909
SimulationTime,6.90564659100005
FramaCExecutionTime,35.90068683499999
TotalExecutionTime,1208.959475411
