InputGenerationTime,0.10799351200694218
ProfilingTime,9.64505245500186
SimulationTime,7.395111912992434
FramaCExecutionTime,41.71048603999952
TotalExecutionTime,883.9444335349981
