InputGenerationTime,0.01003517399658449
ProfilingTime,12.357504681000137
SimulationTime,6.7299087649953435
FramaCExecutionTime,46.60673828200379
TotalExecutionTime,123.70223679899937
