InputGenerationTime,0.02879062700048962
ProfilingTime,9.958291313999325
SimulationTime,7.332263379999858
FramaCExecutionTime,37.36917282200011
TotalExecutionTime,498.2603639509998
