InputGenerationTime,0.0500389670014556
ProfilingTime,25.72263508999822
SimulationTime,16.500106399002107
FramaCExecutionTime,110.98379368699898
TotalExecutionTime,3208.8900268609978
