InputGenerationTime,0.01519978199939942
ProfilingTime,10.527246518999164
SimulationTime,5.567390809002973
FramaCExecutionTime,35.97166418199777
TotalExecutionTime,1502.6028147260004
