InputGenerationTime,0.02306973400118295
ProfilingTime,9.941914982999151
SimulationTime,47.55836763099978
FramaCExecutionTime,34.95365613299873
TotalExecutionTime,609.134452414999
