InputGenerationTime,0.06730768499983242
ProfilingTime,10.309053761997347
SimulationTime,9.5307553370003
FramaCExecutionTime,40.06123223099894
TotalExecutionTime,983.6780362339978
