InputGenerationTime,0.01328051500604488
ProfilingTime,13.933664909010986
SimulationTime,6.938216795009794
FramaCExecutionTime,41.48226086300565
TotalExecutionTime,83.5811888199969
