InputGenerationTime,0.012637748999623
ProfilingTime,12.498257479997847
SimulationTime,48.50344233999931
FramaCExecutionTime,57.36715431099947
TotalExecutionTime,2500.209387419998
