InputGenerationTime,0.0301166839999496
ProfilingTime,10.004528290000962
SimulationTime,4.51695168399965
FramaCExecutionTime,35.60818583100081
TotalExecutionTime,1521.513063769
