InputGenerationTime,0.0159012049989542
ProfilingTime,10.462240980996285
SimulationTime,5.46064404000208
FramaCExecutionTime,48.892538050997246
TotalExecutionTime,857.3245342720038
