InputGenerationTime,0.01848810700175818
ProfilingTime,9.61680108699511
SimulationTime,4.948379656998441
FramaCExecutionTime,35.19626918999711
TotalExecutionTime,992.0480250059991
