InputGenerationTime,0.0763670619999175
ProfilingTime,10.339360748999752
SimulationTime,6.834910236000724
FramaCExecutionTime,39.75321220000478
TotalExecutionTime,411.2457276910063
