InputGenerationTime,0.08442942600049719
ProfilingTime,9.822816746999706
SimulationTime,7.065160135000042
FramaCExecutionTime,38.66163072400013
TotalExecutionTime,1477.269112088
