InputGenerationTime,0.11479880199476611
ProfilingTime,10.626370676996885
SimulationTime,8.764485628998955
FramaCExecutionTime,42.08872573199915
TotalExecutionTime,1610.1605734539917
