InputGenerationTime,0.02377328900183784
ProfilingTime,9.963277946000744
SimulationTime,5.786280484000599
FramaCExecutionTime,35.40231949600275
TotalExecutionTime,1023.1405326299991
