InputGenerationTime,0.01962254600948654
ProfilingTime,11.245176020005601
SimulationTime,51.778378812989104
FramaCExecutionTime,48.34731471100531
TotalExecutionTime,799.0701013680082
