InputGenerationTime,0.01003517399658449
ProfilingTime,12.324617915001
SimulationTime,6.843100393001805
FramaCExecutionTime,46.60673828200379
TotalExecutionTime,65.7908315099994
