InputGenerationTime,0.01600631699989208
ProfilingTime,11.296215435000022
SimulationTime,6.986787161000166
FramaCExecutionTime,36.088396689999854
TotalExecutionTime,157.07692284600012
