InputGenerationTime,0.01519978199939942
ProfilingTime,10.735104493003746
SimulationTime,6.108542153997405
FramaCExecutionTime,35.97166418199777
TotalExecutionTime,1352.740993514999
