InputGenerationTime,0.07990379400143865
ProfilingTime,10.52522199499981
SimulationTime,6.8172319940003945
FramaCExecutionTime,39.39046175999829
TotalExecutionTime,226.06217940200077
