InputGenerationTime,0.02827716300089378
ProfilingTime,12.77698920200055
SimulationTime,6.719389021000097
FramaCExecutionTime,39.25252934300079
TotalExecutionTime,638.9849442919985
