InputGenerationTime,0.07630812800016429
ProfilingTime,10.627541953001128
SimulationTime,7.3417037229992275
FramaCExecutionTime,39.353945180000665
TotalExecutionTime,158.48450126800162
