InputGenerationTime,0.07492488600109937
ProfilingTime,10.882682914001634
SimulationTime,6.6881849440032966
FramaCExecutionTime,42.08125151599961
TotalExecutionTime,1025.2332044369978
