InputGenerationTime,0.03618974800338037
ProfilingTime,10.231335955002578
SimulationTime,11.631098963989643
FramaCExecutionTime,38.09326741400582
TotalExecutionTime,512.6074219589937
