InputGenerationTime,0.03238737300853245
ProfilingTime,11.632456161009031
SimulationTime,7.817540357995313
FramaCExecutionTime,43.14403645200946
TotalExecutionTime,920.4081380179996
