InputGenerationTime,0.06465608299913583
ProfilingTime,10.307011548997252
SimulationTime,6.168664119999448
FramaCExecutionTime,38.55570130500564
TotalExecutionTime,606.0830389679977
