InputGenerationTime,0.02583890700043412
ProfilingTime,10.567772747999697
SimulationTime,4.310687386998325
FramaCExecutionTime,39.279005670003244
TotalExecutionTime,6152.893968429002
