InputGenerationTime,0.01647902900003828
ProfilingTime,13.543942573000095
SimulationTime,6.7549647750129225
FramaCExecutionTime,48.37001351900108
TotalExecutionTime,982.2142305849993
