InputGenerationTime,0.05992229399998905
ProfilingTime,10.23405847599497
SimulationTime,6.429300608004269
FramaCExecutionTime,40.947449245002645
TotalExecutionTime,703.0350149689984
