InputGenerationTime,0.01962254600948654
ProfilingTime,10.867572368995752
SimulationTime,51.44905075899442
FramaCExecutionTime,48.34731471100531
TotalExecutionTime,736.0139841769997
