InputGenerationTime,0.06097441100064316
ProfilingTime,10.5535740790001
SimulationTime,4.447703703997831
FramaCExecutionTime,39.61232570200082
TotalExecutionTime,2426.6848392320026
