InputGenerationTime,0.08286192300147377
ProfilingTime,10.424865763998241
SimulationTime,50.51303286199982
FramaCExecutionTime,39.38539788800699
TotalExecutionTime,639.0244078489923
