InputGenerationTime,0.02041564299724996
ProfilingTime,10.663033684002585
SimulationTime,6.721914512003423
FramaCExecutionTime,48.29850274599448
TotalExecutionTime,1724.9544608249998
