InputGenerationTime,0.00968929698865395
ProfilingTime,14.149099432994262
SimulationTime,53.68920157800312
FramaCExecutionTime,48.13642818399239
TotalExecutionTime,2785.6957839660026
