InputGenerationTime,0.02471806799985643
ProfilingTime,10.13354712599994
SimulationTime,6.063158680000015
FramaCExecutionTime,36.439571203000014
TotalExecutionTime,196.63505268199992
