InputGenerationTime,0.07833635200222488
ProfilingTime,10.39963409199845
SimulationTime,10.103005689001293
FramaCExecutionTime,40.119682856995496
TotalExecutionTime,344.45560472299985
