InputGenerationTime,0.04653632100234972
ProfilingTime,10.469861010991735
SimulationTime,51.78202792900265
FramaCExecutionTime,41.64242968399776
TotalExecutionTime,3462.734371218008
