InputGenerationTime,0.03469175999998697
ProfilingTime,13.72226940100154
SimulationTime,7.1624106649996975
FramaCExecutionTime,61.06725525799993
TotalExecutionTime,656.9932627380003
