InputGenerationTime,0.0171071029981249
ProfilingTime,11.769666699001391
SimulationTime,6.652453394999611
FramaCExecutionTime,49.93881574000261
TotalExecutionTime,107.37312471600308
