InputGenerationTime,0.03755415400155471
ProfilingTime,27.61103790999914
SimulationTime,19.11518892299864
FramaCExecutionTime,131.89057868900272
TotalExecutionTime,1695.5004823909985
