InputGenerationTime,0.09784811999998055
ProfilingTime,10.16207284500706
SimulationTime,7.3593060319981305
FramaCExecutionTime,41.55466879501182
TotalExecutionTime,1680.3287938190042
