InputGenerationTime,0.06674171199847478
ProfilingTime,9.975631694003823
SimulationTime,49.53999188198941
FramaCExecutionTime,40.77649916699738
TotalExecutionTime,1487.0098031089874
