InputGenerationTime,0.03125360700141755
ProfilingTime,12.722118298002897
SimulationTime,8.189163885999733
FramaCExecutionTime,56.99454582999897
TotalExecutionTime,1893.3396517789988
