InputGenerationTime,0.08069114800036914
ProfilingTime,10.497771919000115
SimulationTime,7.004296260999581
FramaCExecutionTime,37.93133167399992
TotalExecutionTime,1159.1180533810002
