InputGenerationTime,0.07939185200120846
ProfilingTime,10.187750556999163
SimulationTime,5.77999988999909
FramaCExecutionTime,40.42274703500152
TotalExecutionTime,88.12854207700002
