InputGenerationTime,0.02624188499612501
ProfilingTime,9.940457753000373
SimulationTime,5.763594442003523
FramaCExecutionTime,71.5697110770052
TotalExecutionTime,1210.3246235109982
