InputGenerationTime,0.02481988799991086
ProfilingTime,9.98451453799862
SimulationTime,6.08347079899977
FramaCExecutionTime,34.30475738699897
TotalExecutionTime,1324.0450906369988
