InputGenerationTime,0.09801700900061405
ProfilingTime,11.1044049000011
SimulationTime,50.76962190499944
FramaCExecutionTime,38.37650828900041
TotalExecutionTime,3905.301760500999
