InputGenerationTime,0.01165099699574057
ProfilingTime,9.776259445003234
SimulationTime,6.1200574899994535
FramaCExecutionTime,33.58243524499994
TotalExecutionTime,1550.1689042910002
