InputGenerationTime,0.03455019700049888
ProfilingTime,10.089236754000012
SimulationTime,6.143380628000159
FramaCExecutionTime,34.927573151000615
TotalExecutionTime,715.548799821001
