InputGenerationTime,0.07322397099778755
ProfilingTime,9.631346447000396
SimulationTime,5.5122382940026
FramaCExecutionTime,39.72697308399802
TotalExecutionTime,1478.6988239619968
