InputGenerationTime,0.10142935998737812
ProfilingTime,10.305395503994077
SimulationTime,50.42348603399296
FramaCExecutionTime,42.27029998799844
TotalExecutionTime,3608.5131877839885
