InputGenerationTime,0.03755415400155471
ProfilingTime,24.179402142999606
SimulationTime,16.64674755699889
FramaCExecutionTime,131.89057868900272
TotalExecutionTime,1466.3560924509984
