InputGenerationTime,0.01157555900135776
ProfilingTime,10.301016432000324
SimulationTime,51.229189003999636
FramaCExecutionTime,37.79498738999973
TotalExecutionTime,5306.3337410429995
