InputGenerationTime,0.0738430739947944
ProfilingTime,11.07632526299858
SimulationTime,14.981942494996474
FramaCExecutionTime,42.79753851800342
TotalExecutionTime,2015.950543895
