InputGenerationTime,0.02827716300089378
ProfilingTime,15.712736031000532
SimulationTime,9.824278928997956
FramaCExecutionTime,39.25252934300079
TotalExecutionTime,918.6847524069999
