InputGenerationTime,0.03469175999998697
ProfilingTime,13.237714327000504
SimulationTime,7.406298017000154
FramaCExecutionTime,61.06725525799993
TotalExecutionTime,636.0819426990001
