InputGenerationTime,0.07990379400143865
ProfilingTime,10.167753450999953
SimulationTime,6.587004195998816
FramaCExecutionTime,39.39046175999829
TotalExecutionTime,242.85595919499974
