InputGenerationTime,0.06652831399696879
ProfilingTime,10.239431887006504
SimulationTime,8.038343182997778
FramaCExecutionTime,38.49409825599287
TotalExecutionTime,241.6536935949989
