InputGenerationTime,0.02387934099533595
ProfilingTime,13.301825292990543
SimulationTime,51.39946443999361
FramaCExecutionTime,40.29103302399744
TotalExecutionTime,3159.168254082004
