InputGenerationTime,0.0223144050000883
ProfilingTime,10.585480392000136
SimulationTime,5.8681177660000685
FramaCExecutionTime,35.90068683499999
TotalExecutionTime,1353.157422395
