InputGenerationTime,0.01344646500365343
ProfilingTime,11.473956684989389
SimulationTime,53.804098544002045
FramaCExecutionTime,41.5655235019949
TotalExecutionTime,3485.9116904039984
