InputGenerationTime,0.01519978199939942
ProfilingTime,10.205840118003835
SimulationTime,5.010388954993687
FramaCExecutionTime,35.97166418199777
TotalExecutionTime,1653.6118447370027
