InputGenerationTime,0.02827716300089378
ProfilingTime,12.682751966000069
SimulationTime,6.780342144000315
FramaCExecutionTime,39.25252934300079
TotalExecutionTime,599.8048335019994
