InputGenerationTime,0.01974974999029655
ProfilingTime,14.333390512008918
SimulationTime,53.638277826001286
FramaCExecutionTime,46.534168247992056
TotalExecutionTime,5566.178015915997
