InputGenerationTime,0.02121638599783182
ProfilingTime,12.764890365986503
SimulationTime,7.130198660001042
FramaCExecutionTime,42.12937589098874
TotalExecutionTime,1272.5152063470014
