InputGenerationTime,0.01758529599464964
ProfilingTime,9.409709936997388
SimulationTime,4.714602965999802
FramaCExecutionTime,36.372605122000095
TotalExecutionTime,373.56382919000316
