InputGenerationTime,0.01039334099914413
ProfilingTime,10.01347725300002
SimulationTime,5.130968288001895
FramaCExecutionTime,36.1268426799943
TotalExecutionTime,968.8692207830027
