InputGenerationTime,0.06888131699997757
ProfilingTime,10.70636046800064
SimulationTime,10.23805819900008
FramaCExecutionTime,39.89972157699958
TotalExecutionTime,386.97713455899975
