InputGenerationTime,0.07939185200120846
ProfilingTime,10.061151519001214
SimulationTime,5.72597500700067
FramaCExecutionTime,40.42274703500152
TotalExecutionTime,56.29734020199976
