InputGenerationTime,0.0301440870098304
ProfilingTime,11.570999774994561
SimulationTime,3.276855500997044
FramaCExecutionTime,39.158365137991495
TotalExecutionTime,1519.1002348860056
