InputGenerationTime,0.02624188499612501
ProfilingTime,9.76068720499461
SimulationTime,5.1102353890019
FramaCExecutionTime,71.5697110770052
TotalExecutionTime,1115.3921080369983
