InputGenerationTime,0.01306821499929356
ProfilingTime,10.299449916999947
SimulationTime,5.464680869999938
FramaCExecutionTime,36.68536588400093
TotalExecutionTime,208.54154160100006
