InputGenerationTime,0.07322397099778755
ProfilingTime,14.268162524997024
SimulationTime,8.2584368109965
FramaCExecutionTime,39.72697308399802
TotalExecutionTime,1553.4336466759996
