InputGenerationTime,0.07939185200120846
ProfilingTime,10.151802951999343
SimulationTime,5.804789867999716
FramaCExecutionTime,40.42274703500152
TotalExecutionTime,104.14056455600075
