InputGenerationTime,0.08211587400001008
ProfilingTime,10.356011097996088
SimulationTime,6.914015961992845
FramaCExecutionTime,42.833708010999544
TotalExecutionTime,1691.541028366999
