InputGenerationTime,0.07990379400143865
ProfilingTime,10.537825932000487
SimulationTime,6.476264134998928
FramaCExecutionTime,39.39046175999829
TotalExecutionTime,398.2061366430007
