InputGenerationTime,0.01046458700147923
ProfilingTime,9.543573800998274
SimulationTime,5.492634164002084
FramaCExecutionTime,35.76380379799957
TotalExecutionTime,1258.404580442002
