InputGenerationTime,0.02913684999657562
ProfilingTime,9.816307415996562
SimulationTime,5.0585890430011204
FramaCExecutionTime,35.218215351000254
TotalExecutionTime,497.60745420100284
