InputGenerationTime,0.07484678299806546
ProfilingTime,10.388239617997897
SimulationTime,6.290715792994888
FramaCExecutionTime,41.74371946800238
TotalExecutionTime,1499.5626332070024
