InputGenerationTime,0.01695346001361031
ProfilingTime,12.99992534800549
SimulationTime,54.412877401991864
FramaCExecutionTime,51.14702446399315
TotalExecutionTime,118.59202564699808
