InputGenerationTime,0.01600631699989208
ProfilingTime,10.747599761999936
SimulationTime,6.278081779000104
FramaCExecutionTime,36.088396689999854
TotalExecutionTime,244.86321237700008
