InputGenerationTime,0.03064069100219058
ProfilingTime,10.169256786000915
SimulationTime,6.211791894998896
FramaCExecutionTime,34.7892839849992
TotalExecutionTime,580.3085923899998
