InputGenerationTime,0.0223144050000883
ProfilingTime,11.511552532999985
SimulationTime,7.076699862000169
FramaCExecutionTime,35.90068683499999
TotalExecutionTime,1246.324691382
