InputGenerationTime,0.08946731199102942
ProfilingTime,10.08638875700126
SimulationTime,9.350220054999227
FramaCExecutionTime,41.71104338199075
TotalExecutionTime,139.6094948629907
