InputGenerationTime,0.02332559400019818
ProfilingTime,10.31769867699768
SimulationTime,6.621752597999148
FramaCExecutionTime,45.93521431100089
TotalExecutionTime,777.0429447900024
