InputGenerationTime,0.01695346001361031
ProfilingTime,11.855569388004369
SimulationTime,51.81788861499808
FramaCExecutionTime,51.14702446399315
TotalExecutionTime,976.2184061080043
