InputGenerationTime,0.05992229399998905
ProfilingTime,10.46377813199797
SimulationTime,5.929931250000664
FramaCExecutionTime,40.947449245002645
TotalExecutionTime,515.2924172670027
