InputGenerationTime,0.08946731199102942
ProfilingTime,10.70845493300294
SimulationTime,10.425931696998305
FramaCExecutionTime,41.71104338199075
TotalExecutionTime,390.98649101999763
