InputGenerationTime,0.04271512100240216
ProfilingTime,30.750855905000208
SimulationTime,20.094796789999236
FramaCExecutionTime,140.39492750800127
TotalExecutionTime,2561.1933589399996
