InputGenerationTime,0.02311374100008834
ProfilingTime,9.762426505000803
SimulationTime,5.352226441999846
FramaCExecutionTime,35.06249987399951
TotalExecutionTime,251.10262832100034
