InputGenerationTime,0.01781125200795941
ProfilingTime,9.527756084993598
SimulationTime,5.287789159003296
FramaCExecutionTime,33.69016032500076
TotalExecutionTime,871.8905559239938
