InputGenerationTime,0.01328051500604488
ProfilingTime,14.796729909008718
SimulationTime,7.72146342099586
FramaCExecutionTime,41.48226086300565
TotalExecutionTime,217.76638192500104
