InputGenerationTime,0.08442942600049719
ProfilingTime,11.509394602000611
SimulationTime,6.895417709999492
FramaCExecutionTime,38.66163072400013
TotalExecutionTime,1599.0913381610007
