InputGenerationTime,0.03914463899855036
ProfilingTime,14.947721554002783
SimulationTime,3.7356784570001764
FramaCExecutionTime,48.82799473100022
TotalExecutionTime,928.3603736489968
