InputGenerationTime,0.0613212600001134
ProfilingTime,11.072383316990454
SimulationTime,56.92888588999631
FramaCExecutionTime,40.81122030799452
TotalExecutionTime,108.88670839800034
