InputGenerationTime,0.0341274840029655
ProfilingTime,9.702352925000014
SimulationTime,6.530181039997842
FramaCExecutionTime,37.64829516099417
TotalExecutionTime,537.004645264009
