InputGenerationTime,0.01781125200795941
ProfilingTime,9.62649123799929
SimulationTime,5.302383337009815
FramaCExecutionTime,33.69016032500076
TotalExecutionTime,842.0048484919971
