InputGenerationTime,0.01905658200121252
ProfilingTime,10.893357808003202
SimulationTime,6.065329796998412
FramaCExecutionTime,35.78832621900074
TotalExecutionTime,973.0543199890017
