InputGenerationTime,0.02311374100008834
ProfilingTime,9.918854780999936
SimulationTime,6.02120347500022
FramaCExecutionTime,35.06249987399951
TotalExecutionTime,376.4260356120003
