InputGenerationTime,0.11202836499433033
ProfilingTime,10.359818451004685
SimulationTime,6.907889100009925
FramaCExecutionTime,39.724936091995914
TotalExecutionTime,367.6939278149948
