InputGenerationTime,0.11202836499433033
ProfilingTime,10.003542719001416
SimulationTime,6.692343622999033
FramaCExecutionTime,39.724936091995914
TotalExecutionTime,122.50839131699468
