InputGenerationTime,0.01877888300077757
ProfilingTime,13.627254459999676
SimulationTime,16.69545025499974
FramaCExecutionTime,59.614060054998845
TotalExecutionTime,233.01651477999985
