InputGenerationTime,0.07192333900093217
ProfilingTime,10.551742876999924
SimulationTime,49.04417602399917
FramaCExecutionTime,39.947012405998976
TotalExecutionTime,1305.6146403930034
