InputGenerationTime,0.04653632100234972
ProfilingTime,10.367829146009171
SimulationTime,51.50261354999384
FramaCExecutionTime,41.64242968399776
TotalExecutionTime,3714.146945128996
