InputGenerationTime,0.01647902900003828
ProfilingTime,12.505371692997869
SimulationTime,6.5835377919866005
FramaCExecutionTime,48.37001351900108
TotalExecutionTime,743.9781697779981
