InputGenerationTime,0.01144098601071164
ProfilingTime,9.764725923989317
SimulationTime,7.312146563999704
FramaCExecutionTime,34.14544824699988
TotalExecutionTime,704.9657296799996
