InputGenerationTime,0.01267333799842163
ProfilingTime,10.193360503000804
SimulationTime,47.19314562699947
FramaCExecutionTime,34.714407606999885
TotalExecutionTime,1910.171690670999
