InputGenerationTime,0.07990379400143865
ProfilingTime,10.6955872489998
SimulationTime,6.750729012001102
FramaCExecutionTime,39.39046175999829
TotalExecutionTime,329.10635374999947
