InputGenerationTime,0.02398628399896552
ProfilingTime,12.789979465000215
SimulationTime,7.567093604000547
FramaCExecutionTime,56.596672714000306
TotalExecutionTime,1317.4064208710006
