InputGenerationTime,0.10372775399991951
ProfilingTime,10.724375973999486
SimulationTime,50.28170640099961
FramaCExecutionTime,41.57309912600067
TotalExecutionTime,4970.037841748999
