InputGenerationTime,0.02154857700043067
ProfilingTime,10.147698517999743
SimulationTime,48.33674901199993
FramaCExecutionTime,36.822960536999744
TotalExecutionTime,1448.57554575
