InputGenerationTime,0.02377328900183784
ProfilingTime,9.835603865001758
SimulationTime,5.617194630001904
FramaCExecutionTime,35.40231949600275
TotalExecutionTime,864.3774849399979
