InputGenerationTime,0.02624188499612501
ProfilingTime,9.79530873400654
SimulationTime,5.699778342001082
FramaCExecutionTime,71.5697110770052
TotalExecutionTime,1241.571936127999
