InputGenerationTime,0.06581077299779281
ProfilingTime,22.904232674001832
SimulationTime,8.633473994999804
FramaCExecutionTime,115.83512147400324
TotalExecutionTime,4327.978267658
