InputGenerationTime,0.02927012700092746
ProfilingTime,13.734465050001745
SimulationTime,21.825546136999037
FramaCExecutionTime,59.54822582100314
TotalExecutionTime,426.70620944300026
