InputGenerationTime,0.03220963099738583
ProfilingTime,9.805622856001719
SimulationTime,5.10827112300467
FramaCExecutionTime,35.3322548990036
TotalExecutionTime,1248.7397647920006
