InputGenerationTime,0.01962254600948654
ProfilingTime,11.067141441992135
SimulationTime,51.729592616000446
FramaCExecutionTime,48.34731471100531
TotalExecutionTime,1378.3067222030077
