InputGenerationTime,0.06693528000323568
ProfilingTime,10.548804484002176
SimulationTime,51.90939678999712
FramaCExecutionTime,41.80391053999483
TotalExecutionTime,5273.470834212996
