InputGenerationTime,0.02140154999869992
ProfilingTime,24.034744255000987
SimulationTime,15.291595008999138
FramaCExecutionTime,121.4568781320013
TotalExecutionTime,1713.1136271920004
