InputGenerationTime,0.07647114399878774
ProfilingTime,10.12935907598876
SimulationTime,40.3842135980085
FramaCExecutionTime,39.74868804399739
TotalExecutionTime,225.62901376200898
