InputGenerationTime,0.08286192300147377
ProfilingTime,9.801235255989013
SimulationTime,50.957151644994156
FramaCExecutionTime,39.38539788800699
TotalExecutionTime,1386.6146805649914
