InputGenerationTime,0.03148683500012339
ProfilingTime,10.044800455999848
SimulationTime,6.660398000999976
FramaCExecutionTime,43.64821819200006
TotalExecutionTime,508.642921225
