InputGenerationTime,0.02927012700092746
ProfilingTime,14.016254332000244
SimulationTime,21.996653791000426
FramaCExecutionTime,59.54822582100314
TotalExecutionTime,600.8437265249995
