InputGenerationTime,0.07492488600109937
ProfilingTime,10.344717810003203
SimulationTime,6.23580237999704
FramaCExecutionTime,42.08125151599961
TotalExecutionTime,957.3484557990014
