InputGenerationTime,0.05998602900035621
ProfilingTime,10.222550222000791
SimulationTime,5.9806530799996835
FramaCExecutionTime,38.65595949999988
TotalExecutionTime,969.2820019330011
