InputGenerationTime,0.02311374100008834
ProfilingTime,9.67834598599984
SimulationTime,5.67419712300034
FramaCExecutionTime,35.06249987399951
TotalExecutionTime,360.4635756400003
