InputGenerationTime,0.03238737300853245
ProfilingTime,11.253247811007896
SimulationTime,7.484532645001309
FramaCExecutionTime,43.14403645200946
TotalExecutionTime,782.4536205780023
