InputGenerationTime,0.02354438200018194
ProfilingTime,10.104373649000081
SimulationTime,5.497526351000033
FramaCExecutionTime,36.64489351900011
TotalExecutionTime,670.4240862930001
