InputGenerationTime,0.03238737300853245
ProfilingTime,11.462411193002481
SimulationTime,7.336671491008019
FramaCExecutionTime,43.14403645200946
TotalExecutionTime,939.2420697760099
