InputGenerationTime,0.07460761899710633
ProfilingTime,10.186140536010498
SimulationTime,28.79867444600677
FramaCExecutionTime,39.61733392599854
TotalExecutionTime,464.0250701469922
