InputGenerationTime,0.07727786700706929
ProfilingTime,9.905090497006313
SimulationTime,5.6521783759963
FramaCExecutionTime,40.76006832699932
TotalExecutionTime,87.82157661300153
