InputGenerationTime,0.07123787500131584
ProfilingTime,11.383408866000536
SimulationTime,5.556914775999758
FramaCExecutionTime,41.87460094400012
TotalExecutionTime,372.7594821500006
