InputGenerationTime,0.10372775399991951
ProfilingTime,11.029608909999297
SimulationTime,51.275076611998884
FramaCExecutionTime,41.57309912600067
TotalExecutionTime,4722.558985588001
