InputGenerationTime,0.01344646500365343
ProfilingTime,11.780135460998281
SimulationTime,54.45221468199452
FramaCExecutionTime,41.5655235019949
TotalExecutionTime,3420.588232285998
