InputGenerationTime,0.07123787500131584
ProfilingTime,10.757213201000923
SimulationTime,6.12109990099998
FramaCExecutionTime,41.87460094400012
TotalExecutionTime,158.53750765800032
