InputGenerationTime,0.01046458700147923
ProfilingTime,9.543974018997687
SimulationTime,5.322907460998977
FramaCExecutionTime,35.76380379799957
TotalExecutionTime,1424.3956085800019
