InputGenerationTime,0.05595495499437675
ProfilingTime,11.551254885998787
SimulationTime,7.219193992001237
FramaCExecutionTime,40.309179092000704
TotalExecutionTime,1061.3194670209996
