InputGenerationTime,0.0154482090001693
ProfilingTime,10.985141935001593
SimulationTime,53.85775387501053
FramaCExecutionTime,48.95317624400195
TotalExecutionTime,5256.577671838997
