InputGenerationTime,0.0590006890015502
ProfilingTime,11.06494797599953
SimulationTime,16.96057679700243
FramaCExecutionTime,113.22399641499942
TotalExecutionTime,4823.318491474998
