InputGenerationTime,0.07322397099778755
ProfilingTime,11.287762259998999
SimulationTime,5.6996086399958585
FramaCExecutionTime,39.72697308399802
TotalExecutionTime,1570.4525830939965
