InputGenerationTime,0.06281015000058687
ProfilingTime,9.721288538999943
SimulationTime,5.034744556000078
FramaCExecutionTime,39.76741987800051
TotalExecutionTime,1438.503745656999
