InputGenerationTime,0.0207994360007433
ProfilingTime,9.747830923000038
SimulationTime,5.1602351870005805
FramaCExecutionTime,34.9967234679998
TotalExecutionTime,1095.9026075640004
