InputGenerationTime,0.01908354100305587
ProfilingTime,9.726913973001501
SimulationTime,4.944559996001772
FramaCExecutionTime,45.59387044799951
TotalExecutionTime,729.7325957419998
