InputGenerationTime,0.07852797899977304
ProfilingTime,10.851759461002075
SimulationTime,11.945167737008887
FramaCExecutionTime,48.29240481999295
TotalExecutionTime,846.654869837992
