InputGenerationTime,0.05706629699852783
ProfilingTime,11.397728099000233
SimulationTime,6.971508040005574
FramaCExecutionTime,40.58814870099741
TotalExecutionTime,303.4363828249989
