InputGenerationTime,0.03444526500243228
ProfilingTime,10.938293883998995
SimulationTime,5.872271503991215
FramaCExecutionTime,52.18555356100842
TotalExecutionTime,103.26963813400653
