InputGenerationTime,0.05998602900035621
ProfilingTime,10.04437120700095
SimulationTime,5.880094133999592
FramaCExecutionTime,38.65595949999988
TotalExecutionTime,1050.6282660230008
