InputGenerationTime,0.02332559400019818
ProfilingTime,10.050172471001133
SimulationTime,6.674600906000705
FramaCExecutionTime,45.93521431100089
TotalExecutionTime,675.933964879001
