InputGenerationTime,0.06652831399696879
ProfilingTime,9.976996900004451
SimulationTime,11.905566613000701
FramaCExecutionTime,38.49409825599287
TotalExecutionTime,185.29667153600894
