InputGenerationTime,0.05595495499437675
ProfilingTime,11.329390910999791
SimulationTime,6.8861959719943115
FramaCExecutionTime,40.309179092000704
TotalExecutionTime,1226.906468933994
