InputGenerationTime,0.01951889699921594
ProfilingTime,9.949531600999762
SimulationTime,5.183823763998589
FramaCExecutionTime,35.60998623500018
TotalExecutionTime,273.3323762119999
