InputGenerationTime,0.02154857700043067
ProfilingTime,10.295039111999358
SimulationTime,48.83760231800079
FramaCExecutionTime,36.822960536999744
TotalExecutionTime,2275.164207936001
