InputGenerationTime,0.01962254600948654
ProfilingTime,11.214741542004049
SimulationTime,51.421086482994724
FramaCExecutionTime,48.34731471100531
TotalExecutionTime,421.9195120370132
