InputGenerationTime,0.04271512100240216
ProfilingTime,31.474281245002203
SimulationTime,23.29724440299833
FramaCExecutionTime,140.39492750800127
TotalExecutionTime,2616.1020909519975
