InputGenerationTime,0.02131568200275069
ProfilingTime,10.38844565799809
SimulationTime,6.209036474996537
FramaCExecutionTime,37.40565201899881
TotalExecutionTime,808.2884875980017
