InputGenerationTime,0.05588082099711755
ProfilingTime,11.19784099199751
SimulationTime,52.557798337998975
FramaCExecutionTime,46.176827339004376
TotalExecutionTime,2593.643965977004
