InputGenerationTime,0.00933023100515129
ProfilingTime,9.365277416000026
SimulationTime,5.178153152999585
FramaCExecutionTime,36.48298437499761
TotalExecutionTime,1183.3809767460043
