InputGenerationTime,0.02827716300089378
ProfilingTime,12.80035013199813
SimulationTime,6.856215518000681
FramaCExecutionTime,39.25252934300079
TotalExecutionTime,658.6641888739978
