InputGenerationTime,0.08211587400001008
ProfilingTime,10.713534498005174
SimulationTime,6.823731233998842
FramaCExecutionTime,42.833708010999544
TotalExecutionTime,1657.4301266740003
