InputGenerationTime,0.02387934099533595
ProfilingTime,15.279673316996195
SimulationTime,53.8958264959947
FramaCExecutionTime,40.29103302399744
TotalExecutionTime,2373.531549612002
