InputGenerationTime,0.07939185200120846
ProfilingTime,10.580498000999796
SimulationTime,6.2633733920010854
FramaCExecutionTime,40.42274703500152
TotalExecutionTime,339.7400591580008
