InputGenerationTime,0.07833635200222488
ProfilingTime,10.587451642000815
SimulationTime,9.896938922000118
FramaCExecutionTime,40.119682856995496
TotalExecutionTime,263.1681574670001
