InputGenerationTime,0.02187398799287621
ProfilingTime,10.27310424001189
SimulationTime,7.375218055996811
FramaCExecutionTime,33.94771063499502
TotalExecutionTime,152.3656143269909
