InputGenerationTime,0.05692466000073182
ProfilingTime,10.101512229000946
SimulationTime,6.322323812999457
FramaCExecutionTime,39.214578377999715
TotalExecutionTime,1529.4945318790014
