InputGenerationTime,0.08934303199930582
ProfilingTime,10.545680477007409
SimulationTime,9.083983368996996
FramaCExecutionTime,40.58022558799712
TotalExecutionTime,359.83446808600274
