InputGenerationTime,0.01962254600948654
ProfilingTime,11.116420006001135
SimulationTime,51.55489834099717
FramaCExecutionTime,48.34731471100531
TotalExecutionTime,673.6679729590105
