InputGenerationTime,0.01306821499929356
ProfilingTime,14.064257295000061
SimulationTime,8.182987813999716
FramaCExecutionTime,36.68536588400093
TotalExecutionTime,314.03983353700096
