InputGenerationTime,0.06730768499983242
ProfilingTime,10.578535144999478
SimulationTime,10.739993374998448
FramaCExecutionTime,40.06123223099894
TotalExecutionTime,899.9865348049989
