InputGenerationTime,0.02913684999657562
ProfilingTime,9.838419437000994
SimulationTime,5.117312515001686
FramaCExecutionTime,35.218215351000254
TotalExecutionTime,572.3830791299988
