InputGenerationTime,0.01968984300037846
ProfilingTime,10.274011474997678
SimulationTime,5.855133760996978
FramaCExecutionTime,38.81064819900348
TotalExecutionTime,714.1884587869936
