InputGenerationTime,0.02493770999899425
ProfilingTime,9.313532242998917
SimulationTime,5.989794140999948
FramaCExecutionTime,35.02617612699942
TotalExecutionTime,1333.620389403999
