InputGenerationTime,0.02358301000094798
ProfilingTime,10.020103286000449
SimulationTime,5.729954860000362
FramaCExecutionTime,34.802208841998436
TotalExecutionTime,158.55370411299918
