InputGenerationTime,0.03455019700049888
ProfilingTime,9.98396582499845
SimulationTime,6.232897908999803
FramaCExecutionTime,34.927573151000615
TotalExecutionTime,747.7859331340005
