InputGenerationTime,0.11202836499433033
ProfilingTime,9.804305475001456
SimulationTime,7.026522674001171
FramaCExecutionTime,39.724936091995914
TotalExecutionTime,225.71492969400424
