InputGenerationTime,0.01605060899964883
ProfilingTime,11.389707332000398
SimulationTime,16.66540469100073
FramaCExecutionTime,55.23388443600197
TotalExecutionTime,139.85744249500203
