InputGenerationTime,0.06687718700050027
ProfilingTime,10.447518663000665
SimulationTime,6.824802008999541
FramaCExecutionTime,39.48932267499913
TotalExecutionTime,559.3178350540002
