InputGenerationTime,0.06673658799991244
ProfilingTime,10.11461810999981
SimulationTime,7.014594332999877
FramaCExecutionTime,40.517046983
TotalExecutionTime,728.719450175
