InputGenerationTime,0.05992229399998905
ProfilingTime,10.402808703001938
SimulationTime,6.456024751998484
FramaCExecutionTime,40.947449245002645
TotalExecutionTime,600.3345400990002
