InputGenerationTime,0.03125360700141755
ProfilingTime,35.33472480300043
SimulationTime,14.871683825000218
FramaCExecutionTime,56.99454582999897
TotalExecutionTime,1995.0631941169995
