InputGenerationTime,0.03158086500002355
ProfilingTime,10.171311432000039
SimulationTime,6.235271831999853
FramaCExecutionTime,36.47446528099999
TotalExecutionTime,669.4731864720001
