InputGenerationTime,0.0500389670014556
ProfilingTime,22.868331506997492
SimulationTime,16.726969043997087
FramaCExecutionTime,110.98379368699898
TotalExecutionTime,2654.9203091609998
