InputGenerationTime,0.08211587400001008
ProfilingTime,10.652147311993758
SimulationTime,6.811714062998362
FramaCExecutionTime,42.833708010999544
TotalExecutionTime,1416.9775862259994
