InputGenerationTime,0.02931866299999797
ProfilingTime,10.093342004000021
SimulationTime,50.092154924
FramaCExecutionTime,39.656589833
TotalExecutionTime,161.99310303500002
