InputGenerationTime,0.05595495499437675
ProfilingTime,11.189567161993182
SimulationTime,6.977136535999307
FramaCExecutionTime,40.309179092000704
TotalExecutionTime,1079.5422993129978
