InputGenerationTime,0.0155301419999887
ProfilingTime,9.802256504999605
SimulationTime,47.914686189999884
FramaCExecutionTime,35.18779909500063
TotalExecutionTime,2558.794447847
