InputGenerationTime,0.12183218299469445
ProfilingTime,10.689503769011935
SimulationTime,58.64910058901296
FramaCExecutionTime,43.303145281999605
TotalExecutionTime,1285.8529539919982
