InputGenerationTime,0.07939185200120846
ProfilingTime,10.37217770999996
SimulationTime,5.651111392999155
FramaCExecutionTime,40.42274703500152
TotalExecutionTime,271.35769068599984
