InputGenerationTime,0.02493770999899425
ProfilingTime,9.255225504000919
SimulationTime,5.9454470410000795
FramaCExecutionTime,35.02617612699942
TotalExecutionTime,1565.6678137229992
