InputGenerationTime,0.11740471799566876
ProfilingTime,11.001717385006486
SimulationTime,84.86776263700449
FramaCExecutionTime,50.78784949700639
TotalExecutionTime,2195.66377357101
