InputGenerationTime,0.12183218299469445
ProfilingTime,10.679245438994258
SimulationTime,67.5686456419935
FramaCExecutionTime,43.303145281999605
TotalExecutionTime,1216.4116322780028
