InputGenerationTime,0.01781125200795941
ProfilingTime,9.991999885998666
SimulationTime,5.922189592005452
FramaCExecutionTime,33.69016032500076
TotalExecutionTime,1122.224958256993
