InputGenerationTime,0.01605060899964883
ProfilingTime,11.814151583002968
SimulationTime,16.997122306001984
FramaCExecutionTime,55.23388443600197
TotalExecutionTime,197.63197913000113
