InputGenerationTime,0.0613212600001134
ProfilingTime,11.363014382994152
SimulationTime,54.34025246500096
FramaCExecutionTime,40.81122030799452
TotalExecutionTime,508.22691012099676
