InputGenerationTime,0.05913997300012852
ProfilingTime,10.479524409000078
SimulationTime,50.13463670300007
FramaCExecutionTime,42.20031672500045
TotalExecutionTime,788.0695650289999
