InputGenerationTime,0.02913684999657562
ProfilingTime,9.895108320997679
SimulationTime,5.1359576279937755
FramaCExecutionTime,35.218215351000254
TotalExecutionTime,646.4257369870029
