InputGenerationTime,0.10100196998973843
ProfilingTime,9.82373002199165
SimulationTime,11.346349588013254
FramaCExecutionTime,42.211014248998254
TotalExecutionTime,820.475284397995
