InputGenerationTime,0.03755415400155471
ProfilingTime,26.044676437002636
SimulationTime,21.115335716000118
FramaCExecutionTime,131.89057868900272
TotalExecutionTime,1965.4074006679984
