InputGenerationTime,0.02041564299724996
ProfilingTime,10.889844466990326
SimulationTime,6.919515258006868
FramaCExecutionTime,48.29850274599448
TotalExecutionTime,1659.1358602870023
