InputGenerationTime,0.06297201899724314
ProfilingTime,11.634749387005286
SimulationTime,54.2770395309999
FramaCExecutionTime,39.85762919300032
TotalExecutionTime,862.1980199180034
