InputGenerationTime,0.09603555100329686
ProfilingTime,9.822114515001886
SimulationTime,5.7227579669997795
FramaCExecutionTime,41.09978809001041
TotalExecutionTime,1045.7953241180076
