InputGenerationTime,0.0207994360007433
ProfilingTime,9.451182766999409
SimulationTime,4.771147661999748
FramaCExecutionTime,34.9967234679998
TotalExecutionTime,870.0009295680002
