InputGenerationTime,0.02927012700092746
ProfilingTime,18.064599602999806
SimulationTime,24.739764285001
FramaCExecutionTime,59.54822582100314
TotalExecutionTime,679.7798130129995
