InputGenerationTime,0.02187398799287621
ProfilingTime,9.695558505991357
SimulationTime,6.809386836001067
FramaCExecutionTime,33.94771063499502
TotalExecutionTime,67.07934691499395
