InputGenerationTime,0.07192333900093217
ProfilingTime,10.713198772002215
SimulationTime,49.3572104340019
FramaCExecutionTime,39.947012405998976
TotalExecutionTime,634.8768808860004
