InputGenerationTime,0.10372775399991951
ProfilingTime,10.98878357599824
SimulationTime,51.03576083799999
FramaCExecutionTime,41.57309912600067
TotalExecutionTime,4473.810038091
