InputGenerationTime,0.11479880199476611
ProfilingTime,10.232257720999769
SimulationTime,8.825035276007839
FramaCExecutionTime,42.08872573199915
TotalExecutionTime,1647.9619009159942
