InputGenerationTime,0.01839245700102765
ProfilingTime,9.861928908001573
SimulationTime,6.324842007999905
FramaCExecutionTime,35.089644800000315
TotalExecutionTime,390.66992299699996
