InputGenerationTime,0.0738430739947944
ProfilingTime,9.671721282997169
SimulationTime,19.515990931002307
FramaCExecutionTime,42.79753851800342
TotalExecutionTime,2215.984283767997
