InputGenerationTime,0.05913997300012852
ProfilingTime,10.545027816999209
SimulationTime,49.90039606999926
FramaCExecutionTime,42.20031672500045
TotalExecutionTime,1294.6890670430003
