InputGenerationTime,0.012637748999623
ProfilingTime,12.037732012999186
SimulationTime,48.01573339600145
FramaCExecutionTime,57.36715431099947
TotalExecutionTime,1952.321166437001
