InputGenerationTime,0.01343886599988764
ProfilingTime,10.352343321999797
SimulationTime,47.331304702000125
FramaCExecutionTime,35.34428882700013
TotalExecutionTime,1552.051432578
