InputGenerationTime,0.06673658799991244
ProfilingTime,10.570287745999849
SimulationTime,6.5801574069996605
FramaCExecutionTime,40.517046983
TotalExecutionTime,897.756272054
