InputGenerationTime,0.03659036000317428
ProfilingTime,11.772571954999876
SimulationTime,7.080628845003957
FramaCExecutionTime,43.33275046799827
TotalExecutionTime,1753.655389927997
