InputGenerationTime,0.09763066199957393
ProfilingTime,10.340622507996159
SimulationTime,6.944734462995257
FramaCExecutionTime,40.35617790700053
TotalExecutionTime,857.3345582050024
