InputGenerationTime,0.01121654300368391
ProfilingTime,14.68698695000785
SimulationTime,7.60880610399181
FramaCExecutionTime,48.89147891699395
TotalExecutionTime,1879.6750019430037
