InputGenerationTime,0.01343886599988764
ProfilingTime,10.517256369999814
SimulationTime,47.52659745500023
FramaCExecutionTime,35.34428882700013
TotalExecutionTime,2196.31375626
