InputGenerationTime,0.0159012049989542
ProfilingTime,10.201563879003515
SimulationTime,5.401718805995188
FramaCExecutionTime,48.892538050997246
TotalExecutionTime,703.7705807149978
