InputGenerationTime,0.06673658799991244
ProfilingTime,10.5478403850002
SimulationTime,6.302737179999895
FramaCExecutionTime,40.517046983
TotalExecutionTime,745.6086239470001
