InputGenerationTime,0.01695346001361031
ProfilingTime,12.965913230000297
SimulationTime,53.3181645690056
FramaCExecutionTime,51.14702446399315
TotalExecutionTime,912.5118330499972
