InputGenerationTime,0.01267333799842163
ProfilingTime,9.867904206001185
SimulationTime,46.97968122600105
FramaCExecutionTime,34.714407606999885
TotalExecutionTime,2494.345064641
