InputGenerationTime,0.02305058599813492
ProfilingTime,13.694849288000114
SimulationTime,8.567246173999592
FramaCExecutionTime,58.556756318001135
TotalExecutionTime,290.64593754900125
