InputGenerationTime,0.01594695199310081
ProfilingTime,10.437409867998213
SimulationTime,6.452956421999261
FramaCExecutionTime,46.48600257499493
TotalExecutionTime,576.0825991599995
