InputGenerationTime,0.08069114800036914
ProfilingTime,9.916038702999685
SimulationTime,6.673086554999827
FramaCExecutionTime,37.93133167399992
TotalExecutionTime,969.0074244160005
