InputGenerationTime,0.07460761899710633
ProfilingTime,10.231940482000937
SimulationTime,12.725750466008321
FramaCExecutionTime,39.61733392599854
TotalExecutionTime,219.0003084189957
