InputGenerationTime,0.06465608299913583
ProfilingTime,9.83321390999481
SimulationTime,5.167977026998415
FramaCExecutionTime,38.55570130500564
TotalExecutionTime,481.816801793997
