InputGenerationTime,0.10100196998973843
ProfilingTime,16.980703034991166
SimulationTime,11.32458887300163
FramaCExecutionTime,42.211014248998254
TotalExecutionTime,992.9418365849997
