InputGenerationTime,0.02387934099533595
ProfilingTime,15.733911871007876
SimulationTime,53.806361265989835
FramaCExecutionTime,40.29103302399744
TotalExecutionTime,2304.324407801003
