InputGenerationTime,0.10177876400121022
ProfilingTime,9.844511620991398
SimulationTime,6.6551200579997385
FramaCExecutionTime,40.503118693988654
TotalExecutionTime,941.0940506780025
