InputGenerationTime,0.06297201899724314
ProfilingTime,11.213475085001846
SimulationTime,56.29998683099984
FramaCExecutionTime,39.85762919300032
TotalExecutionTime,993.5097702470011
