InputGenerationTime,0.00947702000848949
ProfilingTime,14.578852838021703
SimulationTime,55.417753846006235
FramaCExecutionTime,47.984905517994775
TotalExecutionTime,4517.790204810997
