InputGenerationTime,0.02938545899814926
ProfilingTime,10.198655624000821
SimulationTime,6.347834598993359
FramaCExecutionTime,38.626025493998895
TotalExecutionTime,16152.677586025002
