InputGenerationTime,0.01333866200002376
ProfilingTime,10.421149588000844
SimulationTime,6.055164612000226
FramaCExecutionTime,48.59325111399812
TotalExecutionTime,1313.243684261004
