InputGenerationTime,0.00947702000848949
ProfilingTime,15.278638348012464
SimulationTime,4.519808039010968
FramaCExecutionTime,47.984905517994775
TotalExecutionTime,4300.866115551995
