InputGenerationTime,0.06297201899724314
ProfilingTime,10.474760404002154
SimulationTime,53.2486715299965
FramaCExecutionTime,39.85762919300032
TotalExecutionTime,925.9431189640018
