InputGenerationTime,0.03755415400155471
ProfilingTime,24.553728374001366
SimulationTime,17.735622397998668
FramaCExecutionTime,131.89057868900272
TotalExecutionTime,2242.433314596001
