InputGenerationTime,0.11879277000844013
ProfilingTime,11.0540328269999
SimulationTime,51.09744676199625
FramaCExecutionTime,41.30239897700085
TotalExecutionTime,1184.649668426995
