InputGenerationTime,0.01605060899964883
ProfilingTime,11.54902999100159
SimulationTime,16.751827195999795
FramaCExecutionTime,55.23388443600197
TotalExecutionTime,111.78292277200308
