InputGenerationTime,0.07630812800016429
ProfilingTime,10.071935751999263
SimulationTime,6.435978048999459
FramaCExecutionTime,39.353945180000665
TotalExecutionTime,72.46252848200129
