InputGenerationTime,0.07727786700706929
ProfilingTime,9.956296496995492
SimulationTime,5.552833249996183
FramaCExecutionTime,40.76006832699932
TotalExecutionTime,56.35238539999409
