InputGenerationTime,0.03148683500012339
ProfilingTime,10.370383971000138
SimulationTime,6.771815212000092
FramaCExecutionTime,43.64821819200006
TotalExecutionTime,696.8226429229999
