InputGenerationTime,0.05377575800230261
ProfilingTime,9.70818259200314
SimulationTime,5.311927572001878
FramaCExecutionTime,38.171050539000134
TotalExecutionTime,1189.9499306069993
