InputGenerationTime,0.05588082099711755
ProfilingTime,10.55287383399991
SimulationTime,51.82064234700374
FramaCExecutionTime,46.176827339004376
TotalExecutionTime,2277.1824642970023
