InputGenerationTime,0.00947702000848949
ProfilingTime,14.865828758018324
SimulationTime,58.77321601100266
FramaCExecutionTime,47.984905517994775
TotalExecutionTime,4374.545837045007
