InputGenerationTime,0.02398628399896552
ProfilingTime,11.535880082999938
SimulationTime,6.969690956000704
FramaCExecutionTime,56.596672714000306
TotalExecutionTime,1121.802379503999
