InputGenerationTime,0.0500389670014556
ProfilingTime,22.97669803199824
SimulationTime,15.325564332000795
FramaCExecutionTime,110.98379368699898
TotalExecutionTime,3323.6897967119985
