InputGenerationTime,0.0171071029981249
ProfilingTime,12.189574734002235
SimulationTime,7.021469641003932
FramaCExecutionTime,49.93881574000261
TotalExecutionTime,368.3177260670054
