InputGenerationTime,0.0738430739947944
ProfilingTime,11.399207342001318
SimulationTime,7.941438808993553
FramaCExecutionTime,42.79753851800342
TotalExecutionTime,2127.7548587659985
