InputGenerationTime,0.01882177800143836
ProfilingTime,10.638628936001624
SimulationTime,7.446665095005301
FramaCExecutionTime,52.14162661100272
TotalExecutionTime,2218.278934240996
