InputGenerationTime,0.06888131699997757
ProfilingTime,10.428743299000416
SimulationTime,9.805462934000388
FramaCExecutionTime,39.89972157699958
TotalExecutionTime,283.2045113839995
