InputGenerationTime,0.09603555100329686
ProfilingTime,9.807713629998034
SimulationTime,5.1374990769982105
FramaCExecutionTime,41.09978809001041
TotalExecutionTime,889.6850967799983
