InputGenerationTime,0.01839245700102765
ProfilingTime,10.03205642100147
SimulationTime,6.090084817000388
FramaCExecutionTime,35.089644800000315
TotalExecutionTime,114.67431054100052
