InputGenerationTime,0.03618974800338037
ProfilingTime,9.773958641002537
SimulationTime,12.037254278009641
FramaCExecutionTime,38.09326741400582
TotalExecutionTime,344.16908895199595
