InputGenerationTime,0.10587871700408868
ProfilingTime,10.34107806099928
SimulationTime,50.157436598005006
FramaCExecutionTime,43.57780704900506
TotalExecutionTime,1849.5649451309873
