InputGenerationTime,0.02354438200018194
ProfilingTime,10.334271862999685
SimulationTime,5.512598101000094
FramaCExecutionTime,36.64489351900011
TotalExecutionTime,654.7799653020002
