InputGenerationTime,0.02305058599813492
ProfilingTime,14.303879986000538
SimulationTime,8.910430749001534
FramaCExecutionTime,58.556756318001135
TotalExecutionTime,202.3231476330002
