InputGenerationTime,0.01267333799842163
ProfilingTime,9.992737037999177
SimulationTime,47.3344791870004
FramaCExecutionTime,34.714407606999885
TotalExecutionTime,2380.4340339289993
