InputGenerationTime,0.09763066199957393
ProfilingTime,10.452098392001062
SimulationTime,7.195593199998257
FramaCExecutionTime,40.35617790700053
TotalExecutionTime,782.575029575004
