InputGenerationTime,0.03753126999072265
ProfilingTime,13.456323070990038
SimulationTime,2.7473567459965125
FramaCExecutionTime,36.719459897998604
TotalExecutionTime,1750.9856281190005
