InputGenerationTime,0.05595495499437675
ProfilingTime,11.47366156100179
SimulationTime,7.436790799001756
FramaCExecutionTime,40.309179092000704
TotalExecutionTime,1171.1486007269996
