InputGenerationTime,0.07990379400143865
ProfilingTime,10.110023806000754
SimulationTime,6.234427073999541
FramaCExecutionTime,39.39046175999829
TotalExecutionTime,72.15907959800097
