InputGenerationTime,0.0207994360007433
ProfilingTime,9.861059478000243
SimulationTime,5.090090530000452
FramaCExecutionTime,34.9967234679998
TotalExecutionTime,975.1389102009998
