InputGenerationTime,0.02227763999690069
ProfilingTime,13.217976441999781
SimulationTime,7.385427483000967
FramaCExecutionTime,40.6428507610035
TotalExecutionTime,801.9297529289979
