InputGenerationTime,0.10587871700408868
ProfilingTime,9.739737132986193
SimulationTime,51.463705401998595
FramaCExecutionTime,43.57780704900506
TotalExecutionTime,2831.753089230988
