InputGenerationTime,0.05913997300012852
ProfilingTime,11.083928461999676
SimulationTime,50.487101089000134
FramaCExecutionTime,42.20031672500045
TotalExecutionTime,539.4895978859995
