InputGenerationTime,0.02859270799672231
ProfilingTime,11.393962211994221
SimulationTime,54.038248221004324
FramaCExecutionTime,44.789751115997205
TotalExecutionTime,4222.465599686999
