InputGenerationTime,0.04653632100234972
ProfilingTime,10.88464776800538
SimulationTime,52.53224866499659
FramaCExecutionTime,41.64242968399776
TotalExecutionTime,3589.6029828600076
