InputGenerationTime,0.00933023100515129
ProfilingTime,9.438962020001782
SimulationTime,5.439292359005776
FramaCExecutionTime,36.48298437499761
TotalExecutionTime,1380.7179811970054
