InputGenerationTime,0.04088580200186698
ProfilingTime,10.247845890000463
SimulationTime,5.607563191995723
FramaCExecutionTime,46.09346962199925
TotalExecutionTime,498.70016219699755
