InputGenerationTime,0.01121654300368391
ProfilingTime,12.652988152985927
SimulationTime,7.150563897012034
FramaCExecutionTime,48.89147891699395
TotalExecutionTime,1589.735127314998
