InputGenerationTime,0.04088580200186698
ProfilingTime,10.706817739999678
SimulationTime,5.717464806999487
FramaCExecutionTime,46.09346962199925
TotalExecutionTime,595.8855999459993
