InputGenerationTime,0.08479241801251192
ProfilingTime,9.674391459993785
SimulationTime,6.249626752003678
FramaCExecutionTime,41.54485546500655
TotalExecutionTime,533.276449736004
