InputGenerationTime,0.05377575800230261
ProfilingTime,9.687994341999001
SimulationTime,5.427777785000217
FramaCExecutionTime,38.171050539000134
TotalExecutionTime,1040.371997727998
