InputGenerationTime,0.00947702000848949
ProfilingTime,15.25190890498925
SimulationTime,56.31019498500973
FramaCExecutionTime,47.984905517994775
TotalExecutionTime,4281.028482550988
