InputGenerationTime,0.06373837799947069
ProfilingTime,10.132092886999999
SimulationTime,6.700819061999937
FramaCExecutionTime,37.73800484300045
TotalExecutionTime,654.083001731
