InputGenerationTime,0.02632365800673142
ProfilingTime,12.386026166001102
SimulationTime,8.73299613299605
FramaCExecutionTime,39.77912241400918
TotalExecutionTime,872.2143246990017
