InputGenerationTime,0.06730768499983242
ProfilingTime,10.589862060001906
SimulationTime,10.892819983000663
FramaCExecutionTime,40.06123223099894
TotalExecutionTime,815.5222392839987
