InputGenerationTime,0.02688553600000887
ProfilingTime,11.071797665000076
SimulationTime,6.659547996000015
FramaCExecutionTime,36.49362706299996
TotalExecutionTime,630.691334703
