InputGenerationTime,0.01594695199310081
ProfilingTime,10.423145102002309
SimulationTime,6.239272908998828
FramaCExecutionTime,46.48600257499493
TotalExecutionTime,678.7714672459988
