InputGenerationTime,0.06097441100064316
ProfilingTime,10.613273128998117
SimulationTime,49.229766332999134
FramaCExecutionTime,39.61232570200082
TotalExecutionTime,1757.354132020002
