InputGenerationTime,0.0171071029981249
ProfilingTime,12.1838990010001
SimulationTime,6.824260023000534
FramaCExecutionTime,49.93881574000261
TotalExecutionTime,406.9529813410045
