InputGenerationTime,0.01267333799842163
ProfilingTime,9.980615514999954
SimulationTime,47.20058486100061
FramaCExecutionTime,34.714407606999885
TotalExecutionTime,1681.2172385149988
