InputGenerationTime,0.00947702000848949
ProfilingTime,12.167545638978481
SimulationTime,53.25678954398609
FramaCExecutionTime,47.984905517994775
TotalExecutionTime,4654.298317639012
