InputGenerationTime,0.11015815800055861
ProfilingTime,10.771458358009113
SimulationTime,50.473618149000686
FramaCExecutionTime,48.40303555400169
TotalExecutionTime,2767.613898534997
