InputGenerationTime,0.02332559400019818
ProfilingTime,10.377078900000924
SimulationTime,6.489501151001605
FramaCExecutionTime,45.93521431100089
TotalExecutionTime,793.9414905120029
