InputGenerationTime,0.0745205179991899
ProfilingTime,9.926559992003604
SimulationTime,5.825830637011677
FramaCExecutionTime,41.4757383850083
TotalExecutionTime,488.2467426020012
