InputGenerationTime,0.08286192300147377
ProfilingTime,10.707367934010108
SimulationTime,50.557680205005454
FramaCExecutionTime,39.38539788800699
TotalExecutionTime,1004.5405226129951
