InputGenerationTime,0.09603555100329686
ProfilingTime,10.194472021001275
SimulationTime,5.710409614999662
FramaCExecutionTime,41.09978809001041
TotalExecutionTime,1180.7634647130035
