InputGenerationTime,0.03125360700141755
ProfilingTime,11.770264561997465
SimulationTime,7.518007397000474
FramaCExecutionTime,56.99454582999897
TotalExecutionTime,2174.5524084120007
