InputGenerationTime,0.02234565999242477
ProfilingTime,11.68821536199539
SimulationTime,54.37126561299374
FramaCExecutionTime,39.94511723800679
TotalExecutionTime,5134.370854493987
