InputGenerationTime,0.03455019700049888
ProfilingTime,9.864573849999942
SimulationTime,5.960165690999929
FramaCExecutionTime,34.927573151000615
TotalExecutionTime,568.9807387189994
