InputGenerationTime,0.04088580200186698
ProfilingTime,10.16829833600059
SimulationTime,5.361645983997732
FramaCExecutionTime,46.09346962199925
TotalExecutionTime,482.7952315700022
