InputGenerationTime,0.04750419400079409
ProfilingTime,18.976143587002298
SimulationTime,12.59807883099711
FramaCExecutionTime,91.2054417679974
TotalExecutionTime,861.3871911349997
