InputGenerationTime,0.07647114399878774
ProfilingTime,10.853994141012663
SimulationTime,37.743392157994094
FramaCExecutionTime,39.74868804399739
TotalExecutionTime,880.5380627500126
