InputGenerationTime,0.02827716300089378
ProfilingTime,14.848404188000131
SimulationTime,8.089130468000803
FramaCExecutionTime,39.25252934300079
TotalExecutionTime,967.3033472459974
