InputGenerationTime,0.06465608299913583
ProfilingTime,9.700063078002131
SimulationTime,5.447565950998978
FramaCExecutionTime,38.55570130500564
TotalExecutionTime,786.8868902160029
