InputGenerationTime,0.08069114800036914
ProfilingTime,10.37343297299958
SimulationTime,7.409530795000137
FramaCExecutionTime,37.93133167399992
TotalExecutionTime,1073.1432447870002
