InputGenerationTime,0.01647902900003828
ProfilingTime,12.763831690012012
SimulationTime,7.172700144001283
FramaCExecutionTime,48.37001351900108
TotalExecutionTime,684.8716545329953
