InputGenerationTime,0.09763066199957393
ProfilingTime,9.83158131899836
SimulationTime,6.779359783999098
FramaCExecutionTime,40.35617790700053
TotalExecutionTime,891.9103015130022
