InputGenerationTime,0.0852646759885829
ProfilingTime,16.352470068988623
SimulationTime,91.9876591850043
FramaCExecutionTime,42.89104297501035
TotalExecutionTime,4151.884850816001
