InputGenerationTime,0.01519978199939942
ProfilingTime,10.618118992002564
SimulationTime,5.952704408999125
FramaCExecutionTime,35.97166418199777
TotalExecutionTime,1469.8235506409983
