InputGenerationTime,0.12183218299469445
ProfilingTime,10.465639104004367
SimulationTime,58.178021321000415
FramaCExecutionTime,43.303145281999605
TotalExecutionTime,1500.3409869320021
