InputGenerationTime,0.02859270799672231
ProfilingTime,11.704249283000536
SimulationTime,54.471848560999206
FramaCExecutionTime,44.789751115997205
TotalExecutionTime,4555.689059903001
