InputGenerationTime,0.02879062700048962
ProfilingTime,9.741382638998402
SimulationTime,7.375835986000311
FramaCExecutionTime,37.36917282200011
TotalExecutionTime,883.4249715329997
