InputGenerationTime,0.08479241801251192
ProfilingTime,10.146177197995712
SimulationTime,6.723375613000826
FramaCExecutionTime,41.54485546500655
TotalExecutionTime,684.3106007390015
