InputGenerationTime,0.10372775399991951
ProfilingTime,10.868386438998641
SimulationTime,51.42059121999955
FramaCExecutionTime,41.57309912600067
TotalExecutionTime,4536.130581247
