InputGenerationTime,0.05913997300012852
ProfilingTime,11.244313139999576
SimulationTime,51.560326762999466
FramaCExecutionTime,42.20031672500045
TotalExecutionTime,665.0615298109997
