InputGenerationTime,0.0341274840029655
ProfilingTime,10.385377401995356
SimulationTime,7.409667732004891
FramaCExecutionTime,37.64829516099417
TotalExecutionTime,604.4020802419982
