InputGenerationTime,0.01839245700102765
ProfilingTime,9.78604254899983
SimulationTime,6.014308425999843
FramaCExecutionTime,35.089644800000315
TotalExecutionTime,260.65518224399966
