InputGenerationTime,0.01951889699921594
ProfilingTime,10.050139688000854
SimulationTime,5.03090409700053
FramaCExecutionTime,35.60998623500018
TotalExecutionTime,108.35793630399894
