InputGenerationTime,0.11606005700014066
ProfilingTime,10.512578712005052
SimulationTime,50.38598751599784
FramaCExecutionTime,42.19512809099979
TotalExecutionTime,1205.2099829299987
