InputGenerationTime,0.08946731199102942
ProfilingTime,10.48223699099617
SimulationTime,10.501288414001465
FramaCExecutionTime,41.71104338199075
TotalExecutionTime,244.4263381799974
