InputGenerationTime,0.02041564299724996
ProfilingTime,10.574438423005631
SimulationTime,6.563118890000624
FramaCExecutionTime,48.29850274599448
TotalExecutionTime,1606.0467792169948
