InputGenerationTime,0.06687718700050027
ProfilingTime,10.430542455998875
SimulationTime,6.860855923001509
FramaCExecutionTime,39.48932267499913
TotalExecutionTime,541.990443998
