InputGenerationTime,0.01725929699932749
ProfilingTime,9.415283188000103
SimulationTime,5.787956572999974
FramaCExecutionTime,34.431736876000286
TotalExecutionTime,1006.7101500789995
