InputGenerationTime,0.01333866200002376
ProfilingTime,10.851410018003662
SimulationTime,6.590846181003144
FramaCExecutionTime,48.59325111399812
TotalExecutionTime,1046.2637505919993
