InputGenerationTime,0.02493770999899425
ProfilingTime,9.36565362500005
SimulationTime,6.17561914900034
FramaCExecutionTime,35.02617612699942
TotalExecutionTime,1410.6742478409997
