InputGenerationTime,0.01333866200002376
ProfilingTime,10.755715283987229
SimulationTime,5.9812726420059334
FramaCExecutionTime,48.59325111399812
TotalExecutionTime,1296.7328166740044
