InputGenerationTime,0.02688553600000887
ProfilingTime,11.288235290000102
SimulationTime,6.511550087000046
FramaCExecutionTime,36.49362706299996
TotalExecutionTime,740.75474174
