InputGenerationTime,0.04750419400079409
ProfilingTime,19.305128052998043
SimulationTime,12.030481257002975
FramaCExecutionTime,91.2054417679974
TotalExecutionTime,304.79392235599516
