InputGenerationTime,0.02583890700043412
ProfilingTime,10.630853609996848
SimulationTime,51.958219077998365
FramaCExecutionTime,39.279005670003244
TotalExecutionTime,5949.877974629999
