InputGenerationTime,0.03070392999507021
ProfilingTime,14.448745390996919
SimulationTime,7.5166919579933165
FramaCExecutionTime,43.51740340801189
TotalExecutionTime,672.5605910960003
