InputGenerationTime,0.03444526500243228
ProfilingTime,11.013950576001662
SimulationTime,3.140696699003456
FramaCExecutionTime,52.18555356100842
TotalExecutionTime,359.74942329000623
