InputGenerationTime,0.02306973400118295
ProfilingTime,10.149383103000218
SimulationTime,3.9315411770003266
FramaCExecutionTime,34.95365613299873
TotalExecutionTime,1024.703708011999
