InputGenerationTime,0.01908354100305587
ProfilingTime,9.669513698998344
SimulationTime,5.03289239500009
FramaCExecutionTime,45.59387044799951
TotalExecutionTime,502.889721102998
