InputGenerationTime,0.0155301419999887
ProfilingTime,9.841257224000401
SimulationTime,48.34327103099986
FramaCExecutionTime,35.18779909500063
TotalExecutionTime,1435.8619777169997
