InputGenerationTime,0.06652831399696879
ProfilingTime,10.061083334992873
SimulationTime,7.526802574007888
FramaCExecutionTime,38.49409825599287
TotalExecutionTime,73.27142780300346
