InputGenerationTime,0.03064069100219058
ProfilingTime,10.438167116000841
SimulationTime,6.355407074999675
FramaCExecutionTime,34.7892839849992
TotalExecutionTime,563.9026286330009
