InputGenerationTime,0.03914463899855036
ProfilingTime,15.407687511993572
SimulationTime,7.469205205001344
FramaCExecutionTime,48.82799473100022
TotalExecutionTime,909.6013945119994
