InputGenerationTime,0.07322397099778755
ProfilingTime,9.78826151300018
SimulationTime,5.537359014000685
FramaCExecutionTime,39.72697308399802
TotalExecutionTime,1336.2557748550025
