InputGenerationTime,0.0171071029981249
ProfilingTime,11.032679105002899
SimulationTime,6.37076188899664
FramaCExecutionTime,49.93881574000261
TotalExecutionTime,273.2242979069997
