InputGenerationTime,0.06652831399696879
ProfilingTime,13.160647156008054
SimulationTime,2.7167022229987197
FramaCExecutionTime,38.49409825599287
TotalExecutionTime,372.73854475100234
