InputGenerationTime,0.07492488600109937
ProfilingTime,10.276436369000294
SimulationTime,6.47830763499951
FramaCExecutionTime,42.08125151599961
TotalExecutionTime,974.1505916419992
