InputGenerationTime,0.02938545899814926
ProfilingTime,10.753246360000048
SimulationTime,6.079570773996238
FramaCExecutionTime,38.626025493998895
TotalExecutionTime,16273.233883780002
