InputGenerationTime,0.10154341699671932
ProfilingTime,10.423537351001869
SimulationTime,14.093829035002273
FramaCExecutionTime,42.076754936002544
TotalExecutionTime,2628.7283780139987
