InputGenerationTime,0.02131568200275069
ProfilingTime,10.161498764995486
SimulationTime,6.128248870001698
FramaCExecutionTime,37.40565201899881
TotalExecutionTime,527.6173791799956
