InputGenerationTime,0.01695346001361031
ProfilingTime,13.10081187299511
SimulationTime,53.01567992800847
FramaCExecutionTime,51.14702446399315
TotalExecutionTime,448.42746939099743
