InputGenerationTime,0.08479241801251192
ProfilingTime,9.995395985999494
SimulationTime,6.440211221008212
FramaCExecutionTime,41.54485546500655
TotalExecutionTime,549.7453220570023
