InputGenerationTime,0.05588082099711755
ProfilingTime,10.553183526004432
SimulationTime,51.660420865999185
FramaCExecutionTime,46.176827339004376
TotalExecutionTime,2403.009801182001
