InputGenerationTime,0.11202836499433033
ProfilingTime,10.503441986002144
SimulationTime,7.084198291995563
FramaCExecutionTime,39.724936091995914
TotalExecutionTime,310.5657323280029
