InputGenerationTime,0.09801700900061405
ProfilingTime,11.020353304998935
SimulationTime,51.21745626499978
FramaCExecutionTime,38.37650828900041
TotalExecutionTime,3593.309727426
