InputGenerationTime,0.01414316500449786
ProfilingTime,9.992517972001224
SimulationTime,6.024023984995438
FramaCExecutionTime,36.11738900899945
TotalExecutionTime,560.2707520789991
