InputGenerationTime,0.01968984300037846
ProfilingTime,10.348207925002498
SimulationTime,5.794587331998628
FramaCExecutionTime,38.81064819900348
TotalExecutionTime,536.7361254709976
