InputGenerationTime,0.0301166839999496
ProfilingTime,9.660893172000215
SimulationTime,4.733385302000897
FramaCExecutionTime,35.60818583100081
TotalExecutionTime,1189.0568015209992
