InputGenerationTime,0.02398628399896552
ProfilingTime,13.213495006999437
SimulationTime,7.748457753998082
FramaCExecutionTime,56.596672714000306
TotalExecutionTime,1237.552930664002
