InputGenerationTime,0.08479241801251192
ProfilingTime,10.325048376995255
SimulationTime,6.812854208008503
FramaCExecutionTime,41.54485546500655
TotalExecutionTime,583.7623335289973
