InputGenerationTime,0.07192333900093217
ProfilingTime,10.159738848000416
SimulationTime,49.125860176998685
FramaCExecutionTime,39.947012405998976
TotalExecutionTime,335.756482230001
