InputGenerationTime,0.01600631699989208
ProfilingTime,10.588517362000175
SimulationTime,6.169831038999973
FramaCExecutionTime,36.088396689999854
TotalExecutionTime,103.24084048100008
