InputGenerationTime,0.0223144050000883
ProfilingTime,10.92956976000005
SimulationTime,6.161943030999964
FramaCExecutionTime,35.90068683499999
TotalExecutionTime,975.0892445690001
