InputGenerationTime,0.02632365800673142
ProfilingTime,11.302626251999754
SimulationTime,10.552496546006296
FramaCExecutionTime,39.77912241400918
TotalExecutionTime,591.1832926630013
