InputGenerationTime,0.05706629699852783
ProfilingTime,10.41139843199926
SimulationTime,6.634572274997481
FramaCExecutionTime,40.58814870099741
TotalExecutionTime,74.25785207199806
