InputGenerationTime,0.08211587400001008
ProfilingTime,10.68252237499837
SimulationTime,7.1858577390012215
FramaCExecutionTime,42.833708010999544
TotalExecutionTime,1538.8864122119994
