InputGenerationTime,0.01682621199870482
ProfilingTime,12.969400767004117
SimulationTime,7.222602745008771
FramaCExecutionTime,42.423894251012825
TotalExecutionTime,1797.663015721002
