InputGenerationTime,0.02332559400019818
ProfilingTime,10.246491218000301
SimulationTime,6.513247426002636
FramaCExecutionTime,45.93521431100089
TotalExecutionTime,827.6822015060025
