InputGenerationTime,0.06373837799947069
ProfilingTime,10.394970825999735
SimulationTime,7.030997822000245
FramaCExecutionTime,37.73800484300045
TotalExecutionTime,688.1209817030003
