InputGenerationTime,0.01951889699921594
ProfilingTime,9.970135584999298
SimulationTime,4.9851495289985905
FramaCExecutionTime,35.60998623500018
TotalExecutionTime,228.58374357899993
