InputGenerationTime,0.05265666600462282
ProfilingTime,10.310705992000294
SimulationTime,6.05483731500135
FramaCExecutionTime,41.49356549300137
TotalExecutionTime,942.3753798359976
