InputGenerationTime,0.05692466000073182
ProfilingTime,10.314373354000054
SimulationTime,6.8619875839995075
FramaCExecutionTime,39.214578377999715
TotalExecutionTime,1447.2403921490004
