InputGenerationTime,0.06687718700050027
ProfilingTime,10.502250940000522
SimulationTime,7.211152547999518
FramaCExecutionTime,39.48932267499913
TotalExecutionTime,801.887931737001
