InputGenerationTime,0.01207756999792764
ProfilingTime,12.525673308999103
SimulationTime,64.85075921299722
FramaCExecutionTime,45.69947358400168
TotalExecutionTime,2637.8259649130014
