InputGenerationTime,0.02481988799991086
ProfilingTime,10.004625266999938
SimulationTime,6.465807153999776
FramaCExecutionTime,34.30475738699897
TotalExecutionTime,1406.8282102679987
