InputGenerationTime,0.06693528000323568
ProfilingTime,10.621740747999866
SimulationTime,52.207669893003185
FramaCExecutionTime,41.80391053999483
TotalExecutionTime,5728.908440260995
