InputGenerationTime,0.0763670619999175
ProfilingTime,10.206001190999814
SimulationTime,6.902020672001527
FramaCExecutionTime,39.75321220000478
TotalExecutionTime,124.1301662650003
