InputGenerationTime,0.03455019700049888
ProfilingTime,9.857109767999646
SimulationTime,6.140514840000833
FramaCExecutionTime,34.927573151000615
TotalExecutionTime,504.27413185300065
