InputGenerationTime,0.05706629699852783
ProfilingTime,10.946865168996737
SimulationTime,7.060950905994105
FramaCExecutionTime,40.58814870099741
TotalExecutionTime,265.4252076929988
