InputGenerationTime,0.01647902900003828
ProfilingTime,14.441697634989396
SimulationTime,6.969177867998951
FramaCExecutionTime,48.37001351900108
TotalExecutionTime,961.8847328179982
