InputGenerationTime,0.11202836499433033
ProfilingTime,10.321800486999564
SimulationTime,7.19834623800125
FramaCExecutionTime,39.724936091995914
TotalExecutionTime,208.84704590200272
