InputGenerationTime,0.11879277000844013
ProfilingTime,10.903663463992416
SimulationTime,50.06889312299609
FramaCExecutionTime,41.30239897700085
TotalExecutionTime,102.40647822899336
