InputGenerationTime,0.06888131699997757
ProfilingTime,10.082252366999455
SimulationTime,9.505841772001077
FramaCExecutionTime,39.89972157699958
TotalExecutionTime,118.18862334199912
