InputGenerationTime,0.02429182899868465
ProfilingTime,9.870751378999557
SimulationTime,5.390760086000228
FramaCExecutionTime,45.97813112299991
TotalExecutionTime,464.0125916120014
