InputGenerationTime,0.03148683500012339
ProfilingTime,10.221362352000142
SimulationTime,6.634715523000068
FramaCExecutionTime,43.64821819200006
TotalExecutionTime,799.628149438
