InputGenerationTime,0.02632365800673142
ProfilingTime,11.235836659005145
SimulationTime,9.063034925013199
FramaCExecutionTime,39.77912241400918
TotalExecutionTime,672.764058205008
