InputGenerationTime,0.02041564299724996
ProfilingTime,10.63745615699736
SimulationTime,2.874506961001316
FramaCExecutionTime,48.29850274599448
TotalExecutionTime,1672.6944576710084
