InputGenerationTime,0.01682621199870482
ProfilingTime,14.361794302007183
SimulationTime,8.488543088009465
FramaCExecutionTime,42.423894251012825
TotalExecutionTime,1882.2069625120057
