InputGenerationTime,0.01177785099571338
ProfilingTime,14.158952553996642
SimulationTime,9.96390419799718
FramaCExecutionTime,52.82057099800295
TotalExecutionTime,1956.0874592649998
