InputGenerationTime,0.07460761899710633
ProfilingTime,9.647437983003329
SimulationTime,15.02261936099967
FramaCExecutionTime,39.61733392599854
TotalExecutionTime,64.36888774899126
