InputGenerationTime,0.02632365800673142
ProfilingTime,11.191403859003913
SimulationTime,8.061280512003577
FramaCExecutionTime,39.77912241400918
TotalExecutionTime,945.2816868640075
