InputGenerationTime,0.0763670619999175
ProfilingTime,10.626909632002935
SimulationTime,7.4337298550017294
FramaCExecutionTime,39.75321220000478
TotalExecutionTime,318.5826103800064
