InputGenerationTime,0.07833635200222488
ProfilingTime,10.238805157998286
SimulationTime,9.521920636994764
FramaCExecutionTime,40.119682856995496
TotalExecutionTime,139.18487772399385
