InputGenerationTime,0.11479880199476611
ProfilingTime,10.115083780998248
SimulationTime,8.818555354999262
FramaCExecutionTime,42.08872573199915
TotalExecutionTime,1477.0880196429935
