InputGenerationTime,0.02913684999657562
ProfilingTime,9.769768949998252
SimulationTime,4.929093156999443
FramaCExecutionTime,35.218215351000254
TotalExecutionTime,601.7068410360007
