InputGenerationTime,0.04088580200186698
ProfilingTime,11.424555843004782
SimulationTime,5.867221660999348
FramaCExecutionTime,46.09346962199925
TotalExecutionTime,701.5474382169996
