InputGenerationTime,0.09784811999998055
ProfilingTime,9.598567573993932
SimulationTime,7.535128907999024
FramaCExecutionTime,41.55466879501182
TotalExecutionTime,1352.6228666929965
