InputGenerationTime,0.08286192300147377
ProfilingTime,10.573052946987445
SimulationTime,50.63120705798792
FramaCExecutionTime,39.38539788800699
TotalExecutionTime,1144.6013179439906
