InputGenerationTime,0.10177876400121022
ProfilingTime,10.373065128995222
SimulationTime,7.086037129993201
FramaCExecutionTime,40.503118693988654
TotalExecutionTime,1273.8002538599976
