InputGenerationTime,0.0154482090001693
ProfilingTime,10.373741094008437
SimulationTime,50.67974590799713
FramaCExecutionTime,48.95317624400195
TotalExecutionTime,4620.218879508
