InputGenerationTime,0.05706629699852783
ProfilingTime,12.082105978995969
SimulationTime,7.44125146499573
FramaCExecutionTime,40.58814870099741
TotalExecutionTime,285.00492684500205
