InputGenerationTime,0.02131568200275069
ProfilingTime,9.942328566998185
SimulationTime,6.146062016996439
FramaCExecutionTime,37.40565201899881
TotalExecutionTime,824.3990957179994
