InputGenerationTime,0.04750419400079409
ProfilingTime,36.05122804300481
SimulationTime,22.830998142999306
FramaCExecutionTime,91.2054417679974
TotalExecutionTime,651.3786929880007
