InputGenerationTime,0.06381965599939576
ProfilingTime,10.466723978999653
SimulationTime,6.321794699999373
FramaCExecutionTime,40.0604183079995
TotalExecutionTime,644.7210436559999
