InputGenerationTime,0.01267333799842163
ProfilingTime,9.8175215629999
SimulationTime,47.15074622999964
FramaCExecutionTime,34.714407606999885
TotalExecutionTime,2437.4572415509992
