InputGenerationTime,0.08934303199930582
ProfilingTime,10.629000419998192
SimulationTime,8.785566442005802
FramaCExecutionTime,40.58022558799712
TotalExecutionTime,320.0054176309932
