InputGenerationTime,0.05692466000073182
ProfilingTime,10.370952766999835
SimulationTime,6.547877416000119
FramaCExecutionTime,39.214578377999715
TotalExecutionTime,1564.203443845001
