InputGenerationTime,0.01781125200795941
ProfilingTime,9.823085907002678
SimulationTime,5.5173331609985325
FramaCExecutionTime,33.69016032500076
TotalExecutionTime,1027.9108575199934
