InputGenerationTime,0.02377328900183784
ProfilingTime,9.993367240000225
SimulationTime,5.818653439000627
FramaCExecutionTime,35.40231949600275
TotalExecutionTime,1038.9771225319982
