InputGenerationTime,0.07192333900093217
ProfilingTime,10.617837563997455
SimulationTime,49.489608629999566
FramaCExecutionTime,39.947012405998976
TotalExecutionTime,455.71153790200333
