InputGenerationTime,0.01730999299979885
ProfilingTime,9.429156794001756
SimulationTime,5.002401151999948
FramaCExecutionTime,44.544735395000316
TotalExecutionTime,103.04891076199783
