InputGenerationTime,0.03755415400155471
ProfilingTime,26.0727860779989
SimulationTime,17.32639277299677
FramaCExecutionTime,131.89057868900272
TotalExecutionTime,2008.920884932999
