InputGenerationTime,0.07727786700706929
ProfilingTime,10.379287778996513
SimulationTime,5.754589460004354
FramaCExecutionTime,40.76006832699932
TotalExecutionTime,400.25895278899407
