InputGenerationTime,0.07630812800016429
ProfilingTime,10.785390000000916
SimulationTime,7.289832039999965
FramaCExecutionTime,39.353945180000665
TotalExecutionTime,334.4582521600005
