InputGenerationTime,0.01177785099571338
ProfilingTime,13.494799147003505
SimulationTime,8.942052992999379
FramaCExecutionTime,52.82057099800295
TotalExecutionTime,1690.2446612159983
