InputGenerationTime,0.06024347899983695
ProfilingTime,10.483249986999908
SimulationTime,6.982368799000142
FramaCExecutionTime,37.23784175899982
TotalExecutionTime,415.5587721040001
