InputGenerationTime,0.02377328900183784
ProfilingTime,10.009437841999898
SimulationTime,5.531278842001484
FramaCExecutionTime,35.40231949600275
TotalExecutionTime,895.7019087520002
