InputGenerationTime,0.01962254600948654
ProfilingTime,10.806702351997956
SimulationTime,51.18208197900094
FramaCExecutionTime,48.34731471100531
TotalExecutionTime,234.70206718800182
