InputGenerationTime,0.02436892400146462
ProfilingTime,14.210977994996938
SimulationTime,7.19235524701071
FramaCExecutionTime,41.515238159990986
TotalExecutionTime,62.94448872600333
