InputGenerationTime,0.00968929698865395
ProfilingTime,14.326794831009465
SimulationTime,53.14620025899785
FramaCExecutionTime,48.13642818399239
TotalExecutionTime,2853.1991846320016
