InputGenerationTime,0.01682621199870482
ProfilingTime,13.358393474001787
SimulationTime,7.44964063000225
FramaCExecutionTime,42.423894251012825
TotalExecutionTime,2230.6860382059967
