InputGenerationTime,0.02485292500932701
ProfilingTime,11.79881791099615
SimulationTime,8.864657772995997
FramaCExecutionTime,41.027538213995285
TotalExecutionTime,1298.3037494340097
