InputGenerationTime,0.07971650699983002
ProfilingTime,10.660119464999298
SimulationTime,50.043012817999625
FramaCExecutionTime,40.773911910000606
TotalExecutionTime,1578.7612593850008
