InputGenerationTime,0.01905658200121252
ProfilingTime,10.88955199100019
SimulationTime,5.824807628996496
FramaCExecutionTime,35.78832621900074
TotalExecutionTime,1188.2846779329993
