InputGenerationTime,0.03659036000317428
ProfilingTime,11.178139980002015
SimulationTime,6.964665177001734
FramaCExecutionTime,43.33275046799827
TotalExecutionTime,1771.8675117780003
