InputGenerationTime,0.05913997300012852
ProfilingTime,11.107497107001109
SimulationTime,50.290103972
FramaCExecutionTime,42.20031672500045
TotalExecutionTime,1356.135319125
