InputGenerationTime,0.02859270799672231
ProfilingTime,11.50924281100015
SimulationTime,54.86494824200054
FramaCExecutionTime,44.789751115997205
TotalExecutionTime,4489.469941151998
