InputGenerationTime,0.08442942600049719
ProfilingTime,9.925074265999683
SimulationTime,6.477226637999593
FramaCExecutionTime,38.66163072400013
TotalExecutionTime,1409.1083153610007
