InputGenerationTime,0.10100196998973843
ProfilingTime,16.89852323300147
SimulationTime,11.141217842989136
FramaCExecutionTime,42.211014248998254
TotalExecutionTime,848.5595113360032
