InputGenerationTime,0.0223144050000883
ProfilingTime,11.314457004000133
SimulationTime,6.972107398999924
FramaCExecutionTime,35.90068683499999
TotalExecutionTime,1045.637574026
