InputGenerationTime,0.10587871700408868
ProfilingTime,9.8339498280111
SimulationTime,49.43821264700091
FramaCExecutionTime,43.57780704900506
TotalExecutionTime,1669.2650004039897
