InputGenerationTime,0.06693528000323568
ProfilingTime,10.710037334996741
SimulationTime,51.83529200399062
FramaCExecutionTime,41.80391053999483
TotalExecutionTime,5603.844066266007
