InputGenerationTime,0.02387934099533595
ProfilingTime,15.305850464006653
SimulationTime,53.749106952993316
FramaCExecutionTime,40.29103302399744
TotalExecutionTime,2027.0704399840033
