InputGenerationTime,0.0738430739947944
ProfilingTime,12.681775580000249
SimulationTime,16.999941267000395
FramaCExecutionTime,42.79753851800342
TotalExecutionTime,1961.7912305380014
