InputGenerationTime,0.05692466000073182
ProfilingTime,9.841136471999562
SimulationTime,6.409039838001263
FramaCExecutionTime,39.214578377999715
TotalExecutionTime,1479.6399183430003
