InputGenerationTime,0.06592929499993261
ProfilingTime,10.33631304499977
SimulationTime,8.212831105000078
FramaCExecutionTime,40.170672405999994
TotalExecutionTime,248.0362608170003
