InputGenerationTime,0.09784811999998055
ProfilingTime,9.680487313002232
SimulationTime,7.784137708003982
FramaCExecutionTime,41.55466879501182
TotalExecutionTime,1495.4160343060066
