InputGenerationTime,0.05913997300012852
ProfilingTime,11.205789254000592
SimulationTime,51.08116656099992
FramaCExecutionTime,42.20031672500045
TotalExecutionTime,727.407596985
