InputGenerationTime,0.01157555900135776
ProfilingTime,10.122411924996413
SimulationTime,51.48708130200248
FramaCExecutionTime,37.79498738999973
TotalExecutionTime,4563.777677690003
