InputGenerationTime,0.01647902900003828
ProfilingTime,12.551231302000815
SimulationTime,6.710607503991923
FramaCExecutionTime,48.37001351900108
TotalExecutionTime,763.2831160399946
