InputGenerationTime,0.01695346001361031
ProfilingTime,13.542098050995264
SimulationTime,52.81904678599676
FramaCExecutionTime,51.14702446399315
TotalExecutionTime,1042.6151762009977
