InputGenerationTime,0.11202836499433033
ProfilingTime,9.781878417008556
SimulationTime,6.503037399001187
FramaCExecutionTime,39.724936091995914
TotalExecutionTime,56.12431325299258
