InputGenerationTime,0.06281015000058687
ProfilingTime,10.478235468999628
SimulationTime,5.922205618000589
FramaCExecutionTime,39.76741987800051
TotalExecutionTime,1470.8417446099993
