InputGenerationTime,0.0613212600001134
ProfilingTime,11.616910775002907
SimulationTime,53.96521735600254
FramaCExecutionTime,40.81122030799452
TotalExecutionTime,376.8224461929931
