InputGenerationTime,0.02436892400146462
ProfilingTime,14.916708519987878
SimulationTime,9.031645283990656
FramaCExecutionTime,41.515238159990986
TotalExecutionTime,564.9274566480017
