InputGenerationTime,0.01730999299979885
ProfilingTime,9.57592999100234
SimulationTime,5.3744062170007965
FramaCExecutionTime,44.544735395000316
TotalExecutionTime,369.4407750270002
