InputGenerationTime,0.06024347899983695
ProfilingTime,10.220908634999432
SimulationTime,6.946377626999492
FramaCExecutionTime,37.23784175899982
TotalExecutionTime,256.5538823480001
