InputGenerationTime,0.01343886599988764
ProfilingTime,10.899007970000639
SimulationTime,48.147741523999684
FramaCExecutionTime,35.34428882700013
TotalExecutionTime,2314.1889430139995
