InputGenerationTime,0.0590006890015502
ProfilingTime,26.93074523999894
SimulationTime,24.983091925001645
FramaCExecutionTime,113.22399641499942
TotalExecutionTime,4202.424708742001
