InputGenerationTime,0.01003517399658449
ProfilingTime,12.634626014005335
SimulationTime,7.0749355549996835
FramaCExecutionTime,46.60673828200379
TotalExecutionTime,312.21534516500105
