InputGenerationTime,0.10799351200694218
ProfilingTime,9.743307662996813
SimulationTime,7.046664950990817
FramaCExecutionTime,41.71048603999952
TotalExecutionTime,683.9949832519924
