InputGenerationTime,0.02306895500078099
ProfilingTime,10.119339979999495
SimulationTime,6.001642949999223
FramaCExecutionTime,45.48063135499979
TotalExecutionTime,585.6152603619994
