InputGenerationTime,0.06097441100064316
ProfilingTime,10.606106404997263
SimulationTime,49.1961077829983
FramaCExecutionTime,39.61232570200082
TotalExecutionTime,2411.6426720540003
