InputGenerationTime,0.08442942600049719
ProfilingTime,9.70635976199992
SimulationTime,6.617503753999699
FramaCExecutionTime,38.66163072400013
TotalExecutionTime,1747.5772739220001
