InputGenerationTime,0.06465608299913583
ProfilingTime,10.389302669995232
SimulationTime,5.949911581003107
FramaCExecutionTime,38.55570130500564
TotalExecutionTime,718.2757429470003
