InputGenerationTime,0.01267333799842163
ProfilingTime,10.00659211799939
SimulationTime,47.04304408299868
FramaCExecutionTime,34.714407606999885
TotalExecutionTime,2309.124697772
