InputGenerationTime,0.01003517399658449
ProfilingTime,14.833796733000781
SimulationTime,7.05052735600475
FramaCExecutionTime,46.60673828200379
TotalExecutionTime,463.9758597139953
