InputGenerationTime,0.0159012049989542
ProfilingTime,10.689702686999226
SimulationTime,5.780651486995339
FramaCExecutionTime,48.892538050997246
TotalExecutionTime,769.3666638950017
