InputGenerationTime,0.02332559400019818
ProfilingTime,9.997953568999947
SimulationTime,6.538465621000796
FramaCExecutionTime,45.93521431100089
TotalExecutionTime,558.2291143430011
