InputGenerationTime,0.03148683500012339
ProfilingTime,10.063196066999808
SimulationTime,6.47071258699998
FramaCExecutionTime,43.64821819200006
TotalExecutionTime,542.1088157149998
