InputGenerationTime,0.10587871700408868
ProfilingTime,9.976194457995007
SimulationTime,50.026476168000954
FramaCExecutionTime,43.57780704900506
TotalExecutionTime,2701.121377716001
