InputGenerationTime,0.02632365800673142
ProfilingTime,11.447244082999532
SimulationTime,8.898593482008437
FramaCExecutionTime,39.77912241400918
TotalExecutionTime,652.4243950680102
