InputGenerationTime,0.03168364300108806
ProfilingTime,10.655310788999486
SimulationTime,5.508651493000798
FramaCExecutionTime,52.581870406000235
TotalExecutionTime,724.6820440749998
