InputGenerationTime,0.02234565999242477
ProfilingTime,11.457939464002266
SimulationTime,54.74099801800912
FramaCExecutionTime,39.94511723800679
TotalExecutionTime,5401.824827338991
