InputGenerationTime,0.03753126999072265
ProfilingTime,9.89911548300006
SimulationTime,9.824440137002966
FramaCExecutionTime,36.719459897998604
TotalExecutionTime,1669.0453688490088
