InputGenerationTime,0.01157555900135776
ProfilingTime,10.265884452004684
SimulationTime,51.395701051995275
FramaCExecutionTime,37.79498738999973
TotalExecutionTime,4687.091355731001
