InputGenerationTime,0.0658009869948728
ProfilingTime,9.977656160990591
SimulationTime,27.421249607010395
FramaCExecutionTime,40.643793021998135
TotalExecutionTime,1110.8261660860007
