InputGenerationTime,0.01157555900135776
ProfilingTime,10.290590753000288
SimulationTime,56.90395865099708
FramaCExecutionTime,37.79498738999973
TotalExecutionTime,5373.548569096998
