InputGenerationTime,0.01905658200121252
ProfilingTime,10.735871952994785
SimulationTime,5.619407734004199
FramaCExecutionTime,35.78832621900074
TotalExecutionTime,1155.044646471004
