InputGenerationTime,0.01165099699574057
ProfilingTime,9.867380459996639
SimulationTime,6.087874693999765
FramaCExecutionTime,33.58243524499994
TotalExecutionTime,1390.5292610150063
