InputGenerationTime,0.09784811999998055
ProfilingTime,10.359069504003855
SimulationTime,8.457007985998644
FramaCExecutionTime,41.55466879501182
TotalExecutionTime,1567.733686388994
