InputGenerationTime,0.04271512100240216
ProfilingTime,39.377043385000434
SimulationTime,27.391747528999986
FramaCExecutionTime,140.39492750800127
TotalExecutionTime,2777.4904775859977
