InputGenerationTime,0.00968929698865395
ProfilingTime,12.506005513991113
SimulationTime,52.93472888499673
FramaCExecutionTime,48.13642818399239
TotalExecutionTime,2036.413508483005
