InputGenerationTime,0.02154857700043067
ProfilingTime,10.298461657999724
SimulationTime,48.73013011999865
FramaCExecutionTime,36.822960536999744
TotalExecutionTime,1860.789231148001
