InputGenerationTime,0.11202836499433033
ProfilingTime,9.999649798992323
SimulationTime,6.771842419999302
FramaCExecutionTime,39.724936091995914
TotalExecutionTime,105.74722260699491
