InputGenerationTime,0.01839245700102765
ProfilingTime,9.780312374999994
SimulationTime,5.92722300800051
FramaCExecutionTime,35.089644800000315
TotalExecutionTime,82.56184814900007
