InputGenerationTime,0.03238737300853245
ProfilingTime,11.610859370004619
SimulationTime,7.833275924000191
FramaCExecutionTime,43.14403645200946
TotalExecutionTime,900.9073457320046
