InputGenerationTime,0.0207994360007433
ProfilingTime,9.586798098000145
SimulationTime,5.202486260999649
FramaCExecutionTime,34.9967234679998
TotalExecutionTime,914.8230497960003
