InputGenerationTime,0.0613212600001134
ProfilingTime,11.51128863300255
SimulationTime,55.59383015500498
FramaCExecutionTime,40.81122030799452
TotalExecutionTime,1263.9172694729932
