InputGenerationTime,0.06373837799947069
ProfilingTime,10.68458684899997
SimulationTime,7.312854915000571
FramaCExecutionTime,37.73800484300045
TotalExecutionTime,740.4982626420006
