InputGenerationTime,0.01333866200002376
ProfilingTime,10.994937441995717
SimulationTime,6.134233343007509
FramaCExecutionTime,48.59325111399812
TotalExecutionTime,1131.3692153640004
