InputGenerationTime,0.06920159800029069
ProfilingTime,10.283050181998988
SimulationTime,5.486394254001425
FramaCExecutionTime,38.74239860200032
TotalExecutionTime,936.8837060919996
