InputGenerationTime,0.02398628399896552
ProfilingTime,12.921962613003416
SimulationTime,7.544179877000715
FramaCExecutionTime,56.596672714000306
TotalExecutionTime,1297.0193742260017
