InputGenerationTime,0.09763066199957393
ProfilingTime,10.264532335000695
SimulationTime,7.039591286003997
FramaCExecutionTime,40.35617790700053
TotalExecutionTime,623.6426666280022
