InputGenerationTime,0.02632365800673142
ProfilingTime,11.44383841000672
SimulationTime,8.037857183997403
FramaCExecutionTime,39.77912241400918
TotalExecutionTime,752.030147648009
