InputGenerationTime,0.07484678299806546
ProfilingTime,10.393347218996496
SimulationTime,6.605157053003495
FramaCExecutionTime,41.74371946800238
TotalExecutionTime,1569.237695998003
