InputGenerationTime,0.01328051500604488
ProfilingTime,15.416439639011514
SimulationTime,7.316258793987799
FramaCExecutionTime,41.48226086300565
TotalExecutionTime,263.8062779739994
