InputGenerationTime,0.0341274840029655
ProfilingTime,9.861811822993332
SimulationTime,6.718651931005297
FramaCExecutionTime,37.64829516099417
TotalExecutionTime,553.6086379629996
