InputGenerationTime,0.02332559400019818
ProfilingTime,9.978904403000342
SimulationTime,6.374800394001795
FramaCExecutionTime,45.93521431100089
TotalExecutionTime,491.59773073500037
