InputGenerationTime,0.02624188499612501
ProfilingTime,9.746781342997565
SimulationTime,5.491962167005113
FramaCExecutionTime,71.5697110770052
TotalExecutionTime,1272.4983203390002
