InputGenerationTime,0.07322397099778755
ProfilingTime,9.649816288001603
SimulationTime,5.380018526004278
FramaCExecutionTime,39.72697308399802
TotalExecutionTime,1320.8880443590024
