InputGenerationTime,0.01725929699932749
ProfilingTime,9.377276132001498
SimulationTime,5.7449815809995926
FramaCExecutionTime,34.431736876000286
TotalExecutionTime,883.9624533509996
