InputGenerationTime,0.02305058599813492
ProfilingTime,13.899572358001024
SimulationTime,8.923087841001689
FramaCExecutionTime,58.556756318001135
TotalExecutionTime,423.99775969999973
