InputGenerationTime,0.02583890700043412
ProfilingTime,10.466416410999955
SimulationTime,50.93493528700492
FramaCExecutionTime,39.279005670003244
TotalExecutionTime,6463.4213052299965
