InputGenerationTime,0.06888131699997757
ProfilingTime,10.371726413999568
SimulationTime,9.67599313700157
FramaCExecutionTime,39.89972157699958
TotalExecutionTime,138.28350490999946
