InputGenerationTime,0.02140154999869992
ProfilingTime,25.51266769599897
SimulationTime,15.07677230599802
FramaCExecutionTime,121.4568781320013
TotalExecutionTime,2027.1329458389991
