InputGenerationTime,0.11879277000844013
ProfilingTime,11.832809888001066
SimulationTime,52.00939652801026
FramaCExecutionTime,41.30239897700085
TotalExecutionTime,664.8895374979911
