InputGenerationTime,0.08479241801251192
ProfilingTime,9.708757611006149
SimulationTime,6.401837189987418
FramaCExecutionTime,41.54485546500655
TotalExecutionTime,501.20836592100386
