InputGenerationTime,0.08479241801251192
ProfilingTime,9.980485716005205
SimulationTime,6.293635698995786
FramaCExecutionTime,41.54485546500655
TotalExecutionTime,700.625264946997
