InputGenerationTime,0.03125360700141755
ProfilingTime,13.116506939000828
SimulationTime,8.84192713199809
FramaCExecutionTime,56.99454582999897
TotalExecutionTime,2017.053246350999
