InputGenerationTime,0.06381965599939576
ProfilingTime,10.233831194000231
SimulationTime,5.6330199309995805
FramaCExecutionTime,40.0604183079995
TotalExecutionTime,494.73455734100025
