InputGenerationTime,0.01730999299979885
ProfilingTime,9.716721848999441
SimulationTime,5.450224325999443
FramaCExecutionTime,44.544735395000316
TotalExecutionTime,309.4371813209982
