InputGenerationTime,0.07467210799222812
ProfilingTime,10.12488852799288
SimulationTime,7.803469632010092
FramaCExecutionTime,39.828040738997515
TotalExecutionTime,1699.8295520859974
