InputGenerationTime,0.12183218299469445
ProfilingTime,10.262250625004526
SimulationTime,58.31690145999892
FramaCExecutionTime,43.303145281999605
TotalExecutionTime,181.10542386099405
