InputGenerationTime,0.01177785099571338
ProfilingTime,13.54820908200054
SimulationTime,9.366707044995565
FramaCExecutionTime,52.82057099800295
TotalExecutionTime,1799.728629076002
