InputGenerationTime,0.01725929699932749
ProfilingTime,9.495644553999227
SimulationTime,5.780328033000842
FramaCExecutionTime,34.431736876000286
TotalExecutionTime,914.702158791999
