InputGenerationTime,0.06592929499993261
ProfilingTime,9.753258675000325
SimulationTime,13.415052556999854
FramaCExecutionTime,40.170672405999994
TotalExecutionTime,485.01051264700027
