InputGenerationTime,0.03618974800338037
ProfilingTime,10.155209385993658
SimulationTime,11.518205097003374
FramaCExecutionTime,38.09326741400582
TotalExecutionTime,387.8325745519978
