InputGenerationTime,0.03444526500243228
ProfilingTime,10.900309628006653
SimulationTime,5.95674349401088
FramaCExecutionTime,52.18555356100842
TotalExecutionTime,376.6524582569982
