InputGenerationTime,0.03070392999507021
ProfilingTime,13.891009940998629
SimulationTime,7.176445012999466
FramaCExecutionTime,43.51740340801189
TotalExecutionTime,715.0686905949988
