InputGenerationTime,0.0763670619999175
ProfilingTime,10.169490330001281
SimulationTime,6.648139542005083
FramaCExecutionTime,39.75321220000478
TotalExecutionTime,106.9854356270007
