InputGenerationTime,0.06674171199847478
ProfilingTime,10.525006511001266
SimulationTime,49.738909951003734
FramaCExecutionTime,40.77649916699738
TotalExecutionTime,1786.358077700992
