InputGenerationTime,0.06024347899983695
ProfilingTime,10.388251594999929
SimulationTime,7.089373888999944
FramaCExecutionTime,37.23784175899982
TotalExecutionTime,205.49761522100016
