InputGenerationTime,0.0590006890015502
ProfilingTime,11.163255978000961
SimulationTime,17.16399475000071
FramaCExecutionTime,113.22399641499942
TotalExecutionTime,4666.9186928359995
