InputGenerationTime,0.01267333799842163
ProfilingTime,9.330971204999514
SimulationTime,46.44945125599952
FramaCExecutionTime,34.714407606999885
TotalExecutionTime,2607.160662582999
