InputGenerationTime,0.10154341699671932
ProfilingTime,9.902591360005317
SimulationTime,12.940149861999089
FramaCExecutionTime,42.076754936002544
TotalExecutionTime,2080.815990902993
