InputGenerationTime,0.0658009869948728
ProfilingTime,10.485942032988532
SimulationTime,11.339583865992608
FramaCExecutionTime,40.643793021998135
TotalExecutionTime,1343.7817985169968
