InputGenerationTime,0.02493770999899425
ProfilingTime,9.22689566200097
SimulationTime,5.994115956000314
FramaCExecutionTime,35.02617612699942
TotalExecutionTime,1271.8047931210003
