InputGenerationTime,0.05377575800230261
ProfilingTime,9.689633654001227
SimulationTime,5.473202200002561
FramaCExecutionTime,38.171050539000134
TotalExecutionTime,977.0459819370008
