InputGenerationTime,0.07192333900093217
ProfilingTime,9.975794902999041
SimulationTime,49.48396339700048
FramaCExecutionTime,39.947012405998976
TotalExecutionTime,99.4881530720013
