InputGenerationTime,0.07727786700706929
ProfilingTime,10.721979922003811
SimulationTime,5.894179194991011
FramaCExecutionTime,40.76006832699932
TotalExecutionTime,314.37046794299386
