InputGenerationTime,0.01877888300077757
ProfilingTime,14.17358999100179
SimulationTime,17.229177005003294
FramaCExecutionTime,59.614060054998845
TotalExecutionTime,355.6466396529977
