InputGenerationTime,0.0852646759885829
ProfilingTime,16.446969568001805
SimulationTime,91.49597645000904
FramaCExecutionTime,42.89104297501035
TotalExecutionTime,3825.533595100991
