InputGenerationTime,0.03753126999072265
ProfilingTime,10.710684598001535
SimulationTime,10.898414081995725
FramaCExecutionTime,36.719459897998604
TotalExecutionTime,1649.2965166369977
