InputGenerationTime,0.02493770999899425
ProfilingTime,9.290685314001166
SimulationTime,5.894284863999928
FramaCExecutionTime,35.02617612699942
TotalExecutionTime,1379.7990610879988
