InputGenerationTime,0.01695346001361031
ProfilingTime,14.479344363004202
SimulationTime,54.44167226100399
FramaCExecutionTime,51.14702446399315
TotalExecutionTime,1397.763237431005
