InputGenerationTime,0.01848810700175818
ProfilingTime,9.871693269000389
SimulationTime,5.140069004999532
FramaCExecutionTime,35.19626918999711
TotalExecutionTime,1111.7385298410009
