InputGenerationTime,0.06920159800029069
ProfilingTime,10.099973270998817
SimulationTime,5.689708564999819
FramaCExecutionTime,38.74239860200032
TotalExecutionTime,1108.5694991319997
