InputGenerationTime,0.02624188499612501
ProfilingTime,9.855970418997458
SimulationTime,5.401592107002216
FramaCExecutionTime,71.5697110770052
TotalExecutionTime,1177.6095746619976
