InputGenerationTime,0.01157555900135776
ProfilingTime,10.464627765999467
SimulationTime,51.75681180700485
FramaCExecutionTime,37.79498738999973
TotalExecutionTime,4873.123283297002
