InputGenerationTime,0.02859270799672231
ProfilingTime,11.206983522002702
SimulationTime,52.22907354200288
FramaCExecutionTime,44.789751115997205
TotalExecutionTime,4092.8034621199986
