InputGenerationTime,0.01046458700147923
ProfilingTime,9.695226554002147
SimulationTime,5.369470106001245
FramaCExecutionTime,35.76380379799957
TotalExecutionTime,1273.4859543000057
