InputGenerationTime,0.01905658200121252
ProfilingTime,10.844136937004805
SimulationTime,5.655970448002336
FramaCExecutionTime,35.78832621900074
TotalExecutionTime,1072.113900231001
