InputGenerationTime,0.0763670619999175
ProfilingTime,9.984650035003142
SimulationTime,6.584355690996745
FramaCExecutionTime,39.75321220000478
TotalExecutionTime,56.401861571001064
