InputGenerationTime,0.0745205179991899
ProfilingTime,9.656877728004474
SimulationTime,5.556672464997973
FramaCExecutionTime,41.4757383850083
TotalExecutionTime,472.408728548995
