InputGenerationTime,0.06789501200000814
ProfilingTime,10.36544952299846
SimulationTime,7.063005332998728
FramaCExecutionTime,36.73994468700039
TotalExecutionTime,54.2484574909995
