InputGenerationTime,0.03444526500243228
ProfilingTime,11.235878638006398
SimulationTime,6.101445406995481
FramaCExecutionTime,52.18555356100842
TotalExecutionTime,259.99216136599716
