InputGenerationTime,0.03753126999072265
ProfilingTime,9.887033745006192
SimulationTime,9.900970068003517
FramaCExecutionTime,36.719459897998604
TotalExecutionTime,1627.6570615050005
