InputGenerationTime,0.0341274840029655
ProfilingTime,10.558115698993788
SimulationTime,7.567956781000248
FramaCExecutionTime,37.64829516099417
TotalExecutionTime,853.372598122005
