InputGenerationTime,0.02377328900183784
ProfilingTime,10.15187017900098
SimulationTime,5.747324586001923
FramaCExecutionTime,35.40231949600275
TotalExecutionTime,1054.916672524998
