InputGenerationTime,0.05706629699852783
ProfilingTime,11.139396600003238
SimulationTime,7.002720581003814
FramaCExecutionTime,40.58814870099741
TotalExecutionTime,160.69608622800297
