InputGenerationTime,0.0852646759885829
ProfilingTime,16.53584495499672
SimulationTime,95.17645721200097
FramaCExecutionTime,42.89104297501035
TotalExecutionTime,3937.3618084479967
