InputGenerationTime,0.11879277000844013
ProfilingTime,11.269891001007636
SimulationTime,50.85533516400028
FramaCExecutionTime,41.30239897700085
TotalExecutionTime,977.3199848469958
