InputGenerationTime,0.0341274840029655
ProfilingTime,10.044953302000067
SimulationTime,7.4876030500017805
FramaCExecutionTime,37.64829516099417
TotalExecutionTime,693.9423796560004
