InputGenerationTime,0.06465608299913583
ProfilingTime,10.365306945997872
SimulationTime,5.663852370998939
FramaCExecutionTime,38.55570130500564
TotalExecutionTime,755.6871935669988
