InputGenerationTime,0.06024347899983695
ProfilingTime,10.254105506000087
SimulationTime,6.943993916999716
FramaCExecutionTime,37.23784175899982
TotalExecutionTime,290.2851134500006
