InputGenerationTime,0.05913997300012852
ProfilingTime,10.917058723998707
SimulationTime,49.838242730000275
FramaCExecutionTime,42.20031672500045
TotalExecutionTime,1234.1772705229996
