InputGenerationTime,0.02913684999657562
ProfilingTime,9.971141980997345
SimulationTime,5.237146063998807
FramaCExecutionTime,35.218215351000254
TotalExecutionTime,661.6642996840019
