InputGenerationTime,0.07630812800016429
ProfilingTime,10.316290694001509
SimulationTime,6.595356099000128
FramaCExecutionTime,39.353945180000665
TotalExecutionTime,281.14388535299986
