InputGenerationTime,0.10154341699671932
ProfilingTime,10.006069758994272
SimulationTime,26.83173748900299
FramaCExecutionTime,42.076754936002544
TotalExecutionTime,2225.707502585996
