InputGenerationTime,0.01177785099571338
ProfilingTime,14.250075399999332
SimulationTime,9.867344596001203
FramaCExecutionTime,52.82057099800295
TotalExecutionTime,1931.9456270640003
