InputGenerationTime,0.08211587400001008
ProfilingTime,10.357485294000071
SimulationTime,5.898249772995769
FramaCExecutionTime,42.833708010999544
TotalExecutionTime,1366.236432714999
