InputGenerationTime,0.05692466000073182
ProfilingTime,9.968463356999564
SimulationTime,6.028319914999884
FramaCExecutionTime,39.214578377999715
TotalExecutionTime,1363.8453527640013
