InputGenerationTime,0.12734451101277955
ProfilingTime,10.04466136499832
SimulationTime,6.231825196009595
FramaCExecutionTime,39.92448624499957
TotalExecutionTime,219.96142529200006
