InputGenerationTime,0.06297201899724314
ProfilingTime,10.346259901998565
SimulationTime,51.158857618000184
FramaCExecutionTime,39.85762919300032
TotalExecutionTime,347.7787961520007
