InputGenerationTime,0.0658009869948728
ProfilingTime,10.2474266920035
SimulationTime,12.277040957997087
FramaCExecutionTime,40.643793021998135
TotalExecutionTime,920.463810642992
