InputGenerationTime,0.05588082099711755
ProfilingTime,10.682152139997925
SimulationTime,51.98797729000216
FramaCExecutionTime,46.176827339004376
TotalExecutionTime,2671.551240976005
