InputGenerationTime,0.07833635200222488
ProfilingTime,10.456923486999585
SimulationTime,10.097176709998166
FramaCExecutionTime,40.119682856995496
TotalExecutionTime,423.0160475579978
