InputGenerationTime,0.08442942600049719
ProfilingTime,10.379857453999648
SimulationTime,7.043182768999941
FramaCExecutionTime,38.66163072400013
TotalExecutionTime,1563.803647322
