InputGenerationTime,0.06592929499993261
ProfilingTime,13.541569385999992
SimulationTime,2.9683474550001847
FramaCExecutionTime,40.170672405999994
TotalExecutionTime,384.4762466350003
