InputGenerationTime,0.02154857700043067
ProfilingTime,10.271209872000327
SimulationTime,4.209492613999828
FramaCExecutionTime,36.822960536999744
TotalExecutionTime,2408.591637533
