InputGenerationTime,0.0301166839999496
ProfilingTime,9.91900330000135
SimulationTime,5.141570055999182
FramaCExecutionTime,35.60818583100081
TotalExecutionTime,1369.8801450720002
