InputGenerationTime,0.09801700900061405
ProfilingTime,11.190887766000742
SimulationTime,52.054502200999195
FramaCExecutionTime,38.37650828900041
TotalExecutionTime,3283.7674907269993
