InputGenerationTime,0.01046458700147923
ProfilingTime,9.61477516299783
SimulationTime,5.478365071001463
FramaCExecutionTime,35.76380379799957
TotalExecutionTime,1409.5106930600014
