InputGenerationTime,0.10142935998737812
ProfilingTime,10.267793218998122
SimulationTime,50.638489819000824
FramaCExecutionTime,42.27029998799844
TotalExecutionTime,3427.1000424699887
