InputGenerationTime,0.01781125200795941
ProfilingTime,9.623579331993824
SimulationTime,5.3884975429973565
FramaCExecutionTime,33.69016032500076
TotalExecutionTime,1042.957920197994
