InputGenerationTime,0.01974974999029655
ProfilingTime,14.517470999999205
SimulationTime,53.32818077399861
FramaCExecutionTime,46.534168247992056
TotalExecutionTime,5152.306049566992
