InputGenerationTime,0.01882177800143836
ProfilingTime,9.676686528000573
SimulationTime,5.255329907995474
FramaCExecutionTime,52.14162661100272
TotalExecutionTime,2119.2698138880005
