InputGenerationTime,0.05588082099711755
ProfilingTime,10.511350107000908
SimulationTime,51.42106136700022
FramaCExecutionTime,46.176827339004376
TotalExecutionTime,2921.3353851240026
