InputGenerationTime,0.01908354100305587
ProfilingTime,9.708394445999147
SimulationTime,5.096854709998297
FramaCExecutionTime,45.59387044799951
TotalExecutionTime,593.2909898709986
