InputGenerationTime,0.01905658200121252
ProfilingTime,10.944838811999944
SimulationTime,6.0766877659989404
FramaCExecutionTime,35.78832621900074
TotalExecutionTime,1022.9372217749988
