InputGenerationTime,0.10587871700408868
ProfilingTime,18.74012379499618
SimulationTime,50.220024816997466
FramaCExecutionTime,43.57780704900506
TotalExecutionTime,2476.6177771069924
