InputGenerationTime,0.02332559400019818
ProfilingTime,10.186196185997687
SimulationTime,6.5365264840002055
FramaCExecutionTime,45.93521431100089
TotalExecutionTime,574.9775047980002
