InputGenerationTime,0.01758529599464964
ProfilingTime,9.809057884995127
SimulationTime,5.0944830020016525
FramaCExecutionTime,36.372605122000095
TotalExecutionTime,211.61377512000035
