InputGenerationTime,0.01046458700147923
ProfilingTime,9.471620042000723
SimulationTime,5.527488576000906
FramaCExecutionTime,35.76380379799957
TotalExecutionTime,1394.3904727800036
