InputGenerationTime,0.02306895500078099
ProfilingTime,10.545771048997267
SimulationTime,5.525704843003041
FramaCExecutionTime,45.48063135499979
TotalExecutionTime,764.91943369
