InputGenerationTime,0.02227763999690069
ProfilingTime,10.036551591001626
SimulationTime,6.748431188003451
FramaCExecutionTime,40.6428507610035
TotalExecutionTime,518.0604048019959
