InputGenerationTime,0.02436892400146462
ProfilingTime,14.109211386006791
SimulationTime,7.3118158069992205
FramaCExecutionTime,41.515238159990986
TotalExecutionTime,106.26068823199603
