InputGenerationTime,0.02471806799985643
ProfilingTime,10.044986746999712
SimulationTime,5.695476971000062
FramaCExecutionTime,36.439571203000014
TotalExecutionTime,370.49147082800005
