InputGenerationTime,0.0385067209990666
ProfilingTime,10.288884614999915
SimulationTime,5.890095361000931
FramaCExecutionTime,37.904336684001464
TotalExecutionTime,706.7300931600003
