InputGenerationTime,0.05992229399998905
ProfilingTime,10.688548232996254
SimulationTime,6.229582651001692
FramaCExecutionTime,40.947449245002645
TotalExecutionTime,835.8363328539999
