InputGenerationTime,0.03148683500012339
ProfilingTime,10.561780163999629
SimulationTime,6.7807223360000535
FramaCExecutionTime,43.64821819200006
TotalExecutionTime,765.603650172
