InputGenerationTime,0.11740471799566876
ProfilingTime,11.538688829008606
SimulationTime,78.67635756501113
FramaCExecutionTime,50.78784949700639
TotalExecutionTime,2846.8715651430102
