InputGenerationTime,0.12183218299469445
ProfilingTime,10.084402959008003
SimulationTime,72.61227440100629
FramaCExecutionTime,43.303145281999605
TotalExecutionTime,616.2903474119958
