InputGenerationTime,0.01974974999029655
ProfilingTime,14.671512378990883
SimulationTime,53.43569180299528
FramaCExecutionTime,46.534168247992056
TotalExecutionTime,5360.122190473994
