InputGenerationTime,0.02387934099533595
ProfilingTime,15.342249023000477
SimulationTime,53.367996468005
FramaCExecutionTime,40.29103302399744
TotalExecutionTime,1957.9935373850021
