InputGenerationTime,0.05992229399998905
ProfilingTime,10.986418800996034
SimulationTime,6.66990065099526
FramaCExecutionTime,40.947449245002645
TotalExecutionTime,583.4310081759977
