InputGenerationTime,0.0745205179991899
ProfilingTime,9.945698149997042
SimulationTime,5.7624531960027525
FramaCExecutionTime,41.4757383850083
TotalExecutionTime,534.4927698690008
