InputGenerationTime,0.01344646500365343
ProfilingTime,11.214235042993096
SimulationTime,54.29600552699412
FramaCExecutionTime,41.5655235019949
TotalExecutionTime,3224.3428138029994
