InputGenerationTime,0.02436892400146462
ProfilingTime,15.554337639987352
SimulationTime,8.271639210986905
FramaCExecutionTime,41.515238159990986
TotalExecutionTime,175.37746774300467
