InputGenerationTime,0.01414316500449786
ProfilingTime,11.24716798299778
SimulationTime,6.231628802001069
FramaCExecutionTime,36.11738900899945
TotalExecutionTime,661.0946031299973
