InputGenerationTime,0.02305058599813492
ProfilingTime,12.524876358002075
SimulationTime,7.531173948002106
FramaCExecutionTime,58.556756318001135
TotalExecutionTime,520.2244792199999
