InputGenerationTime,0.0171071029981249
ProfilingTime,12.453077988000587
SimulationTime,7.117965929995989
FramaCExecutionTime,49.93881574000261
TotalExecutionTime,387.9077069060004
