InputGenerationTime,0.01647902900003828
ProfilingTime,13.678605687993695
SimulationTime,2.969995955005288
FramaCExecutionTime,48.37001351900108
TotalExecutionTime,898.7806496480043
