InputGenerationTime,0.02429182899868465
ProfilingTime,10.238679430000047
SimulationTime,5.278385948000505
FramaCExecutionTime,45.97813112299991
TotalExecutionTime,668.0209515550014
