InputGenerationTime,0.00947702000848949
ProfilingTime,12.209261966010672
SimulationTime,52.66157472500345
FramaCExecutionTime,47.984905517994775
TotalExecutionTime,3429.7960352679947
