InputGenerationTime,0.12734451101277955
ProfilingTime,9.972536077999393
SimulationTime,6.0968481979944045
FramaCExecutionTime,39.92448624499957
TotalExecutionTime,71.85886455200671
