InputGenerationTime,0.0613212600001134
ProfilingTime,11.660620700000436
SimulationTime,54.182963987012045
FramaCExecutionTime,40.81122030799452
TotalExecutionTime,980.1194068549958
