InputGenerationTime,0.02140154999869992
ProfilingTime,23.810751976001484
SimulationTime,9.1905394159985
FramaCExecutionTime,121.4568781320013
TotalExecutionTime,2175.170459249999
