InputGenerationTime,0.07322397099778755
ProfilingTime,9.501973782993446
SimulationTime,5.143316902998777
FramaCExecutionTime,39.72697308399802
TotalExecutionTime,1305.819659929999
