InputGenerationTime,0.0745205179991899
ProfilingTime,10.402686451008776
SimulationTime,5.9366021080059
FramaCExecutionTime,41.4757383850083
TotalExecutionTime,785.5961568769999
