InputGenerationTime,0.01344646500365343
ProfilingTime,12.022089303005487
SimulationTime,55.557217339010094
FramaCExecutionTime,41.5655235019949
TotalExecutionTime,3553.5380886019993
