InputGenerationTime,0.07322397099778755
ProfilingTime,10.129148012005317
SimulationTime,5.999128422001377
FramaCExecutionTime,39.72697308399802
TotalExecutionTime,1368.2375819309964
