InputGenerationTime,0.08286192300147377
ProfilingTime,10.494719521011575
SimulationTime,50.15700475900667
FramaCExecutionTime,39.38539788800699
TotalExecutionTime,1205.296204733997
