InputGenerationTime,0.09603555100329686
ProfilingTime,10.011155550004332
SimulationTime,5.125687121995725
FramaCExecutionTime,41.09978809001041
TotalExecutionTime,904.8738429369987
