InputGenerationTime,0.07990379400143865
ProfilingTime,10.09768855999937
SimulationTime,6.21331151800041
FramaCExecutionTime,39.39046175999829
TotalExecutionTime,55.782884188000025
