InputGenerationTime,0.02879062700048962
ProfilingTime,9.997392630999457
SimulationTime,7.3882977180001035
FramaCExecutionTime,37.36917282200011
TotalExecutionTime,675.6614976350002
