InputGenerationTime,0.01267333799842163
ProfilingTime,9.65116261500043
SimulationTime,46.73773618700034
FramaCExecutionTime,34.714407606999885
TotalExecutionTime,1510.7651692990003
