InputGenerationTime,0.01046458700147923
ProfilingTime,9.37950519700098
SimulationTime,5.251134316997195
FramaCExecutionTime,35.76380379799957
TotalExecutionTime,1213.5852957090028
