InputGenerationTime,0.07484678299806546
ProfilingTime,10.767517298998428
SimulationTime,6.834469670000544
FramaCExecutionTime,41.74371946800238
TotalExecutionTime,1710.0839656829994
