InputGenerationTime,0.02927012700092746
ProfilingTime,13.83126897600232
SimulationTime,22.267030754002917
FramaCExecutionTime,59.54822582100314
TotalExecutionTime,391.10968120100006
