InputGenerationTime,0.02234565999242477
ProfilingTime,11.318593947013142
SimulationTime,54.13971546299581
FramaCExecutionTime,39.94511723800679
TotalExecutionTime,5950.864349718991
