InputGenerationTime,0.03211433500109706
ProfilingTime,10.17788628100243
SimulationTime,47.390087553998455
FramaCExecutionTime,39.37306821200036
TotalExecutionTime,1448.5975389489977
