InputGenerationTime,0.00933023100515129
ProfilingTime,9.66914657199959
SimulationTime,5.492652064996946
FramaCExecutionTime,36.48298437499761
TotalExecutionTime,1395.9210903950006
