InputGenerationTime,0.06581077299779281
ProfilingTime,23.265686056998675
SimulationTime,15.311827812001866
FramaCExecutionTime,115.83512147400324
TotalExecutionTime,4405.702144126
