InputGenerationTime,0.03211433500109706
ProfilingTime,10.401948184000503
SimulationTime,48.51369488199998
FramaCExecutionTime,39.37306821200036
TotalExecutionTime,1746.7893371190003
