InputGenerationTime,0.02311374100008834
ProfilingTime,9.738429019999785
SimulationTime,5.9061295330002395
FramaCExecutionTime,35.06249987399951
TotalExecutionTime,220.5161602070002
