InputGenerationTime,0.03220963099738583
ProfilingTime,9.743234371002472
SimulationTime,5.072201473005407
FramaCExecutionTime,35.3322548990036
TotalExecutionTime,1323.8125118050011
