InputGenerationTime,0.06373837799947069
ProfilingTime,9.882045414000459
SimulationTime,6.223321610000312
FramaCExecutionTime,37.73800484300045
TotalExecutionTime,485.88127649000035
