InputGenerationTime,0.01600631699989208
ProfilingTime,10.721736714999906
SimulationTime,5.935996985999964
FramaCExecutionTime,36.088396689999854
TotalExecutionTime,279.41150178
