InputGenerationTime,0.0745205179991899
ProfilingTime,9.538188696009456
SimulationTime,5.36141693200625
FramaCExecutionTime,41.4757383850083
TotalExecutionTime,503.21519466400787
