InputGenerationTime,0.05588082099711755
ProfilingTime,10.88668319000135
SimulationTime,52.538285121001536
FramaCExecutionTime,46.176827339004376
TotalExecutionTime,2466.4595792440014
