InputGenerationTime,0.08069114800036914
ProfilingTime,10.574091068000598
SimulationTime,7.13316421699983
FramaCExecutionTime,37.93133167399992
TotalExecutionTime,1195.0336775630003
