InputGenerationTime,0.02306973400118295
ProfilingTime,9.983583159000773
SimulationTime,47.749480204000065
FramaCExecutionTime,34.95365613299873
TotalExecutionTime,437.2009864269985
