InputGenerationTime,0.01758529599464964
ProfilingTime,9.57361814199976
SimulationTime,4.838325427001109
FramaCExecutionTime,36.372605122000095
TotalExecutionTime,50.81313251600659
