InputGenerationTime,0.03168364300108806
ProfilingTime,11.688860909000141
SimulationTime,6.383515231998899
FramaCExecutionTime,52.581870406000235
TotalExecutionTime,511.04829017500015
