InputGenerationTime,0.057158976997016
ProfilingTime,10.51976489200024
SimulationTime,8.811994464005693
FramaCExecutionTime,37.9393298319992
TotalExecutionTime,422.24539934699715
