InputGenerationTime,0.01121654300368391
ProfilingTime,14.496721012998023
SimulationTime,7.617979324990301
FramaCExecutionTime,48.89147891699395
TotalExecutionTime,2013.7194495190051
