InputGenerationTime,0.012637748999623
ProfilingTime,11.546214628000598
SimulationTime,47.833441259999745
FramaCExecutionTime,57.36715431099947
TotalExecutionTime,1532.2506602969988
