InputGenerationTime,0.0223144050000883
ProfilingTime,11.088285011999915
SimulationTime,6.503313373000083
FramaCExecutionTime,35.90068683499999
TotalExecutionTime,1081.817721683
