InputGenerationTime,0.06693528000323568
ProfilingTime,10.646572956000455
SimulationTime,51.777472139001475
FramaCExecutionTime,41.80391053999483
TotalExecutionTime,5147.863022227997
