InputGenerationTime,0.01039334099914413
ProfilingTime,10.033377284999005
SimulationTime,5.1777497209986905
FramaCExecutionTime,36.1268426799943
TotalExecutionTime,1075.0205858530026
