InputGenerationTime,0.01962254600948654
ProfilingTime,10.815406002002419
SimulationTime,51.213761125007295
FramaCExecutionTime,48.34731471100531
TotalExecutionTime,547.0714580390049
