InputGenerationTime,0.02041564299724996
ProfilingTime,10.819137189988396
SimulationTime,6.562784385998384
FramaCExecutionTime,48.29850274599448
TotalExecutionTime,1623.4598533370008
