InputGenerationTime,0.02398628399896552
ProfilingTime,17.314263426000252
SimulationTime,12.321169917002408
FramaCExecutionTime,56.596672714000306
TotalExecutionTime,1469.0673987459995
