InputGenerationTime,0.0745205179991899
ProfilingTime,10.387005152006168
SimulationTime,7.152346829985618
FramaCExecutionTime,41.4757383850083
TotalExecutionTime,714.2009106210025
