InputGenerationTime,0.06024347899983695
ProfilingTime,10.02386118100003
SimulationTime,6.647465064999778
FramaCExecutionTime,37.23784175899982
TotalExecutionTime,239.3429130630002
