InputGenerationTime,0.03914463899855036
ProfilingTime,15.282728487996792
SimulationTime,7.084640435001347
FramaCExecutionTime,48.82799473100022
TotalExecutionTime,886.6879335560006
