InputGenerationTime,0.02121638599783182
ProfilingTime,13.550249427993549
SimulationTime,7.79812491699704
FramaCExecutionTime,42.12937589098874
TotalExecutionTime,1313.8861118269997
