InputGenerationTime,0.01414316500449786
ProfilingTime,11.038170637999428
SimulationTime,5.826421042998845
FramaCExecutionTime,36.11738900899945
TotalExecutionTime,801.1044381350002
