InputGenerationTime,0.10100196998973843
ProfilingTime,9.740513425000245
SimulationTime,10.29820414801361
FramaCExecutionTime,42.211014248998254
TotalExecutionTime,542.3333283660031
