InputGenerationTime,0.00968929698865395
ProfilingTime,12.756590628006961
SimulationTime,53.16286773499451
FramaCExecutionTime,48.13642818399239
TotalExecutionTime,2431.687491017001
