InputGenerationTime,0.06730768499983242
ProfilingTime,10.685831982998934
SimulationTime,10.23473366899998
FramaCExecutionTime,40.06123223099894
TotalExecutionTime,963.810021512998
