InputGenerationTime,0.01414316500449786
ProfilingTime,10.37941975799913
SimulationTime,6.1176436159948935
FramaCExecutionTime,36.11738900899945
TotalExecutionTime,625.9580121649997
