InputGenerationTime,0.02387934099533595
ProfilingTime,14.273799613001756
SimulationTime,53.027522570992005
FramaCExecutionTime,40.29103302399744
TotalExecutionTime,2440.8549524660048
