InputGenerationTime,0.06465608299913583
ProfilingTime,10.321848031999252
SimulationTime,5.811149897999712
FramaCExecutionTime,38.55570130500564
TotalExecutionTime,803.0586183769992
