InputGenerationTime,0.04750419400079409
ProfilingTime,35.796672409000166
SimulationTime,24.334011754996027
FramaCExecutionTime,91.2054417679974
TotalExecutionTime,534.7269764230005
