InputGenerationTime,0.02931866299999797
ProfilingTime,10.26588311400019
SimulationTime,53.40553091700008
FramaCExecutionTime,39.656589833
TotalExecutionTime,1480.4361723060001
