InputGenerationTime,0.08211587400001008
ProfilingTime,10.745141009996587
SimulationTime,3.0176467560013407
FramaCExecutionTime,42.833708010999544
TotalExecutionTime,1621.8775801379961
