InputGenerationTime,0.06297201899724314
ProfilingTime,11.374507761996938
SimulationTime,54.18344161400455
FramaCExecutionTime,39.85762919300032
TotalExecutionTime,1270.4550576760012
