InputGenerationTime,0.05377575800230261
ProfilingTime,9.403604523002286
SimulationTime,4.996077212999808
FramaCExecutionTime,38.171050539000134
TotalExecutionTime,899.9257216190017
