InputGenerationTime,0.01543552200018894
ProfilingTime,16.276759244996356
SimulationTime,55.045124426003895
FramaCExecutionTime,39.881633352997596
TotalExecutionTime,1071.3643693979975
