InputGenerationTime,0.03064069100219058
ProfilingTime,9.910262211997178
SimulationTime,6.102981503998308
FramaCExecutionTime,34.7892839849992
TotalExecutionTime,497.56592762799846
