InputGenerationTime,0.057158976997016
ProfilingTime,9.612421481004276
SimulationTime,8.8772527359979
FramaCExecutionTime,37.9393298319992
TotalExecutionTime,74.74858487200254
