InputGenerationTime,0.05265666600462282
ProfilingTime,10.265418565999425
SimulationTime,6.079303185993922
FramaCExecutionTime,41.49356549300137
TotalExecutionTime,958.7559344539986
