InputGenerationTime,0.01121654300368391
ProfilingTime,12.468717658994137
SimulationTime,6.560399531997973
FramaCExecutionTime,48.89147891699395
TotalExecutionTime,1668.5611045949918
