InputGenerationTime,0.01781125200795941
ProfilingTime,9.821415824000724
SimulationTime,5.688018062006449
FramaCExecutionTime,33.69016032500076
TotalExecutionTime,949.8868896140048
