InputGenerationTime,0.07467210799222812
ProfilingTime,10.422018078999827
SimulationTime,15.109688048993121
FramaCExecutionTime,39.828040738997515
TotalExecutionTime,1819.8594804449967
