InputGenerationTime,0.06652831399696879
ProfilingTime,9.693707950005773
SimulationTime,8.657397625996964
FramaCExecutionTime,38.49409825599287
TotalExecutionTime,427.2258530899999
