InputGenerationTime,0.03168364300108806
ProfilingTime,10.317681137999898
SimulationTime,5.372889543999918
FramaCExecutionTime,52.581870406000235
TotalExecutionTime,819.5061236170004
