InputGenerationTime,0.02931866299999797
ProfilingTime,10.71237658300015
SimulationTime,54.80407167900012
FramaCExecutionTime,39.656589833
TotalExecutionTime,1011.1962936229999
