InputGenerationTime,0.10100196998973843
ProfilingTime,17.007338989991695
SimulationTime,11.467658172987285
FramaCExecutionTime,42.211014248998254
TotalExecutionTime,1043.0721191159973
