InputGenerationTime,0.01344646500365343
ProfilingTime,11.783226512998226
SimulationTime,55.14518745600071
FramaCExecutionTime,41.5655235019949
TotalExecutionTime,4216.819510638001
