InputGenerationTime,0.02485292500932701
ProfilingTime,12.257999080000445
SimulationTime,8.924997617999907
FramaCExecutionTime,41.027538213995285
TotalExecutionTime,1135.621425507008
