InputGenerationTime,0.03168364300108806
ProfilingTime,9.867897812999217
SimulationTime,5.117725939000593
FramaCExecutionTime,52.581870406000235
TotalExecutionTime,866.095525101
