InputGenerationTime,0.03148683500012339
ProfilingTime,10.256947925000077
SimulationTime,6.587170630999935
FramaCExecutionTime,43.64821819200006
TotalExecutionTime,525.531339444
