InputGenerationTime,0.02931866299999797
ProfilingTime,11.09255070900008
SimulationTime,54.87882816599995
FramaCExecutionTime,39.656589833
TotalExecutionTime,1143.1659947970002
