InputGenerationTime,0.01758529599464964
ProfilingTime,9.298644886002876
SimulationTime,5.12657795099949
FramaCExecutionTime,36.372605122000095
TotalExecutionTime,240.54977874800534
