InputGenerationTime,0.01758529599464964
ProfilingTime,9.439960799994878
SimulationTime,4.854897920005897
FramaCExecutionTime,36.372605122000095
TotalExecutionTime,79.4014971430006
