InputGenerationTime,0.05913997300012852
ProfilingTime,10.413993524000034
SimulationTime,50.000220310999794
FramaCExecutionTime,42.20031672500045
TotalExecutionTime,908.345035667
