InputGenerationTime,0.03444526500243228
ProfilingTime,11.254436577990418
SimulationTime,6.7210104940022575
FramaCExecutionTime,52.18555356100842
TotalExecutionTime,173.03376730899618
