InputGenerationTime,0.01951889699921594
ProfilingTime,9.91715852299967
SimulationTime,4.907644838000124
FramaCExecutionTime,35.60998623500018
TotalExecutionTime,258.1622387009993
