InputGenerationTime,0.02436892400146462
ProfilingTime,15.183168032002868
SimulationTime,7.716060110004037
FramaCExecutionTime,41.515238159990986
TotalExecutionTime,341.6697118220036
