InputGenerationTime,0.02485292500932701
ProfilingTime,10.895635584995034
SimulationTime,7.7232049589947565
FramaCExecutionTime,41.027538213995285
TotalExecutionTime,1075.9395582160068
