InputGenerationTime,0.06789501200000814
ProfilingTime,9.603633991999232
SimulationTime,5.981012573998669
FramaCExecutionTime,36.73994468700039
TotalExecutionTime,134.48017520400026
