InputGenerationTime,0.03148683500012339
ProfilingTime,10.157803286999751
SimulationTime,6.588317334999829
FramaCExecutionTime,43.64821819200006
TotalExecutionTime,816.4111991509999
