InputGenerationTime,0.07727786700706929
ProfilingTime,10.543344024990802
SimulationTime,5.827755377991707
FramaCExecutionTime,40.76006832699932
TotalExecutionTime,368.70428052499483
