InputGenerationTime,0.06024347899983695
ProfilingTime,10.027152276999914
SimulationTime,6.664816813000471
FramaCExecutionTime,37.23784175899982
TotalExecutionTime,398.0488846770004
