InputGenerationTime,0.05377575800230261
ProfilingTime,10.449082427003304
SimulationTime,5.927668978998554
FramaCExecutionTime,38.171050539000134
TotalExecutionTime,1120.9091513390013
