InputGenerationTime,0.02583890700043412
ProfilingTime,11.055915131000802
SimulationTime,52.36080453500472
FramaCExecutionTime,39.279005670003244
TotalExecutionTime,5512.513259694999
