InputGenerationTime,0.10587871700408868
ProfilingTime,18.958038045995636
SimulationTime,50.576009787997464
FramaCExecutionTime,43.57780704900506
TotalExecutionTime,2571.7616399779945
