InputGenerationTime,0.07971650699983002
ProfilingTime,10.989415171001383
SimulationTime,50.5446385539999
FramaCExecutionTime,40.773911910000606
TotalExecutionTime,1819.535096185
