InputGenerationTime,0.08069114800036914
ProfilingTime,10.50350118500046
SimulationTime,7.192282541000168
FramaCExecutionTime,37.93133167399992
TotalExecutionTime,1252.3661850770004
