InputGenerationTime,0.11879277000844013
ProfilingTime,11.835383494995767
SimulationTime,51.37805138299882
FramaCExecutionTime,41.30239897700085
TotalExecutionTime,1040.5568504129915
