InputGenerationTime,0.02121638599783182
ProfilingTime,13.770780065999134
SimulationTime,7.56458155499422
FramaCExecutionTime,42.12937589098874
TotalExecutionTime,1447.7080816069938
