InputGenerationTime,0.01207756999792764
ProfilingTime,12.527891809004359
SimulationTime,5.191429619997507
FramaCExecutionTime,45.69947358400168
TotalExecutionTime,2655.574863209
