InputGenerationTime,0.02332559400019818
ProfilingTime,10.403238397000678
SimulationTime,6.6641262199991615
FramaCExecutionTime,45.93521431100089
TotalExecutionTime,592.0885487650012
