InputGenerationTime,0.01165099699574057
ProfilingTime,9.657123343000421
SimulationTime,6.213291213993216
FramaCExecutionTime,33.58243524499994
TotalExecutionTime,1453.3511266809946
