InputGenerationTime,0.11015815800055861
ProfilingTime,10.81373217899818
SimulationTime,49.92537031699612
FramaCExecutionTime,48.40303555400169
TotalExecutionTime,1676.607914082997
