InputGenerationTime,0.07990379400143865
ProfilingTime,10.644170396000845
SimulationTime,6.8228393089993915
FramaCExecutionTime,39.39046175999829
TotalExecutionTime,208.682797509
