InputGenerationTime,0.11606005700014066
ProfilingTime,10.625561257009394
SimulationTime,50.26906691999466
FramaCExecutionTime,42.19512809099979
TotalExecutionTime,1064.8667555199936
