InputGenerationTime,0.02195946400752291
ProfilingTime,14.424058564996812
SimulationTime,61.503967374999775
FramaCExecutionTime,50.55869247901137
TotalExecutionTime,4849.668385019992
