InputGenerationTime,0.02354438200018194
ProfilingTime,9.994397918999766
SimulationTime,5.274459468000259
FramaCExecutionTime,36.64489351900011
TotalExecutionTime,591.070096855
