InputGenerationTime,0.0763670619999175
ProfilingTime,10.14994748600293
SimulationTime,6.593413608003175
FramaCExecutionTime,39.75321220000478
TotalExecutionTime,90.13630447800097
