InputGenerationTime,0.0301440870098304
ProfilingTime,11.647088337995228
SimulationTime,16.231538464999176
FramaCExecutionTime,39.158365137991495
TotalExecutionTime,1504.217075589011
