InputGenerationTime,0.01157555900135776
ProfilingTime,10.514850265004497
SimulationTime,51.175326791999396
FramaCExecutionTime,37.79498738999973
TotalExecutionTime,5435.275871775
