InputGenerationTime,0.11879277000844013
ProfilingTime,11.490953088999959
SimulationTime,51.17137776900199
FramaCExecutionTime,41.30239897700085
TotalExecutionTime,1103.2499334589957
