InputGenerationTime,0.01758529599464964
ProfilingTime,9.788475681998534
SimulationTime,5.349044866998156
FramaCExecutionTime,36.372605122000095
TotalExecutionTime,270.6576978440062
