InputGenerationTime,0.07467210799222812
ProfilingTime,10.515701185999205
SimulationTime,7.929748208000092
FramaCExecutionTime,39.828040738997515
TotalExecutionTime,1935.5666044529935
