InputGenerationTime,0.09763066199957393
ProfilingTime,10.272167768001964
SimulationTime,6.680317995000223
FramaCExecutionTime,40.35617790700053
TotalExecutionTime,520.3447436190036
