InputGenerationTime,0.02879062700048962
ProfilingTime,10.140465129999939
SimulationTime,7.361427801999525
FramaCExecutionTime,37.36917282200011
TotalExecutionTime,515.7915203149996
