InputGenerationTime,0.07123787500131584
ProfilingTime,11.353888525000002
SimulationTime,6.087259183999777
FramaCExecutionTime,41.87460094400012
TotalExecutionTime,76.59259095299967
