InputGenerationTime,0.0385067209990666
ProfilingTime,10.323224274001404
SimulationTime,5.543651879001118
FramaCExecutionTime,37.904336684001464
TotalExecutionTime,596.4756875349995
