InputGenerationTime,0.11606005700014066
ProfilingTime,9.942766849999316
SimulationTime,49.454471995995846
FramaCExecutionTime,42.19512809099979
TotalExecutionTime,339.285001242999
