InputGenerationTime,0.02481988799991086
ProfilingTime,10.472219808001682
SimulationTime,6.496634499999345
FramaCExecutionTime,34.30475738699897
TotalExecutionTime,1556.9785754900004
