InputGenerationTime,0.06888131699997757
ProfilingTime,10.54759352399924
SimulationTime,10.435223108999708
FramaCExecutionTime,39.89972157699958
TotalExecutionTime,408.0158550349988
