InputGenerationTime,0.0223144050000883
ProfilingTime,10.862268373000006
SimulationTime,6.298806208000087
FramaCExecutionTime,35.90068683499999
TotalExecutionTime,1009.276464299
