InputGenerationTime,0.08286192300147377
ProfilingTime,10.62055645500368
SimulationTime,51.8050294979912
FramaCExecutionTime,39.38539788800699
TotalExecutionTime,943.2547823309869
