InputGenerationTime,0.07647114399878774
ProfilingTime,10.387219021999044
SimulationTime,40.326825472991914
FramaCExecutionTime,39.74868804399739
TotalExecutionTime,1034.0842673170118
