InputGenerationTime,0.02195946400752291
ProfilingTime,13.905567776993848
SimulationTime,55.49167894900893
FramaCExecutionTime,50.55869247901137
TotalExecutionTime,5121.590973685001
