InputGenerationTime,0.01519978199939942
ProfilingTime,10.769576463004341
SimulationTime,5.978182980004931
FramaCExecutionTime,35.97166418199777
TotalExecutionTime,1386.2343887700044
