InputGenerationTime,0.01344646500365343
ProfilingTime,11.2768762170017
SimulationTime,54.448491956005455
FramaCExecutionTime,41.5655235019949
TotalExecutionTime,4016.6495247139974
