InputGenerationTime,0.02471806799985643
ProfilingTime,10.260556642999973
SimulationTime,6.259872424999912
FramaCExecutionTime,36.439571203000014
TotalExecutionTime,148.0142758919999
