InputGenerationTime,0.04750419400079409
ProfilingTime,18.47390704099962
SimulationTime,12.086937004001811
FramaCExecutionTime,91.2054417679974
TotalExecutionTime,121.82405570300034
