InputGenerationTime,0.0763670619999175
ProfilingTime,10.639065345996642
SimulationTime,7.030904604995158
FramaCExecutionTime,39.75321220000478
TotalExecutionTime,265.26062541000283
