InputGenerationTime,0.01519978199939942
ProfilingTime,10.84688161899976
SimulationTime,6.198722181004996
FramaCExecutionTime,35.97166418199777
TotalExecutionTime,1588.260753775001
