InputGenerationTime,0.02140154999869992
ProfilingTime,22.930905876997713
SimulationTime,15.10849391100055
FramaCExecutionTime,121.4568781320013
TotalExecutionTime,2142.106217810997
