InputGenerationTime,0.03444526500243228
ProfilingTime,10.959613323997473
SimulationTime,6.057997529991553
FramaCExecutionTime,52.18555356100842
TotalExecutionTime,410.82919030099583
