InputGenerationTime,0.02485292500932701
ProfilingTime,11.044124592008302
SimulationTime,7.967806949003716
FramaCExecutionTime,41.027538213995285
TotalExecutionTime,1038.373736597001
