InputGenerationTime,0.0341274840029655
ProfilingTime,10.197907027992187
SimulationTime,7.398763892997522
FramaCExecutionTime,37.64829516099417
TotalExecutionTime,676.3647607480088
