InputGenerationTime,0.02881482700104243
ProfilingTime,12.302250601998821
SimulationTime,16.390126224003325
FramaCExecutionTime,55.802621858998464
TotalExecutionTime,970.6630143319999
