InputGenerationTime,0.05377575800230261
ProfilingTime,10.560451864002971
SimulationTime,5.66765231500176
FramaCExecutionTime,38.171050539000134
TotalExecutionTime,1174.8869731570012
