InputGenerationTime,0.01003517399658449
ProfilingTime,15.074249618002796
SimulationTime,7.216839391003305
FramaCExecutionTime,46.60673828200379
TotalExecutionTime,334.5561258949965
