InputGenerationTime,0.02881482700104243
ProfilingTime,12.219158463001804
SimulationTime,16.443354810999153
FramaCExecutionTime,55.802621858998464
TotalExecutionTime,1200.0815364040027
