InputGenerationTime,0.03659036000317428
ProfilingTime,11.354187298995384
SimulationTime,7.192808252999384
FramaCExecutionTime,43.33275046799827
TotalExecutionTime,1734.7755935739988
