InputGenerationTime,0.05992229399998905
ProfilingTime,10.251717184000881
SimulationTime,6.196510866000608
FramaCExecutionTime,40.947449245002645
TotalExecutionTime,531.7690134559962
