InputGenerationTime,0.07852797899977304
ProfilingTime,10.307952912000474
SimulationTime,11.219052829997963
FramaCExecutionTime,48.29240481999295
TotalExecutionTime,1088.2277593049948
