InputGenerationTime,0.02195946400752291
ProfilingTime,14.792467911989661
SimulationTime,4.207656101003522
FramaCExecutionTime,50.55869247901137
TotalExecutionTime,5924.402614852996
