InputGenerationTime,0.01905658200121252
ProfilingTime,10.681307526996534
SimulationTime,5.525518618000206
FramaCExecutionTime,35.78832621900074
TotalExecutionTime,1055.5701120509984
