InputGenerationTime,0.12183218299469445
ProfilingTime,10.195528958007344
SimulationTime,59.147635155997705
FramaCExecutionTime,43.303145281999605
TotalExecutionTime,390.93299045899766
