InputGenerationTime,0.02624188499612501
ProfilingTime,10.527382956999645
SimulationTime,6.028842210005678
FramaCExecutionTime,71.5697110770052
TotalExecutionTime,1356.06884824
