InputGenerationTime,0.06674171199847478
ProfilingTime,10.044425232001231
SimulationTime,49.663156579990755
FramaCExecutionTime,40.77649916699738
TotalExecutionTime,1666.1111335769965
