InputGenerationTime,0.0852646759885829
ProfilingTime,19.083078163996106
SimulationTime,96.33730395999737
FramaCExecutionTime,42.89104297501035
TotalExecutionTime,3717.478050013
