InputGenerationTime,0.06888131699997757
ProfilingTime,10.798824360999788
SimulationTime,10.70096816899968
FramaCExecutionTime,39.89972157699958
TotalExecutionTime,365.975755554
