InputGenerationTime,0.06581077299779281
ProfilingTime,26.793647313999827
SimulationTime,20.165513277999707
FramaCExecutionTime,115.83512147400324
TotalExecutionTime,3870.663660765
