InputGenerationTime,0.02879062700048962
ProfilingTime,10.362043796001672
SimulationTime,7.324955297000997
FramaCExecutionTime,37.36917282200011
TotalExecutionTime,764.7535899730001
