InputGenerationTime,0.02154857700043067
ProfilingTime,9.97284324300017
SimulationTime,48.70711048300109
FramaCExecutionTime,36.822960536999744
TotalExecutionTime,1742.5583841469997
