InputGenerationTime,0.07939185200120846
ProfilingTime,10.715021080999577
SimulationTime,6.3286470219991315
FramaCExecutionTime,40.42274703500152
TotalExecutionTime,356.8491515660007
