InputGenerationTime,0.06652831399696879
ProfilingTime,10.490540323997266
SimulationTime,9.374294736000593
FramaCExecutionTime,38.49409825599287
TotalExecutionTime,338.3918468519987
