InputGenerationTime,0.02305058599813492
ProfilingTime,12.308600399999705
SimulationTime,7.792839272999117
FramaCExecutionTime,58.556756318001135
TotalExecutionTime,354.60209748099805
