InputGenerationTime,0.05706629699852783
ProfilingTime,10.084687274000316
SimulationTime,6.459286928002257
FramaCExecutionTime,40.58814870099741
TotalExecutionTime,107.66841917800048
