InputGenerationTime,0.03064069100219058
ProfilingTime,10.407314653002686
SimulationTime,6.33254597099949
FramaCExecutionTime,34.7892839849992
TotalExecutionTime,798.5159518440014
