InputGenerationTime,0.0658009869948728
ProfilingTime,9.866177679999964
SimulationTime,24.573735746002058
FramaCExecutionTime,40.643793021998135
TotalExecutionTime,1186.268437540988
