InputGenerationTime,0.12734451101277955
ProfilingTime,10.46207006899931
SimulationTime,6.445890385002713
FramaCExecutionTime,39.92448624499957
TotalExecutionTime,358.77514577499824
