InputGenerationTime,0.02306973400118295
ProfilingTime,9.692878436000683
SimulationTime,47.02768200900027
FramaCExecutionTime,34.95365613299873
TotalExecutionTime,264.19661731299857
