InputGenerationTime,0.06674171199847478
ProfilingTime,9.917669568996644
SimulationTime,50.14448492300289
FramaCExecutionTime,40.77649916699738
TotalExecutionTime,2151.203016127998
