InputGenerationTime,0.06673658799991244
ProfilingTime,10.741122552999968
SimulationTime,6.5066728840001815
FramaCExecutionTime,40.517046983
TotalExecutionTime,847.4484956629999
