InputGenerationTime,0.06465608299913583
ProfilingTime,10.207337384999846
SimulationTime,5.767564797999512
FramaCExecutionTime,38.55570130500564
TotalExecutionTime,771.7037649229969
