InputGenerationTime,0.02227763999690069
ProfilingTime,11.721642096999858
SimulationTime,7.361700323999685
FramaCExecutionTime,40.6428507610035
TotalExecutionTime,537.1799072919966
