InputGenerationTime,0.08286192300147377
ProfilingTime,10.271112324000569
SimulationTime,50.294660233004834
FramaCExecutionTime,39.38539788800699
TotalExecutionTime,820.2919557089917
