InputGenerationTime,0.00947702000848949
ProfilingTime,13.236382112998399
SimulationTime,55.67050177700003
FramaCExecutionTime,47.984905517994775
TotalExecutionTime,3567.193059836005
