InputGenerationTime,0.09801700900061405
ProfilingTime,10.200808436000443
SimulationTime,48.933339069000795
FramaCExecutionTime,38.37650828900041
TotalExecutionTime,3039.027747331
