InputGenerationTime,0.10142935998737812
ProfilingTime,9.798725123997428
SimulationTime,50.95075350499246
FramaCExecutionTime,42.27029998799844
TotalExecutionTime,3669.303659882993
