InputGenerationTime,0.12734451101277955
ProfilingTime,10.317031448998023
SimulationTime,6.326519629001268
FramaCExecutionTime,39.92448624499957
TotalExecutionTime,319.70815725000284
