InputGenerationTime,0.01781125200795941
ProfilingTime,9.5583532719902
SimulationTime,5.633175979004591
FramaCExecutionTime,33.69016032500076
TotalExecutionTime,1168.3618911560043
