InputGenerationTime,0.02938545899814926
ProfilingTime,10.238267225002346
SimulationTime,6.6258098619946395
FramaCExecutionTime,38.626025493998895
TotalExecutionTime,16307.307542168
