InputGenerationTime,0.02234565999242477
ProfilingTime,11.110514158994192
SimulationTime,55.91467066999758
FramaCExecutionTime,39.94511723800679
TotalExecutionTime,4801.947425705992
