InputGenerationTime,0.06190480099940032
ProfilingTime,10.401373286998933
SimulationTime,6.307424094000453
FramaCExecutionTime,40.04177317700123
TotalExecutionTime,606.3033869310002
