InputGenerationTime,0.06888131699997757
ProfilingTime,10.66819212700102
SimulationTime,9.96078906799994
FramaCExecutionTime,39.89972157699958
TotalExecutionTime,344.4323562259997
