InputGenerationTime,0.05706629699852783
ProfilingTime,10.426485498996044
SimulationTime,6.557770273000642
FramaCExecutionTime,40.58814870099741
TotalExecutionTime,408.95684030600387
