InputGenerationTime,0.02881482700104243
ProfilingTime,11.620489447999717
SimulationTime,17.046472461999656
FramaCExecutionTime,55.802621858998464
TotalExecutionTime,884.9775412870003
