InputGenerationTime,0.05588082099711755
ProfilingTime,10.843835635998403
SimulationTime,51.92544814800203
FramaCExecutionTime,46.176827339004376
TotalExecutionTime,2859.376888658
