InputGenerationTime,0.03238737300853245
ProfilingTime,12.024105681004585
SimulationTime,7.913328062000801
FramaCExecutionTime,43.14403645200946
TotalExecutionTime,624.8210597020079
