InputGenerationTime,0.06673658799991244
ProfilingTime,9.832827413999894
SimulationTime,6.629500707999796
FramaCExecutionTime,40.517046983
TotalExecutionTime,591.2858581999999
