InputGenerationTime,0.07833635200222488
ProfilingTime,10.159657655996853
SimulationTime,9.63582242099801
FramaCExecutionTime,40.119682856995496
TotalExecutionTime,79.69018595599482
