InputGenerationTime,0.01039334099914413
ProfilingTime,10.051426839003398
SimulationTime,5.149419449997367
FramaCExecutionTime,36.1268426799943
TotalExecutionTime,1044.5827430350037
