InputGenerationTime,0.01039334099914413
ProfilingTime,9.913257509993855
SimulationTime,5.223136494998471
FramaCExecutionTime,36.1268426799943
TotalExecutionTime,938.4134336260031
