InputGenerationTime,0.01333866200002376
ProfilingTime,10.774920305004343
SimulationTime,2.795856276003178
FramaCExecutionTime,48.59325111399812
TotalExecutionTime,1229.6397675519984
