InputGenerationTime,0.0852646759885829
ProfilingTime,9.718980044999626
SimulationTime,103.75579845499306
FramaCExecutionTime,42.89104297501035
TotalExecutionTime,2606.924820386994
