InputGenerationTime,0.06888131699997757
ProfilingTime,10.19446955300009
SimulationTime,9.30325946999983
FramaCExecutionTime,39.89972157699958
TotalExecutionTime,323.7255329159998
