InputGenerationTime,0.06920159800029069
ProfilingTime,10.2628079290007
SimulationTime,5.531598755000232
FramaCExecutionTime,38.74239860200032
TotalExecutionTime,1029.619084132999
