InputGenerationTime,0.02187398799287621
ProfilingTime,10.047056377996341
SimulationTime,7.344479634994059
FramaCExecutionTime,33.94771063499502
TotalExecutionTime,203.95984567799314
