InputGenerationTime,0.03238737300853245
ProfilingTime,11.356723948003491
SimulationTime,7.4749621899973135
FramaCExecutionTime,43.14403645200946
TotalExecutionTime,567.164635041001
