InputGenerationTime,0.02358301000094798
ProfilingTime,9.985959839001225
SimulationTime,5.504408704000525
FramaCExecutionTime,34.802208841998436
TotalExecutionTime,126.88149762799912
