InputGenerationTime,0.01725929699932749
ProfilingTime,9.191388446000929
SimulationTime,5.879732788000183
FramaCExecutionTime,34.431736876000286
TotalExecutionTime,1175.6518063610001
