InputGenerationTime,0.11015815800055861
ProfilingTime,11.24647174301208
SimulationTime,51.87556671399216
FramaCExecutionTime,48.40303555400169
TotalExecutionTime,2563.078241280993
