InputGenerationTime,0.06673658799991244
ProfilingTime,9.992922010000257
SimulationTime,6.287075306000133
FramaCExecutionTime,40.517046983
TotalExecutionTime,761.934417472
