InputGenerationTime,0.01267333799842163
ProfilingTime,10.12539272200047
SimulationTime,47.53580341599991
FramaCExecutionTime,34.714407606999885
TotalExecutionTime,1738.9018318180006
