InputGenerationTime,0.0500389670014556
ProfilingTime,23.593313313002
SimulationTime,15.592162136999832
FramaCExecutionTime,110.98379368699898
TotalExecutionTime,3443.3584382909976
