InputGenerationTime,0.05692466000073182
ProfilingTime,10.315733904999433
SimulationTime,6.383937271999457
FramaCExecutionTime,39.214578377999715
TotalExecutionTime,1614.4854391750014
