InputGenerationTime,0.12183218299469445
ProfilingTime,10.157821556000272
SimulationTime,65.80631969599926
FramaCExecutionTime,43.303145281999605
TotalExecutionTime,1069.154544377001
