InputGenerationTime,0.12183218299469445
ProfilingTime,9.922145540011115
SimulationTime,64.42408205399988
FramaCExecutionTime,43.303145281999605
TotalExecutionTime,1574.7735576669947
