InputGenerationTime,0.07460761899710633
ProfilingTime,10.242695205000928
SimulationTime,15.096519375001662
FramaCExecutionTime,39.61733392599854
TotalExecutionTime,350.4699451060005
