InputGenerationTime,0.12734451101277955
ProfilingTime,10.021985271989251
SimulationTime,6.231563849010854
FramaCExecutionTime,39.92448624499957
TotalExecutionTime,269.0743810540007
