InputGenerationTime,0.03455019700049888
ProfilingTime,10.135255424000206
SimulationTime,6.125837084000523
FramaCExecutionTime,34.927573151000615
TotalExecutionTime,650.2521563379996
