InputGenerationTime,0.0301440870098304
ProfilingTime,11.411328406000393
SimulationTime,18.391888507991098
FramaCExecutionTime,39.158365137991495
TotalExecutionTime,1142.8895346880017
