InputGenerationTime,0.09603555100329686
ProfilingTime,10.260607331991196
SimulationTime,6.984975237995968
FramaCExecutionTime,41.09978809001041
TotalExecutionTime,1126.2760091880045
