InputGenerationTime,0.00933023100515129
ProfilingTime,9.491396883000562
SimulationTime,5.492135164997308
FramaCExecutionTime,36.48298437499761
TotalExecutionTime,1288.742677438
