InputGenerationTime,0.01974974999029655
ProfilingTime,15.602400495990878
SimulationTime,54.66624908799713
FramaCExecutionTime,46.534168247992056
TotalExecutionTime,6074.858305867994
