InputGenerationTime,0.012637748999623
ProfilingTime,12.33334610699967
SimulationTime,48.557773460001044
FramaCExecutionTime,57.36715431099947
TotalExecutionTime,1892.2464806449989
