InputGenerationTime,0.05595495499437675
ProfilingTime,11.174544111003343
SimulationTime,7.256900195003254
FramaCExecutionTime,40.309179092000704
TotalExecutionTime,1245.3923263049946
