InputGenerationTime,0.07833635200222488
ProfilingTime,10.261565775996132
SimulationTime,9.478020148999349
FramaCExecutionTime,40.119682856995496
TotalExecutionTime,323.916903309997
