InputGenerationTime,0.0385067209990666
ProfilingTime,9.691351977000522
SimulationTime,4.8581708849997085
FramaCExecutionTime,37.904336684001464
TotalExecutionTime,486.2431070370003
