InputGenerationTime,0.09784811999998055
ProfilingTime,9.852773516002344
SimulationTime,7.616931212993222
FramaCExecutionTime,41.55466879501182
TotalExecutionTime,1477.886964343008
