InputGenerationTime,0.0341274840029655
ProfilingTime,10.375485505006509
SimulationTime,7.4962582389998715
FramaCExecutionTime,37.64829516099417
TotalExecutionTime,888.3832297379995
