InputGenerationTime,0.06920159800029069
ProfilingTime,9.506228518999706
SimulationTime,4.792560586000036
FramaCExecutionTime,38.74239860200032
TotalExecutionTime,875.3451461820005
