InputGenerationTime,0.01414316500449786
ProfilingTime,10.113434853999934
SimulationTime,5.6428772719955305
FramaCExecutionTime,36.11738900899945
TotalExecutionTime,496.040699526995
