InputGenerationTime,0.0590006890015502
ProfilingTime,9.027442959002656
SimulationTime,15.920382729000266
FramaCExecutionTime,113.22399641499942
TotalExecutionTime,4691.896689966001
