InputGenerationTime,0.02187398799287621
ProfilingTime,9.39751575999253
SimulationTime,6.630796613011626
FramaCExecutionTime,33.94771063499502
TotalExecutionTime,427.65066507399024
