InputGenerationTime,0.02471806799985643
ProfilingTime,9.911439029000121
SimulationTime,5.725570437999977
FramaCExecutionTime,36.439571203000014
TotalExecutionTime,68.15707981399987
