InputGenerationTime,0.02377328900183784
ProfilingTime,10.064940334999847
SimulationTime,5.605632484002854
FramaCExecutionTime,35.40231949600275
TotalExecutionTime,1147.6882018439992
