InputGenerationTime,0.02306973400118295
ProfilingTime,9.901944969000397
SimulationTime,47.65549974500027
FramaCExecutionTime,34.95365613299873
TotalExecutionTime,1082.3165846879983
