InputGenerationTime,0.02859270799672231
ProfilingTime,11.633150194000336
SimulationTime,52.93919675199868
FramaCExecutionTime,44.789751115997205
TotalExecutionTime,4898.953076906997
