InputGenerationTime,0.02187398799287621
ProfilingTime,9.888742875991738
SimulationTime,7.230269345003762
FramaCExecutionTime,33.94771063499502
TotalExecutionTime,221.09955073500169
