InputGenerationTime,0.02859270799672231
ProfilingTime,11.424125044999528
SimulationTime,52.85784214200248
FramaCExecutionTime,44.789751115997205
TotalExecutionTime,4029.339153241999
