InputGenerationTime,0.02881482700104243
ProfilingTime,11.466116379000596
SimulationTime,17.076595971000643
FramaCExecutionTime,55.802621858998464
TotalExecutionTime,1113.815717405003
