InputGenerationTime,0.06381965599939576
ProfilingTime,10.540109169000061
SimulationTime,6.865316905999862
FramaCExecutionTime,40.0604183079995
TotalExecutionTime,745.8290464590009
