InputGenerationTime,0.06693528000323568
ProfilingTime,11.130669795995345
SimulationTime,4.2624946139985695
FramaCExecutionTime,41.80391053999483
TotalExecutionTime,5478.016255974006
