InputGenerationTime,0.06920159800029069
ProfilingTime,10.36489863299903
SimulationTime,5.488044252000691
FramaCExecutionTime,38.74239860200032
TotalExecutionTime,1060.1560698480007
