InputGenerationTime,0.06024347899983695
ProfilingTime,9.71519258600074
SimulationTime,6.27561430500009
FramaCExecutionTime,37.23784175899982
TotalExecutionTime,53.29101069300032
