InputGenerationTime,0.08946731199102942
ProfilingTime,10.681180229003076
SimulationTime,10.347658355996828
FramaCExecutionTime,41.71104338199075
TotalExecutionTime,305.916934820998
