InputGenerationTime,0.09784811999998055
ProfilingTime,10.245989098999416
SimulationTime,7.44072656800563
FramaCExecutionTime,41.55466879501182
TotalExecutionTime,1627.6016843370016
