InputGenerationTime,0.02311374100008834
ProfilingTime,9.656395443000292
SimulationTime,5.777006852000341
FramaCExecutionTime,35.06249987399951
TotalExecutionTime,235.96796955799982
