InputGenerationTime,0.0763670619999175
ProfilingTime,10.519352569994226
SimulationTime,7.118428825997398
FramaCExecutionTime,39.75321220000478
TotalExecutionTime,336.27633013000013
