InputGenerationTime,0.12183218299469445
ProfilingTime,10.318442798001342
SimulationTime,68.76878712000325
FramaCExecutionTime,43.303145281999605
TotalExecutionTime,914.8888613860036
