InputGenerationTime,0.07971650699983002
ProfilingTime,11.227357540999947
SimulationTime,51.1845416619999
FramaCExecutionTime,40.773911910000606
TotalExecutionTime,2066.9171841770003
