InputGenerationTime,0.03753126999072265
ProfilingTime,10.373221652989741
SimulationTime,10.922043647995451
FramaCExecutionTime,36.719459897998604
TotalExecutionTime,1524.4296210309985
