InputGenerationTime,0.01144098601071164
ProfilingTime,10.075000896002166
SimulationTime,7.658863171993289
FramaCExecutionTime,34.14544824699988
TotalExecutionTime,776.8766232950002
