InputGenerationTime,0.01758529599464964
ProfilingTime,9.705242481002642
SimulationTime,5.071767923000152
FramaCExecutionTime,36.372605122000095
TotalExecutionTime,196.6832890730002
