InputGenerationTime,0.01519978199939942
ProfilingTime,10.923418270998809
SimulationTime,6.129852694000874
FramaCExecutionTime,35.97166418199777
TotalExecutionTime,1519.7116663769993
