InputGenerationTime,0.06920159800029069
ProfilingTime,9.410167992000424
SimulationTime,4.601111418000073
FramaCExecutionTime,38.74239860200032
TotalExecutionTime,1184.809143995999
