InputGenerationTime,0.01157555900135776
ProfilingTime,10.378699599998072
SimulationTime,51.46403113899578
FramaCExecutionTime,37.79498738999973
TotalExecutionTime,5183.580673639004
