InputGenerationTime,0.02195946400752291
ProfilingTime,14.189121411007363
SimulationTime,56.26382261200342
FramaCExecutionTime,50.55869247901137
TotalExecutionTime,5404.3051579289895
