InputGenerationTime,0.01344646500365343
ProfilingTime,11.64621632300259
SimulationTime,4.596636036993004
FramaCExecutionTime,41.5655235019949
TotalExecutionTime,4233.103192549999
