InputGenerationTime,0.07258483800069371
ProfilingTime,10.224076436999894
SimulationTime,5.8459850640001605
FramaCExecutionTime,38.576597549000326
TotalExecutionTime,54.72502566900039
