InputGenerationTime,0.10177876400121022
ProfilingTime,10.073702799010789
SimulationTime,7.135664432003978
FramaCExecutionTime,40.503118693988654
TotalExecutionTime,1145.6830009459954
