InputGenerationTime,0.06652831399696879
ProfilingTime,10.21706326000276
SimulationTime,7.750552933008294
FramaCExecutionTime,38.49409825599287
TotalExecutionTime,445.2257461929985
