InputGenerationTime,0.06592929499993261
ProfilingTime,9.938701079000111
SimulationTime,7.7293924639998295
FramaCExecutionTime,40.170672405999994
TotalExecutionTime,111.18719892900026
