InputGenerationTime,0.03469175999998697
ProfilingTime,12.05312863600011
SimulationTime,6.927807334001045
FramaCExecutionTime,61.06725525799993
TotalExecutionTime,696.1584423530003
