InputGenerationTime,0.05706629699852783
ProfilingTime,10.967735609003284
SimulationTime,6.693972089000454
FramaCExecutionTime,40.58814870099741
TotalExecutionTime,142.5177178160011
