InputGenerationTime,0.06024347899983695
ProfilingTime,10.007019067999863
SimulationTime,6.80005139900004
FramaCExecutionTime,37.23784175899982
TotalExecutionTime,170.53992832099993
