InputGenerationTime,0.02688553600000887
ProfilingTime,10.636936604000084
SimulationTime,6.033750304000023
FramaCExecutionTime,36.49362706299996
TotalExecutionTime,904.726905683
