InputGenerationTime,0.05265666600462282
ProfilingTime,10.79869802200119
SimulationTime,6.259119873997406
FramaCExecutionTime,41.49356549300137
TotalExecutionTime,1009.2025908319993
