InputGenerationTime,0.02140154999869992
ProfilingTime,21.40980917699926
SimulationTime,16.022079096997913
FramaCExecutionTime,121.4568781320013
TotalExecutionTime,1637.8110575409992
