InputGenerationTime,0.05913997300012852
ProfilingTime,14.10097740799938
SimulationTime,4.5262223159988935
FramaCExecutionTime,42.20031672500045
TotalExecutionTime,1111.8356022030002
