InputGenerationTime,0.057158976997016
ProfilingTime,9.937681192001037
SimulationTime,16.65108339500148
FramaCExecutionTime,37.9393298319992
TotalExecutionTime,327.8917037200008
