InputGenerationTime,0.03148683500012339
ProfilingTime,10.439390141999866
SimulationTime,6.654870172999836
FramaCExecutionTime,43.64821819200006
TotalExecutionTime,679.6536660769998
