InputGenerationTime,0.0301166839999496
ProfilingTime,10.1970758189982
SimulationTime,5.19543317300122
FramaCExecutionTime,35.60818583100081
TotalExecutionTime,1354.781546917
