InputGenerationTime,0.06373837799947069
ProfilingTime,10.241749105000054
SimulationTime,6.935462444999757
FramaCExecutionTime,37.73800484300045
TotalExecutionTime,585.472983613
