InputGenerationTime,0.02398628399896552
ProfilingTime,11.464791222999338
SimulationTime,6.898743065001327
FramaCExecutionTime,56.596672714000306
TotalExecutionTime,1335.8013510720011
