InputGenerationTime,0.01839245700102765
ProfilingTime,10.104775157000404
SimulationTime,6.235978173001058
FramaCExecutionTime,35.089644800000315
TotalExecutionTime,309.5590768889997
