InputGenerationTime,0.07647114399878774
ProfilingTime,11.13285800399899
SimulationTime,37.75253291500849
FramaCExecutionTime,39.74868804399739
TotalExecutionTime,983.3119268910086
