InputGenerationTime,0.01578046099984931
ProfilingTime,9.91054721599994
SimulationTime,6.524635364000005
FramaCExecutionTime,43.47882046399991
TotalExecutionTime,1565.7031003060001
