InputGenerationTime,0.0155301419999887
ProfilingTime,10.391854192999745
SimulationTime,48.39294648300074
FramaCExecutionTime,35.18779909500063
TotalExecutionTime,2310.64470257
