InputGenerationTime,0.00968929698865395
ProfilingTime,13.305504688993096
SimulationTime,52.61501676500484
FramaCExecutionTime,48.13642818399239
TotalExecutionTime,1840.861308009
