InputGenerationTime,0.07727786700706929
ProfilingTime,10.17375787999481
SimulationTime,6.163951499998802
FramaCExecutionTime,40.76006832699932
TotalExecutionTime,248.81056184900808
