InputGenerationTime,0.01605060899964883
ProfilingTime,11.644212162002077
SimulationTime,17.24632817100064
FramaCExecutionTime,55.23388443600197
TotalExecutionTime,168.78319392200137
