InputGenerationTime,0.03070392999507021
ProfilingTime,16.406141389001277
SimulationTime,8.902384658998926
FramaCExecutionTime,43.51740340801189
TotalExecutionTime,1082.7834409179923
