InputGenerationTime,0.11879277000844013
ProfilingTime,11.472281542999553
SimulationTime,50.781399498999235
FramaCExecutionTime,41.30239897700085
TotalExecutionTime,1246.9509108899947
