InputGenerationTime,0.02931866299999797
ProfilingTime,10.868622129000187
SimulationTime,4.654496267000013
FramaCExecutionTime,39.656589833
TotalExecutionTime,1158.751513092
