InputGenerationTime,0.03220963099738583
ProfilingTime,9.653536691002955
SimulationTime,4.9542874620019575
FramaCExecutionTime,35.3322548990036
TotalExecutionTime,1367.9490609249988
