InputGenerationTime,0.01519978199939942
ProfilingTime,10.63842989099794
SimulationTime,5.950924270000542
FramaCExecutionTime,35.97166418199777
TotalExecutionTime,1486.4587531200013
