InputGenerationTime,0.02227763999690069
ProfilingTime,11.107079041998077
SimulationTime,6.829497314000037
FramaCExecutionTime,40.6428507610035
TotalExecutionTime,669.7277435669967
