InputGenerationTime,0.02358301000094798
ProfilingTime,10.035532034002244
SimulationTime,5.502401137997367
FramaCExecutionTime,34.802208841998436
TotalExecutionTime,374.76241479499913
