InputGenerationTime,0.0658009869948728
ProfilingTime,10.028497207997134
SimulationTime,11.510920510001597
FramaCExecutionTime,40.643793021998135
TotalExecutionTime,825.2684465329949
