InputGenerationTime,0.07192333900093217
ProfilingTime,10.501720896001643
SimulationTime,49.386735503001546
FramaCExecutionTime,39.947012405998976
TotalExecutionTime,813.5453777630028
