InputGenerationTime,0.01882177800143836
ProfilingTime,10.054013654997107
SimulationTime,5.556861636003305
FramaCExecutionTime,52.14162661100272
TotalExecutionTime,1944.3587663599974
