InputGenerationTime,0.01328051500604488
ProfilingTime,14.73525035000057
SimulationTime,6.988456845007022
FramaCExecutionTime,41.48226086300565
TotalExecutionTime,148.1720935589983
