InputGenerationTime,0.01647902900003828
ProfilingTime,13.783001810996211
SimulationTime,6.748369916997035
FramaCExecutionTime,48.37001351900108
TotalExecutionTime,882.0710224119975
