InputGenerationTime,0.09784811999998055
ProfilingTime,10.383540636001271
SimulationTime,7.729219140004716
FramaCExecutionTime,41.55466879501182
TotalExecutionTime,1585.9170132779982
