InputGenerationTime,0.09603555100329686
ProfilingTime,10.31472744999337
SimulationTime,5.697023596003419
FramaCExecutionTime,41.09978809001041
TotalExecutionTime,1228.4286600199994
