InputGenerationTime,0.03618974800338037
ProfilingTime,9.909290335999685
SimulationTime,11.525895904007484
FramaCExecutionTime,38.09326741400582
TotalExecutionTime,102.31837409899163
