InputGenerationTime,0.03238737300853245
ProfilingTime,11.153297391996603
SimulationTime,7.513201024004957
FramaCExecutionTime,43.14403645200946
TotalExecutionTime,585.8750396319956
