InputGenerationTime,0.03659036000317428
ProfilingTime,11.187918073002947
SimulationTime,7.3430226820055395
FramaCExecutionTime,43.33275046799827
TotalExecutionTime,1716.1653783820002
