InputGenerationTime,0.07990379400143865
ProfilingTime,10.215520120998917
SimulationTime,6.231934371999159
FramaCExecutionTime,39.39046175999829
TotalExecutionTime,88.6787212800009
