InputGenerationTime,0.06652831399696879
ProfilingTime,9.779063652007608
SimulationTime,7.301045284999418
FramaCExecutionTime,38.49409825599287
TotalExecutionTime,55.64595203300996
