InputGenerationTime,0.05913997300012852
ProfilingTime,12.102261685000485
SimulationTime,52.29680353799995
FramaCExecutionTime,42.20031672500045
TotalExecutionTime,106.66910815099982
