InputGenerationTime,0.01165099699574057
ProfilingTime,9.895380592002766
SimulationTime,5.923625516996253
FramaCExecutionTime,33.58243524499994
TotalExecutionTime,1502.182772783999
