InputGenerationTime,0.07322397099778755
ProfilingTime,9.718052463002095
SimulationTime,5.580693888005044
FramaCExecutionTime,39.72697308399802
TotalExecutionTime,1447.4497380679968
