InputGenerationTime,0.11606005700014066
ProfilingTime,10.235862707006163
SimulationTime,49.97853666699666
FramaCExecutionTime,42.19512809099979
TotalExecutionTime,518.699257758999
