InputGenerationTime,0.02306895500078099
ProfilingTime,10.74504313000216
SimulationTime,5.466651721999369
FramaCExecutionTime,45.48063135499979
TotalExecutionTime,651.6750613269978
