InputGenerationTime,0.02306895500078099
ProfilingTime,10.386791775999882
SimulationTime,5.594801670002198
FramaCExecutionTime,45.48063135499979
TotalExecutionTime,667.6826628939998
