InputGenerationTime,0.02481988799991086
ProfilingTime,10.055681368001387
SimulationTime,6.666219790997275
FramaCExecutionTime,34.30475738699897
TotalExecutionTime,1440.2439864139997
