InputGenerationTime,0.01414316500449786
ProfilingTime,9.973994412001048
SimulationTime,5.384494789999735
FramaCExecutionTime,36.11738900899945
TotalExecutionTime,464.69646010699944
