InputGenerationTime,0.02398628399896552
ProfilingTime,12.656063714999618
SimulationTime,7.372779286000878
FramaCExecutionTime,56.596672714000306
TotalExecutionTime,1509.435439781002
