InputGenerationTime,0.02881482700104243
ProfilingTime,11.816332492999209
SimulationTime,16.79590990500219
FramaCExecutionTime,55.802621858998464
TotalExecutionTime,913.6222409930015
