InputGenerationTime,0.01519978199939942
ProfilingTime,10.744933043002675
SimulationTime,5.998584012995707
FramaCExecutionTime,35.97166418199777
TotalExecutionTime,1453.216878336003
