InputGenerationTime,0.0590006890015502
ProfilingTime,21.201530547001312
SimulationTime,24.90992051000285
FramaCExecutionTime,113.22399641499942
TotalExecutionTime,4150.39251663
