InputGenerationTime,0.08069114800036914
ProfilingTime,10.107804970999496
SimulationTime,7.195420904000457
FramaCExecutionTime,37.93133167399992
TotalExecutionTime,1124.7627015670005
