InputGenerationTime,0.06190480099940032
ProfilingTime,9.975921364000897
SimulationTime,6.166084032000072
FramaCExecutionTime,40.04177317700123
TotalExecutionTime,865.0951040740001
