InputGenerationTime,0.08069114800036914
ProfilingTime,10.74079961299958
SimulationTime,7.389847215000373
FramaCExecutionTime,37.93133167399992
TotalExecutionTime,1177.296847441
