InputGenerationTime,0.01177785099571338
ProfilingTime,12.15641573999892
SimulationTime,6.765216332001728
FramaCExecutionTime,52.82057099800295
TotalExecutionTime,1590.760932738005
