InputGenerationTime,0.07192333900093217
ProfilingTime,10.430169656003272
SimulationTime,49.718756521000614
FramaCExecutionTime,39.947012405998976
TotalExecutionTime,1127.3395043140008
