InputGenerationTime,0.02583890700043412
ProfilingTime,10.496664646998397
SimulationTime,51.398611405005795
FramaCExecutionTime,39.279005670003244
TotalExecutionTime,5887.254780377996
