InputGenerationTime,0.02140154999869992
ProfilingTime,23.663608713999565
SimulationTime,16.2838450570016
FramaCExecutionTime,121.4568781320013
TotalExecutionTime,2331.897415084997
