InputGenerationTime,0.09763066199957393
ProfilingTime,10.467036810994614
SimulationTime,7.117593475995818
FramaCExecutionTime,40.35617790700053
TotalExecutionTime,606.3090129620032
