InputGenerationTime,0.02827716300089378
ProfilingTime,14.664149519001512
SimulationTime,8.363711091002187
FramaCExecutionTime,39.25252934300079
TotalExecutionTime,990.3484344549979
