InputGenerationTime,0.02429182899868465
ProfilingTime,10.090255582999816
SimulationTime,5.1343748699982825
FramaCExecutionTime,45.97813112299991
TotalExecutionTime,776.8517193420012
