InputGenerationTime,0.0159012049989542
ProfilingTime,12.34292634299345
SimulationTime,7.01726341000176
FramaCExecutionTime,48.892538050997246
TotalExecutionTime,587.2062722810006
