InputGenerationTime,0.01144098601071164
ProfilingTime,10.322208513010992
SimulationTime,7.684532493003644
FramaCExecutionTime,34.14544824699988
TotalExecutionTime,582.8768483250024
