InputGenerationTime,0.09801700900061405
ProfilingTime,10.685356018000675
SimulationTime,51.04018397300024
FramaCExecutionTime,38.37650828900041
TotalExecutionTime,3717.449134122
