InputGenerationTime,0.02234565999242477
ProfilingTime,11.901837587996852
SimulationTime,54.812633552995976
FramaCExecutionTime,39.94511723800679
TotalExecutionTime,5885.380124243995
