InputGenerationTime,0.0658009869948728
ProfilingTime,10.615208549003
SimulationTime,31.278716420012643
FramaCExecutionTime,40.643793021998135
TotalExecutionTime,1250.0516783739877
