InputGenerationTime,0.02154857700043067
ProfilingTime,10.176685924001504
SimulationTime,48.925474914000006
FramaCExecutionTime,36.822960536999744
TotalExecutionTime,2215.9976743080006
