InputGenerationTime,0.03168364300108806
ProfilingTime,11.7409621959996
SimulationTime,6.136655566000627
FramaCExecutionTime,52.581870406000235
TotalExecutionTime,582.0261219950007
