InputGenerationTime,0.01343886599988764
ProfilingTime,10.510383132999777
SimulationTime,47.60286893299963
FramaCExecutionTime,35.34428882700013
TotalExecutionTime,1844.5815906969997
