InputGenerationTime,0.02041564299724996
ProfilingTime,10.378525676991558
SimulationTime,6.547758714004885
FramaCExecutionTime,48.29850274599448
TotalExecutionTime,1759.3461908549943
