InputGenerationTime,0.01144098601071164
ProfilingTime,9.463374540995574
SimulationTime,7.397927885001991
FramaCExecutionTime,34.14544824699988
TotalExecutionTime,478.7070561099972
