InputGenerationTime,0.06888131699997757
ProfilingTime,10.530766575999223
SimulationTime,10.435458153999207
FramaCExecutionTime,39.89972157699958
TotalExecutionTime,304.1961530159988
