InputGenerationTime,0.02187398799287621
ProfilingTime,10.012127371999668
SimulationTime,7.382808741996996
FramaCExecutionTime,33.94771063499502
TotalExecutionTime,342.0540893150028
