InputGenerationTime,0.0500389670014556
ProfilingTime,24.974309736000578
SimulationTime,9.319999454000936
FramaCExecutionTime,110.98379368699898
TotalExecutionTime,3243.2982115449995
