InputGenerationTime,0.03444526500243228
ProfilingTime,10.870826183992904
SimulationTime,6.181407629002933
FramaCExecutionTime,52.18555356100842
TotalExecutionTime,393.7641593370063
