InputGenerationTime,0.01962254600948654
ProfilingTime,10.951387826004066
SimulationTime,51.40466956999444
FramaCExecutionTime,48.34731471100531
TotalExecutionTime,1048.6156619350077
