InputGenerationTime,0.05998602900035621
ProfilingTime,10.021632682999552
SimulationTime,5.8804480399994645
FramaCExecutionTime,38.65595949999988
TotalExecutionTime,953.0483205370001
