InputGenerationTime,0.08946731199102942
ProfilingTime,10.74656171699462
SimulationTime,10.511664179997751
FramaCExecutionTime,41.71104338199075
TotalExecutionTime,369.8161803819967
