InputGenerationTime,0.01543552200018894
ProfilingTime,16.50285064599302
SimulationTime,54.642570046009496
FramaCExecutionTime,39.881633352997596
TotalExecutionTime,517.4077217250015
