InputGenerationTime,0.02377328900183784
ProfilingTime,10.244752534003055
SimulationTime,5.7799257680017035
FramaCExecutionTime,35.40231949600275
TotalExecutionTime,1131.9846571299986
