InputGenerationTime,0.02485292500932701
ProfilingTime,11.501276185008464
SimulationTime,8.279811075990438
FramaCExecutionTime,41.027538213995285
TotalExecutionTime,1462.1851960180065
