InputGenerationTime,0.05595495499437675
ProfilingTime,12.04844862799655
SimulationTime,7.001205904001836
FramaCExecutionTime,40.309179092000704
TotalExecutionTime,1190.2676611559946
