InputGenerationTime,0.02387934099533595
ProfilingTime,13.864051308002672
SimulationTime,52.222151695008506
FramaCExecutionTime,40.29103302399744
TotalExecutionTime,1889.260882268005
