InputGenerationTime,0.01578046099984931
ProfilingTime,9.669063222000204
SimulationTime,6.349506911999924
FramaCExecutionTime,43.47882046399991
TotalExecutionTime,1369.453253671
