InputGenerationTime,0.03211433500109706
ProfilingTime,10.180977128002269
SimulationTime,50.486542582002585
FramaCExecutionTime,39.37306821200036
TotalExecutionTime,1093.3413613820012
