InputGenerationTime,0.0500389670014556
ProfilingTime,25.527416108998295
SimulationTime,16.517397847997927
FramaCExecutionTime,110.98379368699898
TotalExecutionTime,2615.2123948459994
