InputGenerationTime,0.06687718700050027
ProfilingTime,10.471657604000939
SimulationTime,7.185705658999723
FramaCExecutionTime,39.48932267499913
TotalExecutionTime,819.6049263590012
