InputGenerationTime,0.06373837799947069
ProfilingTime,9.759334456000033
SimulationTime,6.757718834000116
FramaCExecutionTime,37.73800484300045
TotalExecutionTime,670.6315414589999
