InputGenerationTime,0.01046458700147923
ProfilingTime,9.576385147003748
SimulationTime,5.2916513759992085
FramaCExecutionTime,35.76380379799957
TotalExecutionTime,1364.2912734050042
