InputGenerationTime,0.08946731199102942
ProfilingTime,10.6093260130001
SimulationTime,10.318545262998668
FramaCExecutionTime,41.71104338199075
TotalExecutionTime,160.59869512698788
