InputGenerationTime,0.01267333799842163
ProfilingTime,10.032752041999629
SimulationTime,3.906436600998859
FramaCExecutionTime,34.714407606999885
TotalExecutionTime,2323.0834830860003
