InputGenerationTime,0.09763066199957393
ProfilingTime,10.727198255000985
SimulationTime,7.107898574999126
FramaCExecutionTime,40.35617790700053
TotalExecutionTime,659.2216464220037
