InputGenerationTime,0.02154857700043067
ProfilingTime,9.877625021999847
SimulationTime,48.11767022799904
FramaCExecutionTime,36.822960536999744
TotalExecutionTime,2703.292463613001
