InputGenerationTime,0.02195946400752291
ProfilingTime,13.380844673985848
SimulationTime,54.431495600991184
FramaCExecutionTime,50.55869247901137
TotalExecutionTime,4985.1730163670145
