InputGenerationTime,0.06674171199847478
ProfilingTime,9.850144570009434
SimulationTime,50.69347588199889
FramaCExecutionTime,40.77649916699738
TotalExecutionTime,2781.5727782879985
