InputGenerationTime,0.11479880199476611
ProfilingTime,9.72603344800882
SimulationTime,8.45467367200763
FramaCExecutionTime,42.08872573199915
TotalExecutionTime,1802.8122337029927
