InputGenerationTime,0.09513172299193684
ProfilingTime,10.009914452995872
SimulationTime,49.76409013099328
FramaCExecutionTime,42.57547555399651
TotalExecutionTime,4276.8535085829935
