InputGenerationTime,0.02688553600000887
ProfilingTime,11.331541168000058
SimulationTime,7.209606228999974
FramaCExecutionTime,36.49362706299996
TotalExecutionTime,594.023384858
