InputGenerationTime,0.0301166839999496
ProfilingTime,10.070582681000815
SimulationTime,5.349753380000038
FramaCExecutionTime,35.60818583100081
TotalExecutionTime,1415.827481245
