InputGenerationTime,0.01344646500365343
ProfilingTime,12.150132599010249
SimulationTime,54.95676338500925
FramaCExecutionTime,41.5655235019949
TotalExecutionTime,3753.2366975439945
