InputGenerationTime,0.10799351200694218
ProfilingTime,10.010858058987651
SimulationTime,7.40163352098898
FramaCExecutionTime,41.71048603999952
TotalExecutionTime,849.2012301759969
