InputGenerationTime,0.05588082099711755
ProfilingTime,10.79976293600339
SimulationTime,52.62741757099866
FramaCExecutionTime,46.176827339004376
TotalExecutionTime,2151.4862850210047
