InputGenerationTime,0.0658009869948728
ProfilingTime,10.552920910995454
SimulationTime,11.224602337999386
FramaCExecutionTime,40.643793021998135
TotalExecutionTime,1271.908941909991
