InputGenerationTime,0.012637748999623
ProfilingTime,12.634546987999784
SimulationTime,48.899050373001955
FramaCExecutionTime,57.36715431099947
TotalExecutionTime,2074.598530188001
