InputGenerationTime,0.03070392999507021
ProfilingTime,15.303961498997523
SimulationTime,8.436382932006381
FramaCExecutionTime,43.51740340801189
TotalExecutionTime,761.9422575439967
