InputGenerationTime,0.03455019700049888
ProfilingTime,9.993313083999965
SimulationTime,6.448519127001418
FramaCExecutionTime,34.927573151000615
TotalExecutionTime,699.2720814160002
