InputGenerationTime,0.02436892400146462
ProfilingTime,13.128653806008515
SimulationTime,6.741493017994799
FramaCExecutionTime,41.515238159990986
TotalExecutionTime,584.8500683089951
