InputGenerationTime,0.01908354100305587
ProfilingTime,10.209482611000567
SimulationTime,5.122246906001237
FramaCExecutionTime,45.59387044799951
TotalExecutionTime,775.206009259
