InputGenerationTime,0.10142935998737812
ProfilingTime,10.424770322002587
SimulationTime,50.19010352400073
FramaCExecutionTime,42.27029998799844
TotalExecutionTime,3487.7549641909864
