InputGenerationTime,0.06097441100064316
ProfilingTime,10.236568681997596
SimulationTime,49.01738170400131
FramaCExecutionTime,39.61232570200082
TotalExecutionTime,1697.479129741001
