InputGenerationTime,0.01605060899964883
ProfilingTime,12.225590336001915
SimulationTime,17.402858629997354
FramaCExecutionTime,55.23388443600197
TotalExecutionTime,227.29749428800278
