InputGenerationTime,0.05998602900035621
ProfilingTime,10.131265082000027
SimulationTime,6.557426977999057
FramaCExecutionTime,38.65595949999988
TotalExecutionTime,1083.2772493330012
