InputGenerationTime,0.07727786700706929
ProfilingTime,9.700431983990711
SimulationTime,5.614823992000311
FramaCExecutionTime,40.76006832699932
TotalExecutionTime,384.07100383000216
