InputGenerationTime,0.02306895500078099
ProfilingTime,10.503524522002408
SimulationTime,5.408081603000028
FramaCExecutionTime,45.48063135499979
TotalExecutionTime,748.8216452529996
