InputGenerationTime,0.03158086500002355
ProfilingTime,10.487195595999992
SimulationTime,6.147120400999938
FramaCExecutionTime,36.47446528099999
TotalExecutionTime,818.489804466
