InputGenerationTime,0.01519978199939942
ProfilingTime,10.699931874005415
SimulationTime,6.211321741997381
FramaCExecutionTime,35.97166418199777
TotalExecutionTime,1605.2142744930024
