InputGenerationTime,0.01121654300368391
ProfilingTime,13.16327461200126
SimulationTime,7.755885450009373
FramaCExecutionTime,48.89147891699395
TotalExecutionTime,1732.5911723829922
