InputGenerationTime,0.01962254600948654
ProfilingTime,10.504925733999698
SimulationTime,51.552039214002434
FramaCExecutionTime,48.34731471100531
TotalExecutionTime,172.69175440300023
