InputGenerationTime,0.10372775399991951
ProfilingTime,12.278443861001506
SimulationTime,52.401961667999785
FramaCExecutionTime,41.57309912600067
TotalExecutionTime,4411.739411873001
