InputGenerationTime,0.02583890700043412
ProfilingTime,11.375882996995642
SimulationTime,52.9515377669959
FramaCExecutionTime,39.279005670003244
TotalExecutionTime,5193.323579169999
