InputGenerationTime,0.01730999299979885
ProfilingTime,9.522529752000992
SimulationTime,5.334991561998322
FramaCExecutionTime,44.544735395000316
TotalExecutionTime,59.42653077199793
