InputGenerationTime,0.01121654300368391
ProfilingTime,14.162605186007568
SimulationTime,7.522928766993573
FramaCExecutionTime,48.89147891699395
TotalExecutionTime,1690.2701480700052
