InputGenerationTime,0.02879062700048962
ProfilingTime,10.331191800998567
SimulationTime,2.7548692069995013
FramaCExecutionTime,37.36917282200011
TotalExecutionTime,795.8119384119991
