InputGenerationTime,0.08442942600049719
ProfilingTime,10.833265512999787
SimulationTime,6.788475311000184
FramaCExecutionTime,38.66163072400013
TotalExecutionTime,1376.2088157400003
