InputGenerationTime,0.03064069100219058
ProfilingTime,9.977248605002387
SimulationTime,5.9666375199994945
FramaCExecutionTime,34.7892839849992
TotalExecutionTime,465.5565120620013
