InputGenerationTime,0.09784811999998055
ProfilingTime,13.266088304997538
SimulationTime,10.564041705001728
FramaCExecutionTime,41.55466879501182
TotalExecutionTime,1609.8405157969974
