InputGenerationTime,0.05998602900035621
ProfilingTime,10.266689467000106
SimulationTime,6.2058135160004895
FramaCExecutionTime,38.65595949999988
TotalExecutionTime,1149.1758596320014
