InputGenerationTime,0.00933023100515129
ProfilingTime,9.714603211003123
SimulationTime,5.188222782002413
FramaCExecutionTime,36.48298437499761
TotalExecutionTime,1456.4102354230054
