InputGenerationTime,0.0155301419999887
ProfilingTime,9.486221892000685
SimulationTime,47.838042901000335
FramaCExecutionTime,35.18779909500063
TotalExecutionTime,2674.78361701
