InputGenerationTime,0.0658009869948728
ProfilingTime,9.995998105005128
SimulationTime,11.660831329005305
FramaCExecutionTime,40.643793021998135
TotalExecutionTime,897.9024174379883
