InputGenerationTime,0.01594695199310081
ProfilingTime,10.592338968999684
SimulationTime,6.352873183001066
FramaCExecutionTime,46.48600257499493
TotalExecutionTime,795.0009543639972
