InputGenerationTime,0.02234565999242477
ProfilingTime,11.832603795992327
SimulationTime,54.970241767005064
FramaCExecutionTime,39.94511723800679
TotalExecutionTime,5001.113073116998
