InputGenerationTime,0.01905658200121252
ProfilingTime,10.304403017005825
SimulationTime,5.191848991998995
FramaCExecutionTime,35.78832621900074
TotalExecutionTime,891.2376037369977
