InputGenerationTime,0.03618974800338037
ProfilingTime,9.795411009996315
SimulationTime,12.538149724990944
FramaCExecutionTime,38.09326741400582
TotalExecutionTime,211.7962275109894
