InputGenerationTime,0.02311374100008834
ProfilingTime,10.015461867999875
SimulationTime,5.760984475999976
FramaCExecutionTime,35.06249987399951
TotalExecutionTime,141.9931894780002
