InputGenerationTime,0.0385067209990666
ProfilingTime,10.999239382999804
SimulationTime,6.156202422998831
FramaCExecutionTime,37.904336684001464
TotalExecutionTime,763.1366193569993
