InputGenerationTime,0.0745205179991899
ProfilingTime,9.58697556500556
SimulationTime,6.021167625993257
FramaCExecutionTime,41.4757383850083
TotalExecutionTime,833.4449775520043
