InputGenerationTime,0.09603555100329686
ProfilingTime,9.984736361991963
SimulationTime,6.100385166006163
FramaCExecutionTime,41.09978809001041
TotalExecutionTime,1077.411310962998
