InputGenerationTime,0.0738430739947944
ProfilingTime,10.939784194997628
SimulationTime,16.447768714999256
FramaCExecutionTime,42.79753851800342
TotalExecutionTime,1911.8345234549997
