InputGenerationTime,0.07630812800016429
ProfilingTime,10.188123863999863
SimulationTime,6.771766259000287
FramaCExecutionTime,39.353945180000665
TotalExecutionTime,400.4163053550001
