InputGenerationTime,0.02332559400019818
ProfilingTime,10.121705239998846
SimulationTime,6.353016357999877
FramaCExecutionTime,45.93521431100089
TotalExecutionTime,844.1863100440023
