InputGenerationTime,0.10372775399991951
ProfilingTime,11.046093274999293
SimulationTime,50.589547339999626
FramaCExecutionTime,41.57309912600067
TotalExecutionTime,5092.559067507
