InputGenerationTime,0.04653632100234972
ProfilingTime,10.616124803986168
SimulationTime,51.855470897993655
FramaCExecutionTime,41.64242968399776
TotalExecutionTime,3839.6340855109956
