InputGenerationTime,0.04653632100234972
ProfilingTime,10.58836409500509
SimulationTime,52.35353979699721
FramaCExecutionTime,41.64242968399776
TotalExecutionTime,4106.822199135997
