InputGenerationTime,0.01144098601071164
ProfilingTime,10.215060780989006
SimulationTime,7.7982409770047525
FramaCExecutionTime,34.14544824699988
TotalExecutionTime,741.0257196299935
