InputGenerationTime,0.07123787500131584
ProfilingTime,10.053943625998727
SimulationTime,5.483556174000114
FramaCExecutionTime,41.87460094400012
TotalExecutionTime,124.90645481400134
