InputGenerationTime,0.02306895500078099
ProfilingTime,10.679361480997613
SimulationTime,5.679825234001328
FramaCExecutionTime,45.48063135499979
TotalExecutionTime,684.0649937429989
