InputGenerationTime,0.02311374100008834
ProfilingTime,9.887381521999487
SimulationTime,5.936908133000543
FramaCExecutionTime,35.06249987399951
TotalExecutionTime,189.46249198199985
