InputGenerationTime,0.12183218299469445
ProfilingTime,9.965059102003579
SimulationTime,62.33035225998901
FramaCExecutionTime,43.303145281999605
TotalExecutionTime,321.50877149999724
