InputGenerationTime,0.08934303199930582
ProfilingTime,10.253753097000299
SimulationTime,9.104453235006076
FramaCExecutionTime,40.58022558799712
TotalExecutionTime,225.6525125939952
