InputGenerationTime,0.0207994360007433
ProfilingTime,9.491923851999672
SimulationTime,4.895502782999756
FramaCExecutionTime,34.9967234679998
TotalExecutionTime,826.5870909200003
