InputGenerationTime,0.10154341699671932
ProfilingTime,10.296178062999388
SimulationTime,14.117269229987869
FramaCExecutionTime,42.076754936002544
TotalExecutionTime,2163.4409501560003
