InputGenerationTime,0.0658009869948728
ProfilingTime,10.42794260699884
SimulationTime,33.665598588995636
FramaCExecutionTime,40.643793021998135
TotalExecutionTime,1051.6776730619895
