InputGenerationTime,0.02913684999657562
ProfilingTime,9.72175678700296
SimulationTime,4.994191678000789
FramaCExecutionTime,35.218215351000254
TotalExecutionTime,616.4614533459971
