InputGenerationTime,0.0763670619999175
ProfilingTime,10.460211355995853
SimulationTime,6.824013057004777
FramaCExecutionTime,39.75321220000478
TotalExecutionTime,282.61437934000423
