InputGenerationTime,0.01267333799842163
ProfilingTime,9.799645994000457
SimulationTime,46.8603558270006
FramaCExecutionTime,34.714407606999885
TotalExecutionTime,1795.5838049969989
