InputGenerationTime,0.00968929698865395
ProfilingTime,12.52937063400168
SimulationTime,51.74152063099609
FramaCExecutionTime,48.13642818399239
TotalExecutionTime,3053.7478465650056
