InputGenerationTime,0.01328051500604488
ProfilingTime,17.195291059004376
SimulationTime,8.457036179999704
FramaCExecutionTime,41.48226086300565
TotalExecutionTime,428.4816910419904
