InputGenerationTime,0.11740471799566876
ProfilingTime,10.64751272900321
SimulationTime,75.17984693299513
FramaCExecutionTime,50.78784949700639
TotalExecutionTime,2281.610809359001
