InputGenerationTime,0.10154341699671932
ProfilingTime,9.480742824991466
SimulationTime,38.34807366899622
FramaCExecutionTime,42.076754936002544
TotalExecutionTime,2676.605242640988
