InputGenerationTime,0.06097441100064316
ProfilingTime,10.612011623998114
SimulationTime,49.32822706300067
FramaCExecutionTime,39.61232570200082
TotalExecutionTime,1995.9970880550027
