InputGenerationTime,0.07939185200120846
ProfilingTime,11.009724978999657
SimulationTime,6.057509504000336
FramaCExecutionTime,40.42274703500152
TotalExecutionTime,407.42962193899984
