InputGenerationTime,0.0763670619999175
ProfilingTime,10.80368137199548
SimulationTime,7.044121046004875
FramaCExecutionTime,39.75321220000478
TotalExecutionTime,230.50338345100317
