InputGenerationTime,0.02938545899814926
ProfilingTime,11.094040092000796
SimulationTime,6.428759969996463
FramaCExecutionTime,38.626025493998895
TotalExecutionTime,16427.715524589
