InputGenerationTime,0.03618974800338037
ProfilingTime,10.077989216006245
SimulationTime,11.106862781991367
FramaCExecutionTime,38.09326741400582
TotalExecutionTime,145.062600292993
