InputGenerationTime,0.02227763999690069
ProfilingTime,11.578324107998924
SimulationTime,6.9030638889962574
FramaCExecutionTime,40.6428507610035
TotalExecutionTime,651.7500973139977
