InputGenerationTime,0.02927012700092746
ProfilingTime,14.008855692998623
SimulationTime,22.031287642999814
FramaCExecutionTime,59.54822582100314
TotalExecutionTime,715.9038892339995
