InputGenerationTime,0.08211587400001008
ProfilingTime,10.776056950002385
SimulationTime,6.81680173100176
FramaCExecutionTime,42.833708010999544
TotalExecutionTime,1608.0830008249977
