InputGenerationTime,0.06730768499983242
ProfilingTime,10.208913083999505
SimulationTime,9.983174027998757
FramaCExecutionTime,40.06123223099894
TotalExecutionTime,793.9830908780004
