InputGenerationTime,0.00968929698865395
ProfilingTime,14.71828612399986
SimulationTime,53.2343447739986
FramaCExecutionTime,48.13642818399239
TotalExecutionTime,1709.3188164830062
