InputGenerationTime,0.01039334099914413
ProfilingTime,10.047559846003423
SimulationTime,5.254103742001462
FramaCExecutionTime,36.1268426799943
TotalExecutionTime,1105.6017673090028
