InputGenerationTime,0.10142935998737812
ProfilingTime,9.926621195991174
SimulationTime,49.69435863000399
FramaCExecutionTime,42.27029998799844
TotalExecutionTime,3002.9031333059975
