InputGenerationTime,0.07484678299806546
ProfilingTime,10.490441385998565
SimulationTime,6.478561259005801
FramaCExecutionTime,41.74371946800238
TotalExecutionTime,1430.4445472709995
