InputGenerationTime,0.01519978199939942
ProfilingTime,10.853373488003854
SimulationTime,5.821035510998627
FramaCExecutionTime,35.97166418199777
TotalExecutionTime,1369.4455930580007
