InputGenerationTime,0.02311374100008834
ProfilingTime,9.655765512000471
SimulationTime,5.463102196999898
FramaCExecutionTime,35.06249987399951
TotalExecutionTime,95.2012018939995
