InputGenerationTime,0.07971650699983002
ProfilingTime,10.480479204999938
SimulationTime,49.31238320400007
FramaCExecutionTime,40.773911910000606
TotalExecutionTime,1757.9220338070008
