InputGenerationTime,0.07460761899710633
ProfilingTime,9.753561659992556
SimulationTime,41.61410243000137
FramaCExecutionTime,39.61733392599854
TotalExecutionTime,741.5701995059935
