InputGenerationTime,0.07484678299806546
ProfilingTime,10.410654223000165
SimulationTime,6.679721942993638
FramaCExecutionTime,41.74371946800238
TotalExecutionTime,1447.5810945330013
