InputGenerationTime,0.01695346001361031
ProfilingTime,13.523684240004513
SimulationTime,53.429515149997314
FramaCExecutionTime,51.14702446399315
TotalExecutionTime,1177.1143264999992
