InputGenerationTime,0.02377328900183784
ProfilingTime,9.898683805000474
SimulationTime,5.718697732001601
FramaCExecutionTime,35.40231949600275
TotalExecutionTime,1163.3656083919977
