InputGenerationTime,0.03659036000317428
ProfilingTime,11.635635565995472
SimulationTime,6.9833312509945245
FramaCExecutionTime,43.33275046799827
TotalExecutionTime,1641.6352237059982
