InputGenerationTime,0.01974974999029655
ProfilingTime,13.934116688003996
SimulationTime,52.971134974999586
FramaCExecutionTime,46.534168247992056
TotalExecutionTime,6210.233837834006
