InputGenerationTime,0.01157555900135776
ProfilingTime,10.273956969998835
SimulationTime,4.370349515003909
FramaCExecutionTime,37.79498738999973
TotalExecutionTime,5511.775767519004
