InputGenerationTime,0.08286192300147377
ProfilingTime,13.543770541000413
SimulationTime,4.104691939006443
FramaCExecutionTime,39.38539788800699
TotalExecutionTime,1083.3663510810002
