InputGenerationTime,0.07484678299806546
ProfilingTime,10.621999998002138
SimulationTime,6.895691117999377
FramaCExecutionTime,41.74371946800238
TotalExecutionTime,1744.7511745470038
