InputGenerationTime,0.0155301419999887
ProfilingTime,10.164515942000435
SimulationTime,4.190937633999965
FramaCExecutionTime,35.18779909500063
TotalExecutionTime,2383.5974432639996
