InputGenerationTime,0.10587871700408868
ProfilingTime,21.375906497007236
SimulationTime,4.1648519370064605
FramaCExecutionTime,43.57780704900506
TotalExecutionTime,2502.2004431499954
