InputGenerationTime,0.01974974999029655
ProfilingTime,14.736805993001326
SimulationTime,53.765874939999776
FramaCExecutionTime,46.534168247992056
TotalExecutionTime,6278.766169816998
