InputGenerationTime,0.03659036000317428
ProfilingTime,11.382511786003306
SimulationTime,7.186749629996484
FramaCExecutionTime,43.33275046799827
TotalExecutionTime,1697.5841078049998
