InputGenerationTime,0.10177876400121022
ProfilingTime,10.320033950993093
SimulationTime,7.3538915979879675
FramaCExecutionTime,40.503118693988654
TotalExecutionTime,1256.2912982479902
