InputGenerationTime,0.07460761899710633
ProfilingTime,13.512512465997133
SimulationTime,18.508120303988107
FramaCExecutionTime,39.61733392599854
TotalExecutionTime,584.721780242995
