InputGenerationTime,0.07833635200222488
ProfilingTime,10.3817976729988
SimulationTime,9.284366808002233
FramaCExecutionTime,40.119682856995496
TotalExecutionTime,59.86946092799917
