InputGenerationTime,0.0301166839999496
ProfilingTime,9.973421753000366
SimulationTime,5.143789345000187
FramaCExecutionTime,35.60818583100081
TotalExecutionTime,1324.2090891709995
