InputGenerationTime,0.06024347899983695
ProfilingTime,9.928905398999632
SimulationTime,6.612319685999864
FramaCExecutionTime,37.23784175899982
TotalExecutionTime,119.11583072800022
