InputGenerationTime,0.01758529599464964
ProfilingTime,9.43217195699981
SimulationTime,4.811908281000797
FramaCExecutionTime,36.372605122000095
TotalExecutionTime,65.08021050500247
