InputGenerationTime,0.01594695199310081
ProfilingTime,10.26872852499946
SimulationTime,6.302016818997799
FramaCExecutionTime,46.48600257499493
TotalExecutionTime,712.7152180179983
