InputGenerationTime,0.03238737300853245
ProfilingTime,12.077730510005495
SimulationTime,8.734248288994422
FramaCExecutionTime,43.14403645200946
TotalExecutionTime,666.1881602990034
