InputGenerationTime,0.03158086500002355
ProfilingTime,9.84085526900003
SimulationTime,6.144011360999912
FramaCExecutionTime,36.47446528099999
TotalExecutionTime,520.760318727
