InputGenerationTime,0.03455019700049888
ProfilingTime,10.208444425999915
SimulationTime,6.170174494998719
FramaCExecutionTime,34.927573151000615
TotalExecutionTime,682.8019652570001
