InputGenerationTime,0.02436892400146462
ProfilingTime,16.851071903001866
SimulationTime,9.925174134012195
FramaCExecutionTime,41.515238159990986
TotalExecutionTime,202.1881618579937
