InputGenerationTime,0.06920159800029069
ProfilingTime,10.434283897999194
SimulationTime,5.253496536000966
FramaCExecutionTime,38.74239860200032
TotalExecutionTime,1170.7576853859991
