InputGenerationTime,0.012637748999623
ProfilingTime,11.949230693000573
SimulationTime,47.671544183998776
FramaCExecutionTime,57.36715431099947
TotalExecutionTime,1710.2767997369992
