InputGenerationTime,0.02688553600000887
ProfilingTime,11.46214713900008
SimulationTime,7.100301996999974
FramaCExecutionTime,36.49362706299996
TotalExecutionTime,777.637024268
