InputGenerationTime,0.02879062700048962
ProfilingTime,9.870504170999993
SimulationTime,7.537399841999104
FramaCExecutionTime,37.36917282200011
TotalExecutionTime,533.2365646689996
