InputGenerationTime,0.03914463899855036
ProfilingTime,12.826135003000672
SimulationTime,7.078602159002912
FramaCExecutionTime,48.82799473100022
TotalExecutionTime,613.4712664479957
