InputGenerationTime,0.10154341699671932
ProfilingTime,10.18814922599995
SimulationTime,14.703680377002456
FramaCExecutionTime,42.076754936002544
TotalExecutionTime,2307.9611947069934
