InputGenerationTime,0.11740471799566876
ProfilingTime,10.723002107988577
SimulationTime,80.04143367000506
FramaCExecutionTime,50.78784949700639
TotalExecutionTime,1649.9730475520046
