InputGenerationTime,0.05913997300012852
ProfilingTime,11.253144967999106
SimulationTime,50.50956365099955
FramaCExecutionTime,42.20031672500045
TotalExecutionTime,1031.1019354
