InputGenerationTime,0.10799351200694218
ProfilingTime,10.340371436992427
SimulationTime,7.472312391997548
FramaCExecutionTime,41.71048603999952
TotalExecutionTime,773.0144516909932
