InputGenerationTime,0.06381965599939576
ProfilingTime,10.051721829000599
SimulationTime,5.245828105998953
FramaCExecutionTime,40.0604183079995
TotalExecutionTime,846.5528956060007
