InputGenerationTime,0.06581077299779281
ProfilingTime,22.923686653000914
SimulationTime,15.248782434999157
FramaCExecutionTime,115.83512147400324
TotalExecutionTime,4483.308839645
