InputGenerationTime,0.07971650699983002
ProfilingTime,11.167800242999874
SimulationTime,50.60766427699855
FramaCExecutionTime,40.773911910000606
TotalExecutionTime,2577.9922125539997
