InputGenerationTime,0.02387934099533595
ProfilingTime,14.7965380789974
SimulationTime,54.13650738800061
FramaCExecutionTime,40.29103302399744
TotalExecutionTime,2578.9482786449953
