InputGenerationTime,0.05265666600462282
ProfilingTime,10.378127192998363
SimulationTime,5.954207516995666
FramaCExecutionTime,41.49356549300137
TotalExecutionTime,1092.865386915997
