InputGenerationTime,0.00933023100515129
ProfilingTime,9.475223209999967
SimulationTime,5.384858832003374
FramaCExecutionTime,36.48298437499761
TotalExecutionTime,1228.2135347490039
