InputGenerationTime,0.09784811999998055
ProfilingTime,10.151524975997745
SimulationTime,8.186037232997478
FramaCExecutionTime,41.55466879501182
TotalExecutionTime,1513.809665615001
