InputGenerationTime,0.0154482090001693
ProfilingTime,10.798130573995877
SimulationTime,53.37077793599747
FramaCExecutionTime,48.95317624400195
TotalExecutionTime,5658.738295984993
