InputGenerationTime,0.03064069100219058
ProfilingTime,10.076819966001494
SimulationTime,6.358165356999962
FramaCExecutionTime,34.7892839849992
TotalExecutionTime,530.220642966
