InputGenerationTime,0.02859270799672231
ProfilingTime,12.512143166997703
SimulationTime,56.52426936299889
FramaCExecutionTime,44.789751115997205
TotalExecutionTime,3699.969257981
