InputGenerationTime,0.05377575800230261
ProfilingTime,9.741676607001864
SimulationTime,5.2747160520011676
FramaCExecutionTime,38.171050539000134
TotalExecutionTime,1071.384960024996
