InputGenerationTime,0.03659036000317428
ProfilingTime,11.388087899998936
SimulationTime,7.087484306000988
FramaCExecutionTime,43.33275046799827
TotalExecutionTime,1678.972745233994
