InputGenerationTime,0.01519978199939942
ProfilingTime,10.647446163005952
SimulationTime,5.916316052003822
FramaCExecutionTime,35.97166418199777
TotalExecutionTime,1621.8215891900036
