InputGenerationTime,0.06281015000058687
ProfilingTime,10.377074064001135
SimulationTime,5.831573143999776
FramaCExecutionTime,39.76741987800051
TotalExecutionTime,1330.2413521409999
