InputGenerationTime,0.01758529599464964
ProfilingTime,9.80403608999768
SimulationTime,4.951632053001958
FramaCExecutionTime,36.372605122000095
TotalExecutionTime,181.88316947600106
