InputGenerationTime,0.01781125200795941
ProfilingTime,9.881586521005374
SimulationTime,6.122069696997642
FramaCExecutionTime,33.69016032500076
TotalExecutionTime,1090.6599831089989
