InputGenerationTime,0.07990379400143865
ProfilingTime,10.612315398999272
SimulationTime,6.792448521000551
FramaCExecutionTime,39.39046175999829
TotalExecutionTime,157.10739181200006
