InputGenerationTime,0.08442942600049719
ProfilingTime,9.653200196999933
SimulationTime,6.56812363500012
FramaCExecutionTime,38.66163072400013
TotalExecutionTime,1358.558997866
