InputGenerationTime,0.0223144050000883
ProfilingTime,11.339208172000099
SimulationTime,6.889659746999996
FramaCExecutionTime,35.90068683499999
TotalExecutionTime,1282.705221089
