InputGenerationTime,0.03070392999507021
ProfilingTime,17.712735264998628
SimulationTime,10.168097207002575
FramaCExecutionTime,43.51740340801189
TotalExecutionTime,1031.497934458006
