InputGenerationTime,0.01328051500604488
ProfilingTime,16.12370330900012
SimulationTime,8.199217002998921
FramaCExecutionTime,41.48226086300565
TotalExecutionTime,377.37991999898804
