InputGenerationTime,0.01962254600948654
ProfilingTime,10.72926153500157
SimulationTime,51.506689347996144
FramaCExecutionTime,48.34731471100531
TotalExecutionTime,861.3274453640042
