InputGenerationTime,0.06373837799947069
ProfilingTime,10.474769583000125
SimulationTime,6.846586788999957
FramaCExecutionTime,37.73800484300045
TotalExecutionTime,814.1498076140006
