InputGenerationTime,0.11202836499433033
ProfilingTime,9.495103677007137
SimulationTime,6.735302974993829
FramaCExecutionTime,39.724936091995914
TotalExecutionTime,401.1482208230009
