InputGenerationTime,0.01039334099914413
ProfilingTime,9.90523789600411
SimulationTime,4.857671924000897
FramaCExecutionTime,36.1268426799943
TotalExecutionTime,877.5923992240059
