InputGenerationTime,0.04088580200186698
ProfilingTime,11.763344357997994
SimulationTime,5.9345058649996645
FramaCExecutionTime,46.09346962199925
TotalExecutionTime,684.1834516140007
