InputGenerationTime,0.06592929499993261
ProfilingTime,10.40888938299986
SimulationTime,7.777420682000411
FramaCExecutionTime,40.170672405999994
TotalExecutionTime,58.42545961199994
