InputGenerationTime,0.01647902900003828
ProfilingTime,12.506719486002112
SimulationTime,6.9604444640135625
FramaCExecutionTime,48.37001351900108
TotalExecutionTime,801.2526317360025
