InputGenerationTime,0.0385067209990666
ProfilingTime,9.842876663000425
SimulationTime,5.113372808000349
FramaCExecutionTime,37.904336684001464
TotalExecutionTime,548.6585314820004
