InputGenerationTime,0.10142935998737812
ProfilingTime,10.445578490995103
SimulationTime,49.96922302299936
FramaCExecutionTime,42.27029998799844
TotalExecutionTime,3729.807261338996
