InputGenerationTime,0.10372775399991951
ProfilingTime,12.4742803070003
SimulationTime,50.954333408999446
FramaCExecutionTime,41.57309912600067
TotalExecutionTime,5217.543486295999
