InputGenerationTime,0.01578046099984931
ProfilingTime,9.994417697000017
SimulationTime,6.348232012999915
FramaCExecutionTime,43.47882046399991
TotalExecutionTime,1647.437385174
