InputGenerationTime,0.08934303199930582
ProfilingTime,10.105966004994116
SimulationTime,8.095525722004822
FramaCExecutionTime,40.58022558799712
TotalExecutionTime,442.87730998899497
