InputGenerationTime,0.06674171199847478
ProfilingTime,10.741824654003722
SimulationTime,58.9326651779993
FramaCExecutionTime,40.77649916699738
TotalExecutionTime,2601.2283185149863
