InputGenerationTime,0.01328051500604488
ProfilingTime,16.815844843004015
SimulationTime,8.559919556995737
FramaCExecutionTime,41.48226086300565
TotalExecutionTime,402.78618726099376
