InputGenerationTime,0.05595495499437675
ProfilingTime,11.398546298005385
SimulationTime,6.819271237000066
FramaCExecutionTime,40.309179092000704
TotalExecutionTime,1152.1985793679996
