InputGenerationTime,0.06673658799991244
ProfilingTime,10.207547945999977
SimulationTime,6.257656588999907
FramaCExecutionTime,40.517046983
TotalExecutionTime,607.7986055230003
