InputGenerationTime,0.03211433500109706
ProfilingTime,10.396679981000489
SimulationTime,49.99825019300624
FramaCExecutionTime,39.37306821200036
TotalExecutionTime,1928.9543436780004
