InputGenerationTime,0.0745205179991899
ProfilingTime,9.681051849998767
SimulationTime,6.108594644989353
FramaCExecutionTime,41.4757383850083
TotalExecutionTime,583.0398905900074
