InputGenerationTime,0.05595495499437675
ProfilingTime,11.001331056002527
SimulationTime,6.888367950006796
FramaCExecutionTime,40.309179092000704
TotalExecutionTime,1133.9392976710005
