InputGenerationTime,0.03158086500002355
ProfilingTime,10.240674050999814
SimulationTime,6.303836184999909
FramaCExecutionTime,36.47446528099999
TotalExecutionTime,619.555469605
