InputGenerationTime,0.02927012700092746
ProfilingTime,12.528963550001208
SimulationTime,20.725223065001046
FramaCExecutionTime,59.54822582100314
TotalExecutionTime,784.2840959889982
