InputGenerationTime,0.08479241801251192
ProfilingTime,16.132134444997064
SimulationTime,6.698579215997597
FramaCExecutionTime,41.54485546500655
TotalExecutionTime,723.4944926809985
