InputGenerationTime,0.05692466000073182
ProfilingTime,9.411126080000031
SimulationTime,6.4441805410006054
FramaCExecutionTime,39.214578377999715
TotalExecutionTime,1662.3023740870012
