InputGenerationTime,0.01647902900003828
ProfilingTime,12.75003644300159
SimulationTime,6.762552107000374
FramaCExecutionTime,48.37001351900108
TotalExecutionTime,606.6963149380026
