InputGenerationTime,0.03064069100219058
ProfilingTime,9.889322268998512
SimulationTime,6.009036777999427
FramaCExecutionTime,34.7892839849992
TotalExecutionTime,481.4960768890014
