InputGenerationTime,0.01578046099984931
ProfilingTime,9.847044445999927
SimulationTime,6.22409809099986
FramaCExecutionTime,43.47882046399991
TotalExecutionTime,1631.04970695
