InputGenerationTime,0.06693528000323568
ProfilingTime,10.23898467599065
SimulationTime,51.154225702004624
FramaCExecutionTime,41.80391053999483
TotalExecutionTime,5790.330684177003
