InputGenerationTime,0.03220963099738583
ProfilingTime,9.71678883900313
SimulationTime,5.108584274996247
FramaCExecutionTime,35.3322548990036
TotalExecutionTime,1488.5612041700006
