InputGenerationTime,0.02436892400146462
ProfilingTime,15.129007274998003
SimulationTime,7.259811751006055
FramaCExecutionTime,41.515238159990986
TotalExecutionTime,224.60337225599505
