InputGenerationTime,0.06190480099940032
ProfilingTime,10.744847030000528
SimulationTime,6.768714211999395
FramaCExecutionTime,40.04177317700123
TotalExecutionTime,745.6926454780005
