InputGenerationTime,0.10100196998973843
ProfilingTime,10.108586846996332
SimulationTime,11.36977360099263
FramaCExecutionTime,42.211014248998254
TotalExecutionTime,646.8850144649914
