InputGenerationTime,0.02140154999869992
ProfilingTime,22.769800624999334
SimulationTime,17.584206765997806
FramaCExecutionTime,121.4568781320013
TotalExecutionTime,1794.317164707998
