InputGenerationTime,0.02131568200275069
ProfilingTime,10.354539614003443
SimulationTime,2.865608007006813
FramaCExecutionTime,37.40565201899881
TotalExecutionTime,741.5686195410017
