InputGenerationTime,0.03125360700141755
ProfilingTime,15.20701377899968
SimulationTime,9.0316564929999
FramaCExecutionTime,56.99454582999897
TotalExecutionTime,1779.4449178270006
