InputGenerationTime,0.01725929699932749
ProfilingTime,9.509425248999833
SimulationTime,5.998196524000377
FramaCExecutionTime,34.431736876000286
TotalExecutionTime,991.4730082019996
