InputGenerationTime,0.07492488600109937
ProfilingTime,10.799242213004618
SimulationTime,6.697718476003502
FramaCExecutionTime,42.08125151599961
TotalExecutionTime,1269.744943163998
