InputGenerationTime,0.0745205179991899
ProfilingTime,10.022822123006335
SimulationTime,6.547911755013047
FramaCExecutionTime,41.4757383850083
TotalExecutionTime,664.8083839739993
