InputGenerationTime,0.10142935998737812
ProfilingTime,10.524583853999502
SimulationTime,50.184773146000225
FramaCExecutionTime,42.27029998799844
TotalExecutionTime,3991.9577765959984
