InputGenerationTime,0.01207756999792764
ProfilingTime,10.092464531000587
SimulationTime,51.118523577002634
FramaCExecutionTime,45.69947358400168
TotalExecutionTime,2984.463599192004
