InputGenerationTime,0.0738430739947944
ProfilingTime,11.410787975997664
SimulationTime,8.129147492007178
FramaCExecutionTime,42.79753851800342
TotalExecutionTime,2147.327211470001
