InputGenerationTime,0.02879062700048962
ProfilingTime,10.142120371000601
SimulationTime,7.679821427000206
FramaCExecutionTime,37.36917282200011
TotalExecutionTime,551.102457723
