InputGenerationTime,0.05913997300012852
ProfilingTime,10.829013293999196
SimulationTime,50.04740083900015
FramaCExecutionTime,42.20031672500045
TotalExecutionTime,352.1858381740003
