InputGenerationTime,0.02354438200018194
ProfilingTime,10.199414085999706
SimulationTime,5.573022597999625
FramaCExecutionTime,36.64489351900011
TotalExecutionTime,717.844559912
