InputGenerationTime,0.05377575800230261
ProfilingTime,13.086181710998062
SimulationTime,8.299106401005702
FramaCExecutionTime,38.171050539000134
TotalExecutionTime,1142.3350430509963
