InputGenerationTime,0.06297201899724314
ProfilingTime,10.580601868001395
SimulationTime,51.51704570500442
FramaCExecutionTime,39.85762919300032
TotalExecutionTime,164.22554960699927
