InputGenerationTime,0.00968929698865395
ProfilingTime,14.141296714995406
SimulationTime,53.09114324300026
FramaCExecutionTime,48.13642818399239
TotalExecutionTime,2699.122774610005
