InputGenerationTime,0.07258483800069371
ProfilingTime,10.293970079000246
SimulationTime,6.063311070999589
FramaCExecutionTime,38.576597549000326
TotalExecutionTime,87.65225139500035
