InputGenerationTime,0.03469175999998697
ProfilingTime,12.80284372999995
SimulationTime,6.924723385000107
FramaCExecutionTime,61.06725525799993
TotalExecutionTime,993.5802634560005
