InputGenerationTime,0.06581077299779281
ProfilingTime,22.597523424999963
SimulationTime,14.969398818000627
FramaCExecutionTime,115.83512147400324
TotalExecutionTime,4520.989963864999
