InputGenerationTime,0.07852797899977304
ProfilingTime,10.808731406010338
SimulationTime,11.796282715004054
FramaCExecutionTime,48.29240481999295
TotalExecutionTime,750.9626137229934
