InputGenerationTime,0.09801700900061405
ProfilingTime,10.679803790000733
SimulationTime,50.13333235900063
FramaCExecutionTime,38.37650828900041
TotalExecutionTime,3344.6072438089996
