InputGenerationTime,0.06190480099940032
ProfilingTime,10.794097519999923
SimulationTime,6.653408955999112
FramaCExecutionTime,40.04177317700123
TotalExecutionTime,780.5003320209998
