InputGenerationTime,0.02121638599783182
ProfilingTime,13.49124638500507
SimulationTime,7.175676742001087
FramaCExecutionTime,42.12937589098874
TotalExecutionTime,1381.4296935629973
