InputGenerationTime,0.02377328900183784
ProfilingTime,10.112804210999457
SimulationTime,5.749022907999461
FramaCExecutionTime,35.40231949600275
TotalExecutionTime,911.5992121740001
