InputGenerationTime,0.11740471799566876
ProfilingTime,10.703133357994375
SimulationTime,84.72887620799884
FramaCExecutionTime,50.78784949700639
TotalExecutionTime,2377.1624111880083
