InputGenerationTime,0.01848810700175818
ProfilingTime,9.673446722998051
SimulationTime,5.020060711001861
FramaCExecutionTime,35.19626918999711
TotalExecutionTime,815.2090055619992
