InputGenerationTime,0.0207994360007433
ProfilingTime,9.599170011000751
SimulationTime,4.898979964999853
FramaCExecutionTime,34.9967234679998
TotalExecutionTime,841.1113900950004
