InputGenerationTime,0.05595495499437675
ProfilingTime,11.799093642002845
SimulationTime,6.972944975997962
FramaCExecutionTime,40.309179092000704
TotalExecutionTime,1320.0714505379947
