InputGenerationTime,0.02583890700043412
ProfilingTime,10.51664014000562
SimulationTime,51.06843865100382
FramaCExecutionTime,39.279005670003244
TotalExecutionTime,5574.119176756998
