InputGenerationTime,0.07123787500131584
ProfilingTime,12.056173961998866
SimulationTime,5.873446098999921
FramaCExecutionTime,41.87460094400012
TotalExecutionTime,355.7613766510003
