InputGenerationTime,0.04271512100240216
ProfilingTime,42.02618104800058
SimulationTime,27.167428564000147
FramaCExecutionTime,140.39492750800127
TotalExecutionTime,3612.8358908679984
