InputGenerationTime,0.03238737300853245
ProfilingTime,11.236336924004718
SimulationTime,7.388735057000304
FramaCExecutionTime,43.14403645200946
TotalExecutionTime,684.8501639269962
