InputGenerationTime,0.02927012700092746
ProfilingTime,13.635555815999396
SimulationTime,22.118591923001077
FramaCExecutionTime,59.54822582100314
TotalExecutionTime,820.109378920999
