InputGenerationTime,0.02485292500932701
ProfilingTime,11.858597113998258
SimulationTime,8.059918145998381
FramaCExecutionTime,41.027538213995285
TotalExecutionTime,1422.853041647002
