InputGenerationTime,0.02931866299999797
ProfilingTime,10.489911764999988
SimulationTime,53.31639545500002
FramaCExecutionTime,39.656589833
TotalExecutionTime,1353.081670466
