InputGenerationTime,0.01344646500365343
ProfilingTime,11.335262679000152
SimulationTime,54.428993597000954
FramaCExecutionTime,41.5655235019949
TotalExecutionTime,3884.3694612139952
