InputGenerationTime,0.012637748999623
ProfilingTime,12.106379857999855
SimulationTime,48.10588343700147
FramaCExecutionTime,57.36715431099947
TotalExecutionTime,1770.5102049319994
