InputGenerationTime,0.03064069100219058
ProfilingTime,9.8538378129997
SimulationTime,5.839113698999427
FramaCExecutionTime,34.7892839849992
TotalExecutionTime,830.9931077270012
