InputGenerationTime,0.10100196998973843
ProfilingTime,10.418509265000466
SimulationTime,11.488061010008096
FramaCExecutionTime,42.211014248998254
TotalExecutionTime,668.8711650689947
