InputGenerationTime,0.01594695199310081
ProfilingTime,9.99471353500121
SimulationTime,5.968891681004607
FramaCExecutionTime,46.48600257499493
TotalExecutionTime,861.3557385189997
