InputGenerationTime,0.07460761899710633
ProfilingTime,10.70250504600699
SimulationTime,15.23752922800486
FramaCExecutionTime,39.61733392599854
TotalExecutionTime,610.7033135839883
