InputGenerationTime,0.00947702000848949
ProfilingTime,12.927037788002053
SimulationTime,52.651652389991796
FramaCExecutionTime,47.984905517994775
TotalExecutionTime,3299.819290653002
