InputGenerationTime,0.07322397099778755
ProfilingTime,9.866512921005778
SimulationTime,5.802432286000112
FramaCExecutionTime,39.72697308399802
TotalExecutionTime,1432.1198649729995
