InputGenerationTime,0.06281015000058687
ProfilingTime,9.940635850000035
SimulationTime,4.9625965999985056
FramaCExecutionTime,39.76741987800051
TotalExecutionTime,1345.179562891999
