InputGenerationTime,0.07460761899710633
ProfilingTime,10.567561004994786
SimulationTime,15.35996045799402
FramaCExecutionTime,39.61733392599854
TotalExecutionTime,490.06795036299445
