InputGenerationTime,0.02927012700092746
ProfilingTime,12.042698852998
SimulationTime,20.725527036996937
FramaCExecutionTime,59.54822582100314
TotalExecutionTime,852.9228883189971
