InputGenerationTime,0.02485292500932701
ProfilingTime,11.162075362008181
SimulationTime,7.620174859999679
FramaCExecutionTime,41.027538213995285
TotalExecutionTime,1094.7809879569977
