InputGenerationTime,0.10154341699671932
ProfilingTime,9.891844824989676
SimulationTime,13.903142209994257
FramaCExecutionTime,42.076754936002544
TotalExecutionTime,2139.000871211989
