InputGenerationTime,0.0207994360007433
ProfilingTime,9.691726752999784
SimulationTime,5.175568053999996
FramaCExecutionTime,34.9967234679998
TotalExecutionTime,960.1571117949998
