InputGenerationTime,0.03220963099738583
ProfilingTime,9.84413818599569
SimulationTime,5.343761063995771
FramaCExecutionTime,35.3322548990036
TotalExecutionTime,1444.0407259519998
