InputGenerationTime,0.06190480099940032
ProfilingTime,10.141028557000027
SimulationTime,6.6953215039993665
FramaCExecutionTime,40.04177317700123
TotalExecutionTime,674.9242644999995
