InputGenerationTime,0.07971650699983002
ProfilingTime,10.880092250001326
SimulationTime,48.712436935998994
FramaCExecutionTime,40.773911910000606
TotalExecutionTime,1638.3756258430003
