InputGenerationTime,0.10799351200694218
ProfilingTime,10.413114987008157
SimulationTime,7.575401661000797
FramaCExecutionTime,41.71048603999952
TotalExecutionTime,737.1266934070009
