InputGenerationTime,0.06373837799947069
ProfilingTime,9.893586540999422
SimulationTime,6.403667594000581
FramaCExecutionTime,37.73800484300045
TotalExecutionTime,502.20741367400024
