InputGenerationTime,0.057158976997016
ProfilingTime,10.150134080999123
SimulationTime,8.681455589001416
FramaCExecutionTime,37.9393298319992
TotalExecutionTime,174.82696197900077
