InputGenerationTime,0.10177876400121022
ProfilingTime,10.0352056529955
SimulationTime,7.175920363006298
FramaCExecutionTime,40.503118693988654
TotalExecutionTime,1111.807431149995
