InputGenerationTime,0.07630812800016429
ProfilingTime,10.612138571999822
SimulationTime,7.137913806000142
FramaCExecutionTime,39.353945180000665
TotalExecutionTime,418.2176471870007
