InputGenerationTime,0.10372775399991951
ProfilingTime,10.55094289599947
SimulationTime,50.210471111000516
FramaCExecutionTime,41.57309912600067
TotalExecutionTime,4783.396136525
