InputGenerationTime,0.01848810700175818
ProfilingTime,9.964679860000615
SimulationTime,4.949632294999901
FramaCExecutionTime,35.19626918999711
TotalExecutionTime,948.2865840939994
