InputGenerationTime,0.11202836499433033
ProfilingTime,10.506918425002368
SimulationTime,6.929120931003126
FramaCExecutionTime,39.724936091995914
TotalExecutionTime,157.14360147799016
