InputGenerationTime,0.02358301000094798
ProfilingTime,9.938611051999032
SimulationTime,5.4802294410001196
FramaCExecutionTime,34.802208841998436
TotalExecutionTime,359.19701359400096
