InputGenerationTime,0.02632365800673142
ProfilingTime,10.84141951899801
SimulationTime,9.428301509993616
FramaCExecutionTime,39.77912241400918
TotalExecutionTime,985.2453777220071
