InputGenerationTime,0.01951889699921594
ProfilingTime,9.827077181998902
SimulationTime,4.9904030060006335
FramaCExecutionTime,35.60998623500018
TotalExecutionTime,198.4518282279987
