InputGenerationTime,0.01207756999792764
ProfilingTime,10.566088806001062
SimulationTime,51.9072554519953
FramaCExecutionTime,45.69947358400168
TotalExecutionTime,2923.225748724999
