InputGenerationTime,0.03238737300853245
ProfilingTime,12.294752590998542
SimulationTime,8.477267567999661
FramaCExecutionTime,43.14403645200946
TotalExecutionTime,841.6096426690056
