InputGenerationTime,0.04750419400079409
ProfilingTime,18.996429976003128
SimulationTime,12.057812751998426
FramaCExecutionTime,91.2054417679974
TotalExecutionTime,829.7668818569946
