InputGenerationTime,0.07467210799222812
ProfilingTime,9.850965384001029
SimulationTime,7.34495550399879
FramaCExecutionTime,39.828040738997515
TotalExecutionTime,1518.3765800519905
