InputGenerationTime,0.0500389670014556
ProfilingTime,23.907908195000346
SimulationTime,17.774346359998162
FramaCExecutionTime,110.98379368699898
TotalExecutionTime,3038.5217897059993
