InputGenerationTime,0.02234565999242477
ProfilingTime,11.285028444006457
SimulationTime,54.681921169001726
FramaCExecutionTime,39.94511723800679
TotalExecutionTime,5335.587351613998
