InputGenerationTime,0.01951889699921594
ProfilingTime,9.865165846998934
SimulationTime,4.960748491001141
FramaCExecutionTime,35.60998623500018
TotalExecutionTime,303.14710760100024
