InputGenerationTime,0.00933023100515129
ProfilingTime,9.353881887996977
SimulationTime,5.261058424999646
FramaCExecutionTime,36.48298437499761
TotalExecutionTime,1153.991146802
