InputGenerationTime,0.02879062700048962
ProfilingTime,10.314284803998817
SimulationTime,7.358205147998888
FramaCExecutionTime,37.36917282200011
TotalExecutionTime,747.0415313109997
