InputGenerationTime,0.01267333799842163
ProfilingTime,9.721037360999617
SimulationTime,46.879086457000085
FramaCExecutionTime,34.714407606999885
TotalExecutionTime,1454.348896600999
