InputGenerationTime,0.09513172299193684
ProfilingTime,10.433355382003356
SimulationTime,50.22184683798696
FramaCExecutionTime,42.57547555399651
TotalExecutionTime,4812.542285434989
