InputGenerationTime,0.01594695199310081
ProfilingTime,10.628239240999392
SimulationTime,6.562878008997359
FramaCExecutionTime,46.48600257499493
TotalExecutionTime,729.9632104699995
