InputGenerationTime,0.02471806799985643
ProfilingTime,9.947373184999833
SimulationTime,6.043334434999906
FramaCExecutionTime,36.439571203000014
TotalExecutionTime,52.465652954999996
