InputGenerationTime,0.05998602900035621
ProfilingTime,10.257121389000531
SimulationTime,6.1457417359997635
FramaCExecutionTime,38.65595949999988
TotalExecutionTime,1165.6029151530001
