InputGenerationTime,0.01165099699574057
ProfilingTime,9.581593598006293
SimulationTime,6.0233372579969
FramaCExecutionTime,33.58243524499994
TotalExecutionTime,1342.5419779899967
