InputGenerationTime,0.01848810700175818
ProfilingTime,9.671671542004333
SimulationTime,4.910467844005325
FramaCExecutionTime,35.19626918999711
TotalExecutionTime,800.4771507999976
