InputGenerationTime,0.0171071029981249
ProfilingTime,13.108590135001577
SimulationTime,6.766666677998728
FramaCExecutionTime,49.93881574000261
TotalExecutionTime,88.93121710800187
