InputGenerationTime,0.11202836499433033
ProfilingTime,9.910811513997032
SimulationTime,6.247599659996922
FramaCExecutionTime,39.724936091995914
TotalExecutionTime,88.93147085400415
