InputGenerationTime,0.03220963099738583
ProfilingTime,9.936720598001557
SimulationTime,5.342113724000228
FramaCExecutionTime,35.3322548990036
TotalExecutionTime,1413.7395194109995
