InputGenerationTime,0.01333866200002376
ProfilingTime,10.542010197008494
SimulationTime,5.794877606007503
FramaCExecutionTime,48.59325111399812
TotalExecutionTime,946.2401239489991
