InputGenerationTime,0.02624188499612501
ProfilingTime,10.474087244998373
SimulationTime,5.836654575003195
FramaCExecutionTime,71.5697110770052
TotalExecutionTime,1372.4077995920015
