InputGenerationTime,0.01908354100305587
ProfilingTime,9.66101146100118
SimulationTime,5.320425706999231
FramaCExecutionTime,45.59387044799951
TotalExecutionTime,744.7448440539993
