InputGenerationTime,0.06693528000323568
ProfilingTime,11.052658562999568
SimulationTime,52.03557454800466
FramaCExecutionTime,41.80391053999483
TotalExecutionTime,5210.981183324002
