InputGenerationTime,0.02493770999899425
ProfilingTime,9.3513910749989
SimulationTime,6.024953855001513
FramaCExecutionTime,35.02617612699942
TotalExecutionTime,1287.2076359849998
