InputGenerationTime,0.02881482700104243
ProfilingTime,12.514723419000802
SimulationTime,16.649840898000548
FramaCExecutionTime,55.802621858998464
TotalExecutionTime,1258.090068280002
