InputGenerationTime,0.09784811999998055
ProfilingTime,10.387249317995156
SimulationTime,8.71363048600324
FramaCExecutionTime,41.55466879501182
TotalExecutionTime,1460.374333478001
