InputGenerationTime,0.01730999299979885
ProfilingTime,11.409513614999014
SimulationTime,5.456890265002585
FramaCExecutionTime,44.544735395000316
TotalExecutionTime,165.0013213880011
