InputGenerationTime,0.07460761899710633
ProfilingTime,9.79230903100688
SimulationTime,15.292403537008795
FramaCExecutionTime,39.61733392599854
TotalExecutionTime,89.50430690399662
