InputGenerationTime,0.01908354100305587
ProfilingTime,9.850746205000178
SimulationTime,5.2044464650025475
FramaCExecutionTime,45.59387044799951
TotalExecutionTime,715.0436608269993
