InputGenerationTime,0.0590006890015502
ProfilingTime,25.22399352299908
SimulationTime,26.419664899000054
FramaCExecutionTime,113.22399641499942
TotalExecutionTime,4310.685431678998
