InputGenerationTime,0.02227763999690069
ProfilingTime,11.319150287999946
SimulationTime,7.900570766003511
FramaCExecutionTime,40.6428507610035
TotalExecutionTime,781.2984802079955
