InputGenerationTime,0.02859270799672231
ProfilingTime,11.761006959997758
SimulationTime,56.159779294001055
FramaCExecutionTime,44.789751115997205
TotalExecutionTime,4423.054056861001
