InputGenerationTime,0.11479880199476611
ProfilingTime,10.132131453996408
SimulationTime,9.179082717993879
FramaCExecutionTime,42.08872573199915
TotalExecutionTime,1553.3128826949978
