InputGenerationTime,0.01848810700175818
ProfilingTime,9.560624875994108
SimulationTime,4.811997126998904
FramaCExecutionTime,35.19626918999711
TotalExecutionTime,903.3282993879984
