InputGenerationTime,0.07971650699983002
ProfilingTime,11.205492189001234
SimulationTime,49.88345282900082
FramaCExecutionTime,40.773911910000606
TotalExecutionTime,2761.200408672001
