InputGenerationTime,0.01121654300368391
ProfilingTime,11.941466283999034
SimulationTime,6.479674829999567
FramaCExecutionTime,48.89147891699395
TotalExecutionTime,1816.7803802059934
