InputGenerationTime,0.01039334099914413
ProfilingTime,9.849287595003261
SimulationTime,5.031546963000437
FramaCExecutionTime,36.1268426799943
TotalExecutionTime,1029.3383275820015
