InputGenerationTime,0.05377575800230261
ProfilingTime,9.740390522994858
SimulationTime,5.227235701000609
FramaCExecutionTime,38.171050539000134
TotalExecutionTime,929.8091153549976
