InputGenerationTime,0.07484678299806546
ProfilingTime,10.773323333996814
SimulationTime,6.9330766100028995
FramaCExecutionTime,41.74371946800238
TotalExecutionTime,1621.2426536130006
