InputGenerationTime,0.01207756999792764
ProfilingTime,10.705685171997175
SimulationTime,52.42613906800398
FramaCExecutionTime,45.69947358400168
TotalExecutionTime,2154.811933036999
