InputGenerationTime,0.06687718700050027
ProfilingTime,10.072365781999906
SimulationTime,6.891939032999289
FramaCExecutionTime,39.48932267499913
TotalExecutionTime,612.1864961580013
