InputGenerationTime,0.03168364300108806
ProfilingTime,10.257568548999188
SimulationTime,5.260198692998529
FramaCExecutionTime,52.581870406000235
TotalExecutionTime,803.7367691020008
