InputGenerationTime,0.10799351200694218
ProfilingTime,13.4850434819964
SimulationTime,9.379028447001474
FramaCExecutionTime,41.71048603999952
TotalExecutionTime,795.9215477959951
