InputGenerationTime,0.03070392999507021
ProfilingTime,14.341746961988974
SimulationTime,7.3752487520105205
FramaCExecutionTime,43.51740340801189
TotalExecutionTime,1127.2981669089932
