InputGenerationTime,0.10177876400121022
ProfilingTime,10.197796198001015
SimulationTime,7.483659227000317
FramaCExecutionTime,40.503118693988654
TotalExecutionTime,1042.8200997940003
