InputGenerationTime,0.0207994360007433
ProfilingTime,9.791372114000296
SimulationTime,5.136016038999514
FramaCExecutionTime,34.9967234679998
TotalExecutionTime,1020.3080854400005
