InputGenerationTime,0.06281015000058687
ProfilingTime,9.363467133000086
SimulationTime,4.5831772229994385
FramaCExecutionTime,39.76741987800051
TotalExecutionTime,1579.6259498090003
