InputGenerationTime,0.01974974999029655
ProfilingTime,16.54939151999133
SimulationTime,55.89978664800583
FramaCExecutionTime,46.534168247992056
TotalExecutionTime,5912.35510139
