InputGenerationTime,0.06190480099940032
ProfilingTime,10.133378179998545
SimulationTime,6.368615712000974
FramaCExecutionTime,40.04177317700123
TotalExecutionTime,488.5794522260003
