InputGenerationTime,0.0223144050000883
ProfilingTime,11.482350577000034
SimulationTime,7.210565101000157
FramaCExecutionTime,35.90068683499999
TotalExecutionTime,1227.702076331
