InputGenerationTime,0.02938545899814926
ProfilingTime,10.418855404997885
SimulationTime,6.384788567003852
FramaCExecutionTime,38.626025493998895
TotalExecutionTime,16256.355133617999
