InputGenerationTime,0.03659036000317428
ProfilingTime,11.260229753999738
SimulationTime,6.799338256998453
FramaCExecutionTime,43.33275046799827
TotalExecutionTime,1439.0759825339992
