InputGenerationTime,0.03125360700141755
ProfilingTime,11.823543972997868
SimulationTime,17.561134953000874
FramaCExecutionTime,56.99454582999897
TotalExecutionTime,1944.628842459002
