InputGenerationTime,0.08934303199930582
ProfilingTime,9.689175867009908
SimulationTime,7.987842861999525
FramaCExecutionTime,40.58022558799712
TotalExecutionTime,479.9155798940046
