InputGenerationTime,0.03469175999998697
ProfilingTime,12.76170022000042
SimulationTime,7.093067263998819
FramaCExecutionTime,61.06725525799993
TotalExecutionTime,1032.6148412490002
