InputGenerationTime,0.12183218299469445
ProfilingTime,9.925960077991476
SimulationTime,59.10595888199168
FramaCExecutionTime,43.303145281999605
TotalExecutionTime,112.46453722300066
