InputGenerationTime,0.00947702000848949
ProfilingTime,14.84603135602083
SimulationTime,58.35198122600559
FramaCExecutionTime,47.984905517994775
TotalExecutionTime,4447.771162366989
