InputGenerationTime,0.0341274840029655
ProfilingTime,9.787446285001351
SimulationTime,6.80575503
FramaCExecutionTime,37.64829516099417
TotalExecutionTime,586.580734372008
