InputGenerationTime,0.01003517399658449
ProfilingTime,14.646979238001222
SimulationTime,7.158630562000326
FramaCExecutionTime,46.60673828200379
TotalExecutionTime,420.3621152350024
