InputGenerationTime,0.02306895500078099
ProfilingTime,10.545290177000425
SimulationTime,5.356044231000851
FramaCExecutionTime,45.48063135499979
TotalExecutionTime,732.8810923169985
