InputGenerationTime,0.04750419400079409
ProfilingTime,21.702406989999872
SimulationTime,23.091527431999566
FramaCExecutionTime,91.2054417679974
TotalExecutionTime,349.6451995059979
