InputGenerationTime,0.03659036000317428
ProfilingTime,11.349906174997159
SimulationTime,6.908135391997348
FramaCExecutionTime,43.33275046799827
TotalExecutionTime,1808.2904444140004
