InputGenerationTime,0.0301440870098304
ProfilingTime,11.350935947004473
SimulationTime,15.829783609995502
FramaCExecutionTime,39.158365137991495
TotalExecutionTime,1364.795961306998
