InputGenerationTime,0.0154482090001693
ProfilingTime,11.296064916998148
SimulationTime,53.81255781100481
FramaCExecutionTime,48.95317624400195
TotalExecutionTime,5594.541258138997
