InputGenerationTime,0.03753126999072265
ProfilingTime,9.459514942005626
SimulationTime,9.399961232993519
FramaCExecutionTime,36.719459897998604
TotalExecutionTime,1854.2641578199982
