InputGenerationTime,0.0301166839999496
ProfilingTime,9.913914316000955
SimulationTime,5.204596411000239
FramaCExecutionTime,35.60818583100081
TotalExecutionTime,1339.3563767309988
