InputGenerationTime,0.09763066199957393
ProfilingTime,10.171291008999106
SimulationTime,6.613200630999927
FramaCExecutionTime,40.35617790700053
TotalExecutionTime,554.1544391890056
