InputGenerationTime,0.01962254600948654
ProfilingTime,11.040914627999882
SimulationTime,51.25153464100731
FramaCExecutionTime,48.34731471100531
TotalExecutionTime,359.2486559259996
