InputGenerationTime,0.0500389670014556
ProfilingTime,30.158468140001787
SimulationTime,19.70821813800285
FramaCExecutionTime,110.98379368699898
TotalExecutionTime,2996.764024961998
