InputGenerationTime,0.06592929499993261
ProfilingTime,10.837092602000212
SimulationTime,8.438605858000301
FramaCExecutionTime,40.170672405999994
TotalExecutionTime,422.9129313630001
