InputGenerationTime,0.02121638599783182
ProfilingTime,12.935354628003552
SimulationTime,7.006695563002722
FramaCExecutionTime,42.12937589098874
TotalExecutionTime,1292.4855814180046
