InputGenerationTime,0.09513172299193684
ProfilingTime,10.088439411993022
SimulationTime,49.421847924997564
FramaCExecutionTime,42.57547555399651
TotalExecutionTime,4572.569792570997
