InputGenerationTime,0.08479241801251192
ProfilingTime,10.14295165000658
SimulationTime,6.64905476399872
FramaCExecutionTime,41.54485546500655
TotalExecutionTime,566.5774467849988
