InputGenerationTime,0.07647114399878774
ProfilingTime,10.499697867999203
SimulationTime,37.07571883199853
FramaCExecutionTime,39.74868804399739
TotalExecutionTime,776.0244167839992
