InputGenerationTime,0.03158086500002355
ProfilingTime,10.088794746999838
SimulationTime,6.518297943000107
FramaCExecutionTime,36.47446528099999
TotalExecutionTime,719.0251833890001
