InputGenerationTime,0.02305058599813492
ProfilingTime,12.484974667000643
SimulationTime,7.628183396998793
FramaCExecutionTime,58.556756318001135
TotalExecutionTime,156.69037895899964
