InputGenerationTime,0.01647902900003828
ProfilingTime,13.991095306002535
SimulationTime,6.75956257400685
FramaCExecutionTime,48.37001351900108
TotalExecutionTime,919.5743518560048
