InputGenerationTime,0.11879277000844013
ProfilingTime,10.829458389998763
SimulationTime,51.06441073300084
FramaCExecutionTime,41.30239897700085
TotalExecutionTime,537.4883845089935
