InputGenerationTime,0.05706629699852783
ProfilingTime,10.353370494005503
SimulationTime,6.620117067999672
FramaCExecutionTime,40.58814870099741
TotalExecutionTime,177.71409343199775
