InputGenerationTime,0.07833635200222488
ProfilingTime,10.273020954999083
SimulationTime,9.415939643993624
FramaCExecutionTime,40.119682856995496
TotalExecutionTime,99.4106816919957
