InputGenerationTime,0.01695346001361031
ProfilingTime,13.951926292007556
SimulationTime,54.049477210995974
FramaCExecutionTime,51.14702446399315
TotalExecutionTime,582.5638653450005
