InputGenerationTime,0.01306821499929356
ProfilingTime,11.506686449998597
SimulationTime,5.606873918000929
FramaCExecutionTime,36.68536588400093
TotalExecutionTime,406.18313750200105
