InputGenerationTime,0.0159012049989542
ProfilingTime,10.472304456001439
SimulationTime,5.862576583000191
FramaCExecutionTime,48.892538050997246
TotalExecutionTime,736.1216339899984
