InputGenerationTime,0.01543552200018894
ProfilingTime,17.286637420998886
SimulationTime,55.89027242700104
FramaCExecutionTime,39.881633352997596
TotalExecutionTime,1144.5667427669978
