InputGenerationTime,0.0159012049989542
ProfilingTime,10.28033215799951
SimulationTime,5.490895704002469
FramaCExecutionTime,48.892538050997246
TotalExecutionTime,672.302581805001
