InputGenerationTime,0.02471806799985643
ProfilingTime,10.118450504000066
SimulationTime,6.298144325000067
FramaCExecutionTime,36.439571203000014
TotalExecutionTime,245.43616356500002
