InputGenerationTime,0.04653632100234972
ProfilingTime,11.028361589997075
SimulationTime,51.865151550009614
FramaCExecutionTime,41.64242968399776
TotalExecutionTime,4295.406162980005
