InputGenerationTime,0.05998602900035621
ProfilingTime,10.489723061000404
SimulationTime,5.732693776000815
FramaCExecutionTime,38.65595949999988
TotalExecutionTime,1229.7517783290004
