InputGenerationTime,0.10177876400121022
ProfilingTime,10.384355859001516
SimulationTime,7.186290508005186
FramaCExecutionTime,40.503118693988654
TotalExecutionTime,1308.1176851639902
