InputGenerationTime,0.01882177800143836
ProfilingTime,9.993477570002142
SimulationTime,5.861773354001343
FramaCExecutionTime,52.14162661100272
TotalExecutionTime,2057.4321636329987
