InputGenerationTime,0.01543552200018894
ProfilingTime,15.088372252997942
SimulationTime,53.89637861499796
FramaCExecutionTime,39.881633352997596
TotalExecutionTime,1380.1280329309957
