InputGenerationTime,0.0159012049989542
ProfilingTime,10.585095978996833
SimulationTime,6.0943231800047215
FramaCExecutionTime,48.892538050997246
TotalExecutionTime,752.8454856489989
