InputGenerationTime,0.02624188499612501
ProfilingTime,9.941314436000539
SimulationTime,5.700476632999198
FramaCExecutionTime,71.5697110770052
TotalExecutionTime,1257.2374061219962
