InputGenerationTime,0.02827716300089378
ProfilingTime,13.047884471001453
SimulationTime,7.195321313000022
FramaCExecutionTime,39.25252934300079
TotalExecutionTime,828.1071744889996
