InputGenerationTime,0.0852646759885829
ProfilingTime,10.50287930999184
SimulationTime,91.09689566600719
FramaCExecutionTime,42.89104297501035
TotalExecutionTime,2493.3517630279966
