InputGenerationTime,0.02140154999869992
ProfilingTime,22.432019825999305
SimulationTime,15.172276478999265
FramaCExecutionTime,121.4568781320013
TotalExecutionTime,2291.864858576999
