InputGenerationTime,0.10799351200694218
ProfilingTime,9.90735538599256
SimulationTime,7.047538639002596
FramaCExecutionTime,41.71048603999952
TotalExecutionTime,527.3490405710036
