InputGenerationTime,0.02927012700092746
ProfilingTime,12.193728220001503
SimulationTime,20.970883729998604
FramaCExecutionTime,59.54822582100314
TotalExecutionTime,459.9187745449999
