InputGenerationTime,0.01306821499929356
ProfilingTime,12.214800437999656
SimulationTime,6.452771159001713
FramaCExecutionTime,36.68536588400093
TotalExecutionTime,351.8902210750002
