InputGenerationTime,0.07990379400143865
ProfilingTime,10.779779263999444
SimulationTime,6.531510819000687
FramaCExecutionTime,39.39046175999829
TotalExecutionTime,415.5431923560009
