InputGenerationTime,0.07852797899977304
ProfilingTime,11.304122474000906
SimulationTime,13.18560313800117
FramaCExecutionTime,48.29240481999295
TotalExecutionTime,799.847132911993
