InputGenerationTime,0.01974974999029655
ProfilingTime,16.801867500995286
SimulationTime,55.17035915800079
FramaCExecutionTime,46.534168247992056
TotalExecutionTime,5984.370561377
