InputGenerationTime,0.01695346001361031
ProfilingTime,12.519468929996947
SimulationTime,52.454203311004676
FramaCExecutionTime,51.14702446399315
TotalExecutionTime,251.75839191999694
