InputGenerationTime,0.01003517399658449
ProfilingTime,12.939056325005367
SimulationTime,6.73539788400376
FramaCExecutionTime,46.60673828200379
TotalExecutionTime,199.7907301009982
