InputGenerationTime,0.02154857700043067
ProfilingTime,10.492367953998837
SimulationTime,48.57599791299981
FramaCExecutionTime,36.822960536999744
TotalExecutionTime,1507.7075691660011
