InputGenerationTime,0.03070392999507021
ProfilingTime,15.395107878008275
SimulationTime,7.8811444619932445
FramaCExecutionTime,43.51740340801189
TotalExecutionTime,950.3626514719945
