InputGenerationTime,0.02306973400118295
ProfilingTime,9.839934584999355
SimulationTime,47.56084544499936
FramaCExecutionTime,34.95365613299873
TotalExecutionTime,780.6613511369997
