InputGenerationTime,0.06281015000058687
ProfilingTime,10.019053697000345
SimulationTime,5.499206935999609
FramaCExecutionTime,39.76741987800051
TotalExecutionTime,1392.3976795750004
