InputGenerationTime,0.10372775399991951
ProfilingTime,11.425924273000419
SimulationTime,51.20412340900111
FramaCExecutionTime,41.57309912600067
TotalExecutionTime,4660.221470326
