InputGenerationTime,0.06097441100064316
ProfilingTime,10.766874918001122
SimulationTime,49.269859650998114
FramaCExecutionTime,39.61232570200082
TotalExecutionTime,2665.7535430180033
