InputGenerationTime,0.11015815800055861
ProfilingTime,11.377756108995527
SimulationTime,51.54604346200358
FramaCExecutionTime,48.40303555400169
TotalExecutionTime,2436.6246337990015
