InputGenerationTime,0.02195946400752291
ProfilingTime,14.87893386700307
SimulationTime,55.77471642699675
FramaCExecutionTime,50.55869247901137
TotalExecutionTime,5474.988614331
