InputGenerationTime,0.07971650699983002
ProfilingTime,11.253060057000766
SimulationTime,50.43623097499949
FramaCExecutionTime,40.773911910000606
TotalExecutionTime,2374.2948371540006
