InputGenerationTime,0.05595495499437675
ProfilingTime,11.500512295002409
SimulationTime,6.9701454030000605
FramaCExecutionTime,40.309179092000704
TotalExecutionTime,1301.2626136170002
