InputGenerationTime,0.01578046099984931
ProfilingTime,9.846718914999883
SimulationTime,6.40791066099996
FramaCExecutionTime,43.47882046399991
TotalExecutionTime,1418.440096946
