InputGenerationTime,0.07971650699983002
ProfilingTime,11.17102383800011
SimulationTime,49.72013952099951
FramaCExecutionTime,40.773911910000606
TotalExecutionTime,2638.9183239819995
