InputGenerationTime,0.03070392999507021
ProfilingTime,14.794237759997486
SimulationTime,8.069207378997817
FramaCExecutionTime,43.51740340801189
TotalExecutionTime,881.2329962749936
