InputGenerationTime,0.01600631699989208
ProfilingTime,11.026723360000005
SimulationTime,6.497859949000031
FramaCExecutionTime,36.088396689999854
TotalExecutionTime,364.26274884400004
