InputGenerationTime,0.06693528000323568
ProfilingTime,10.389562116004527
SimulationTime,51.385410235991
FramaCExecutionTime,41.80391053999483
TotalExecutionTime,4707.863366471
