InputGenerationTime,0.02879062700048962
ProfilingTime,10.496244754000145
SimulationTime,7.667568495999149
FramaCExecutionTime,37.36917282200011
TotalExecutionTime,693.8766807139991
