InputGenerationTime,0.08946731199102942
ProfilingTime,10.362696277006762
SimulationTime,10.145942349001416
FramaCExecutionTime,41.71104338199075
TotalExecutionTime,458.28305060899584
