InputGenerationTime,0.0171071029981249
ProfilingTime,12.063169941000524
SimulationTime,6.851388589995622
FramaCExecutionTime,49.93881574000261
TotalExecutionTime,466.70097611700476
