InputGenerationTime,0.06097441100064316
ProfilingTime,9.995450005997554
SimulationTime,48.786345011001686
FramaCExecutionTime,39.61232570200082
TotalExecutionTime,1638.1982414640006
