InputGenerationTime,0.02227763999690069
ProfilingTime,8.852728613004729
SimulationTime,4.815514213005372
FramaCExecutionTime,40.6428507610035
TotalExecutionTime,487.61370794899995
