InputGenerationTime,0.03168364300108806
ProfilingTime,10.580956623998645
SimulationTime,5.4641713479995815
FramaCExecutionTime,52.581870406000235
TotalExecutionTime,740.7746080710003
