InputGenerationTime,0.07939185200120846
ProfilingTime,10.200268987000527
SimulationTime,5.769373862000066
FramaCExecutionTime,40.42274703500152
TotalExecutionTime,238.21210982999946
