InputGenerationTime,0.01003517399658449
ProfilingTime,15.30613805900066
SimulationTime,3.590146761001961
FramaCExecutionTime,46.60673828200379
TotalExecutionTime,398.5038559079985
