InputGenerationTime,0.01848810700175818
ProfilingTime,9.24257514999772
SimulationTime,4.443984377998277
FramaCExecutionTime,35.19626918999711
TotalExecutionTime,1125.4608801400027
