InputGenerationTime,0.06730768499983242
ProfilingTime,10.738229685997794
SimulationTime,11.122568369999499
FramaCExecutionTime,40.06123223099894
TotalExecutionTime,878.6370425449986
