InputGenerationTime,0.02121638599783182
ProfilingTime,13.629784235992702
SimulationTime,7.388916102994699
FramaCExecutionTime,42.12937589098874
TotalExecutionTime,1510.8115241329942
