InputGenerationTime,0.01908354100305587
ProfilingTime,9.670448418997694
SimulationTime,4.9996513789992605
FramaCExecutionTime,45.59387044799951
TotalExecutionTime,789.8950979769979
