InputGenerationTime,0.10177876400121022
ProfilingTime,9.8769413120026
SimulationTime,6.911779618996661
FramaCExecutionTime,40.503118693988654
TotalExecutionTime,1007.7087526169926
