InputGenerationTime,0.01207756999792764
ProfilingTime,10.360454598001525
SimulationTime,51.895168074999674
FramaCExecutionTime,45.69947358400168
TotalExecutionTime,1774.0691969020008
