InputGenerationTime,0.08286192300147377
ProfilingTime,10.48343027199735
SimulationTime,50.34815297101159
FramaCExecutionTime,39.38539788800699
TotalExecutionTime,457.37930710399814
