InputGenerationTime,0.08286192300147377
ProfilingTime,10.20131884899456
SimulationTime,49.671830577994115
FramaCExecutionTime,39.38539788800699
TotalExecutionTime,1265.2016377939872
