InputGenerationTime,0.01121654300368391
ProfilingTime,15.20242497100844
SimulationTime,7.742538879989297
FramaCExecutionTime,48.89147891699395
TotalExecutionTime,1902.643647755991
