InputGenerationTime,0.06592929499993261
ProfilingTime,10.344225640000332
SimulationTime,9.328463691999787
FramaCExecutionTime,40.170672405999994
TotalExecutionTime,442.6364179540001
