InputGenerationTime,0.07467210799222812
ProfilingTime,10.08287739098887
SimulationTime,7.548002309995354
FramaCExecutionTime,39.828040738997515
TotalExecutionTime,1917.0955440819962
