InputGenerationTime,0.01725929699932749
ProfilingTime,9.291525647000526
SimulationTime,5.7325518269990425
FramaCExecutionTime,34.431736876000286
TotalExecutionTime,975.9247590169998
