InputGenerationTime,0.10587871700408868
ProfilingTime,9.965726266003912
SimulationTime,50.05102472200815
FramaCExecutionTime,43.57780704900506
TotalExecutionTime,2152.162270654997
