InputGenerationTime,0.05692466000073182
ProfilingTime,9.710804177000682
SimulationTime,6.521571596000285
FramaCExecutionTime,39.214578377999715
TotalExecutionTime,1513.0455611750003
