InputGenerationTime,0.05588082099711755
ProfilingTime,10.467445194997708
SimulationTime,51.744102691998705
FramaCExecutionTime,46.176827339004376
TotalExecutionTime,2796.5752381280035
