InputGenerationTime,0.01157555900135776
ProfilingTime,10.41511768700002
SimulationTime,51.416476708996925
FramaCExecutionTime,37.79498738999973
TotalExecutionTime,4934.984926375004
