InputGenerationTime,0.08934303199930582
ProfilingTime,10.100461286012433
SimulationTime,8.060797092010034
FramaCExecutionTime,40.58022558799712
TotalExecutionTime,130.5356518149929
