InputGenerationTime,0.02688553600000887
ProfilingTime,11.628262619999987
SimulationTime,7.036832606000075
FramaCExecutionTime,36.49362706299996
TotalExecutionTime,796.335662158
