InputGenerationTime,0.06097441100064316
ProfilingTime,10.513133084998117
SimulationTime,49.067119921000995
FramaCExecutionTime,39.61232570200082
TotalExecutionTime,2292.1440164000014
