InputGenerationTime,0.06693528000323568
ProfilingTime,11.130496219993802
SimulationTime,51.73581730699516
FramaCExecutionTime,41.80391053999483
TotalExecutionTime,5399.274884716004
