InputGenerationTime,0.01039334099914413
ProfilingTime,9.989742043006117
SimulationTime,5.133206828999391
FramaCExecutionTime,36.1268426799943
TotalExecutionTime,923.2311655990052
