InputGenerationTime,0.04653632100234972
ProfilingTime,10.840719529005582
SimulationTime,52.31155383800797
FramaCExecutionTime,41.64242968399776
TotalExecutionTime,3902.814519622996
