InputGenerationTime,0.01333866200002376
ProfilingTime,10.483529384000576
SimulationTime,5.711421635991428
FramaCExecutionTime,48.59325111399812
TotalExecutionTime,978.8780732029991
