InputGenerationTime,0.02938545899814926
ProfilingTime,11.039363946998492
SimulationTime,6.89798904700001
FramaCExecutionTime,38.626025493998895
TotalExecutionTime,16410.140916353997
