InputGenerationTime,0.07123787500131584
ProfilingTime,9.935947198999202
SimulationTime,5.754745817999719
FramaCExecutionTime,41.87460094400012
TotalExecutionTime,388.4779004960001
