InputGenerationTime,0.02306895500078099
ProfilingTime,10.974287916000321
SimulationTime,5.830629588999727
FramaCExecutionTime,45.48063135499979
TotalExecutionTime,602.4518258009994
