InputGenerationTime,0.0658009869948728
ProfilingTime,10.497769444002188
SimulationTime,11.307179260998964
FramaCExecutionTime,40.643793021998135
TotalExecutionTime,1208.1164149129909
