InputGenerationTime,0.05595495499437675
ProfilingTime,11.239023194000765
SimulationTime,6.873870044997602
FramaCExecutionTime,40.309179092000704
TotalExecutionTime,1116.0017908289956
