InputGenerationTime,0.06673658799991244
ProfilingTime,10.329626865000137
SimulationTime,6.323027106000154
FramaCExecutionTime,40.517046983
TotalExecutionTime,711.5548328939999
