InputGenerationTime,0.02354438200018194
ProfilingTime,10.093686804999834
SimulationTime,5.74781175399994
FramaCExecutionTime,36.64489351900011
TotalExecutionTime,575.7671627049999
