InputGenerationTime,0.00947702000848949
ProfilingTime,14.391698073013686
SimulationTime,56.61544524299097
FramaCExecutionTime,47.984905517994775
TotalExecutionTime,4588.832868897007
