InputGenerationTime,0.08069114800036914
ProfilingTime,10.144723596999938
SimulationTime,6.823199436999857
FramaCExecutionTime,37.93133167399992
TotalExecutionTime,986.018968843
