InputGenerationTime,0.07971650699983002
ProfilingTime,11.192135940998924
SimulationTime,50.414850154000305
FramaCExecutionTime,40.773911910000606
TotalExecutionTime,2435.9409487249995
