InputGenerationTime,0.0155301419999887
ProfilingTime,10.002689756999644
SimulationTime,48.618740840999635
FramaCExecutionTime,35.18779909500063
TotalExecutionTime,2617.4367196189996
