InputGenerationTime,0.10100196998973843
ProfilingTime,10.063995969991083
SimulationTime,11.947770002996549
FramaCExecutionTime,42.211014248998254
TotalExecutionTime,734.0362202950055
