InputGenerationTime,0.05706629699852783
ProfilingTime,10.549018603996956
SimulationTime,6.8555567110015545
FramaCExecutionTime,40.58814870099741
TotalExecutionTime,230.44017890599935
