InputGenerationTime,0.01974974999029655
ProfilingTime,15.482182804000331
SimulationTime,54.53308544600441
FramaCExecutionTime,46.534168247992056
TotalExecutionTime,5291.994381440993
