InputGenerationTime,0.0590006890015502
ProfilingTime,9.068910417001462
SimulationTime,16.925176128999738
FramaCExecutionTime,113.22399641499942
TotalExecutionTime,4767.263820185999
