InputGenerationTime,0.0852646759885829
ProfilingTime,10.411240992994863
SimulationTime,101.17999970099481
FramaCExecutionTime,42.89104297501035
TotalExecutionTime,3148.939271737996
