InputGenerationTime,0.08286192300147377
ProfilingTime,9.93431333299668
SimulationTime,50.02013860800071
FramaCExecutionTime,39.38539788800699
TotalExecutionTime,517.3603624199895
