InputGenerationTime,0.01848810700175818
ProfilingTime,9.947284536996449
SimulationTime,5.009190724995278
FramaCExecutionTime,35.19626918999711
TotalExecutionTime,888.921726225999
