InputGenerationTime,0.03238737300853245
ProfilingTime,11.566153156993096
SimulationTime,7.517343833998893
FramaCExecutionTime,43.14403645200946
TotalExecutionTime,820.8010916909989
