InputGenerationTime,0.06297201899724314
ProfilingTime,10.19605045299977
SimulationTime,50.69823901900236
FramaCExecutionTime,39.85762919300032
TotalExecutionTime,225.1509589540001
