InputGenerationTime,0.01695346001361031
ProfilingTime,12.688044146998436
SimulationTime,52.82516992199817
FramaCExecutionTime,51.14702446399315
TotalExecutionTime,382.2833299260092
