InputGenerationTime,0.01730999299979885
ProfilingTime,9.978514285998244
SimulationTime,5.619386502999987
FramaCExecutionTime,44.544735395000316
TotalExecutionTime,294.2504824860007
