InputGenerationTime,0.01267333799842163
ProfilingTime,9.877019876999839
SimulationTime,47.016186970999115
FramaCExecutionTime,34.714407606999885
TotalExecutionTime,1623.990734855999
