InputGenerationTime,0.06381965599939576
ProfilingTime,10.493654670999604
SimulationTime,6.556316475000131
FramaCExecutionTime,40.0604183079995
TotalExecutionTime,559.8430228460002
