InputGenerationTime,0.02859270799672231
ProfilingTime,11.36930127600499
SimulationTime,53.56819726299727
FramaCExecutionTime,44.789751115997205
TotalExecutionTime,4769.181414571001
