InputGenerationTime,0.02938545899814926
ProfilingTime,10.426919291996455
SimulationTime,6.403638637995755
FramaCExecutionTime,38.626025493998895
TotalExecutionTime,16324.180108858
