InputGenerationTime,0.01730999299979885
ProfilingTime,9.328809414997522
SimulationTime,4.893474437001714
FramaCExecutionTime,44.544735395000316
TotalExecutionTime,398.52581524500056
