InputGenerationTime,0.01177785099571338
ProfilingTime,12.126011733002088
SimulationTime,7.015947393003444
FramaCExecutionTime,52.82057099800295
TotalExecutionTime,1649.414545781001
