InputGenerationTime,0.01003517399658449
ProfilingTime,14.677363745999173
SimulationTime,6.993746330997965
FramaCExecutionTime,46.60673828200379
TotalExecutionTime,442.05645115899824
