InputGenerationTime,0.04088580200186698
ProfilingTime,10.447979464996024
SimulationTime,6.012732478004182
FramaCExecutionTime,46.09346962199925
TotalExecutionTime,789.9303516939981
