InputGenerationTime,0.07630812800016429
ProfilingTime,10.508887070998753
SimulationTime,7.011131216000649
FramaCExecutionTime,39.353945180000665
TotalExecutionTime,229.320790967
