InputGenerationTime,0.07467210799222812
ProfilingTime,9.725932030996773
SimulationTime,7.145528719993308
FramaCExecutionTime,39.828040738997515
TotalExecutionTime,1535.2986800159997
