InputGenerationTime,0.01605060899964883
ProfilingTime,11.771766834001028
SimulationTime,17.016016194000258
FramaCExecutionTime,55.23388443600197
TotalExecutionTime,463.98909123400153
