InputGenerationTime,0.03659036000317428
ProfilingTime,11.592901399999391
SimulationTime,7.137346231000265
FramaCExecutionTime,43.33275046799827
TotalExecutionTime,1660.4303539119937
