InputGenerationTime,0.06381965599939576
ProfilingTime,10.522175134999998
SimulationTime,6.537814265000634
FramaCExecutionTime,40.0604183079995
TotalExecutionTime,678.0219400389997
