InputGenerationTime,0.10372775399991951
ProfilingTime,12.466342306001025
SimulationTime,51.29896721200021
FramaCExecutionTime,41.57309912600067
TotalExecutionTime,5281.357305701
