InputGenerationTime,0.02187398799287621
ProfilingTime,10.258566584991058
SimulationTime,7.343724095990183
FramaCExecutionTime,33.94771063499502
TotalExecutionTime,324.6282620540005
