InputGenerationTime,0.01781125200795941
ProfilingTime,9.83902705401124
SimulationTime,5.776188520001597
FramaCExecutionTime,33.69016032500076
TotalExecutionTime,1137.8845328110037
