InputGenerationTime,0.06693528000323568
ProfilingTime,10.273760926997056
SimulationTime,51.16696015000343
FramaCExecutionTime,41.80391053999483
TotalExecutionTime,4583.719416824002
