InputGenerationTime,0.11879277000844013
ProfilingTime,11.845880466004019
SimulationTime,51.46393818700744
FramaCExecutionTime,41.30239897700085
TotalExecutionTime,413.0072506979923
