InputGenerationTime,0.01306821499929356
ProfilingTime,10.03219047499988
SimulationTime,5.36758989199916
FramaCExecutionTime,36.68536588400093
TotalExecutionTime,113.18147905200021
