InputGenerationTime,0.0745205179991899
ProfilingTime,10.250430040992796
SimulationTime,6.021650526992744
FramaCExecutionTime,41.4757383850083
TotalExecutionTime,817.7776461460016
