InputGenerationTime,0.03211433500109706
ProfilingTime,10.30466335699748
SimulationTime,45.282618324003124
FramaCExecutionTime,39.37306821200036
TotalExecutionTime,1504.238819332997
