InputGenerationTime,0.06687718700050027
ProfilingTime,10.607991045000745
SimulationTime,2.987049652998394
FramaCExecutionTime,39.48932267499913
TotalExecutionTime,784.1437870990012
