InputGenerationTime,0.0658009869948728
ProfilingTime,9.913195740999072
SimulationTime,11.361643625001307
FramaCExecutionTime,40.643793021998135
TotalExecutionTime,803.6659778989997
