InputGenerationTime,0.07492488600109937
ProfilingTime,10.361089878002531
SimulationTime,6.707878729001095
FramaCExecutionTime,42.08125151599961
TotalExecutionTime,1059.9036678720004
