InputGenerationTime,0.02913684999657562
ProfilingTime,9.617162905000441
SimulationTime,4.901177634004853
FramaCExecutionTime,35.218215351000254
TotalExecutionTime,438.88267291500233
