InputGenerationTime,0.03125360700141755
ProfilingTime,12.822426085000188
SimulationTime,8.704426055999647
FramaCExecutionTime,56.99454582999897
TotalExecutionTime,1645.209384427002
