InputGenerationTime,0.0738430739947944
ProfilingTime,11.114727501000743
SimulationTime,16.001027658996463
FramaCExecutionTime,42.79753851800342
TotalExecutionTime,2062.5114945780006
