InputGenerationTime,0.10372775399991951
ProfilingTime,10.774295945000631
SimulationTime,50.69753166400005
FramaCExecutionTime,41.57309912600067
TotalExecutionTime,5154.079203214
