InputGenerationTime,0.02879062700048962
ProfilingTime,10.229731076000462
SimulationTime,7.683634249999159
FramaCExecutionTime,37.36917282200011
TotalExecutionTime,711.8297455090005
