InputGenerationTime,0.00968929698865395
ProfilingTime,14.183837282005697
SimulationTime,4.4427631459984696
FramaCExecutionTime,48.13642818399239
TotalExecutionTime,2717.8153638090007
