InputGenerationTime,0.02632365800673142
ProfilingTime,11.088073657010682
SimulationTime,8.132905574006145
FramaCExecutionTime,39.77912241400918
TotalExecutionTime,811.104535025006
