InputGenerationTime,0.0852646759885829
ProfilingTime,9.966281649991288
SimulationTime,91.49645709300239
FramaCExecutionTime,42.89104297501035
TotalExecutionTime,2076.4797905680025
