InputGenerationTime,0.11202836499433033
ProfilingTime,9.731382524012588
SimulationTime,6.85412714999984
FramaCExecutionTime,39.724936091995914
TotalExecutionTime,275.592114715997
