InputGenerationTime,0.02387934099533595
ProfilingTime,14.544018632004736
SimulationTime,53.578769846993964
FramaCExecutionTime,40.29103302399744
TotalExecutionTime,2164.926516751002
