InputGenerationTime,0.02881482700104243
ProfilingTime,12.025864448001812
SimulationTime,16.25310921399796
FramaCExecutionTime,55.802621858998464
TotalExecutionTime,941.9381137080018
