InputGenerationTime,0.01144098601071164
ProfilingTime,9.905094447007286
SimulationTime,7.6024359930015635
FramaCExecutionTime,34.14544824699988
TotalExecutionTime,547.1582986470021
