InputGenerationTime,0.02187398799287621
ProfilingTime,10.13150736100215
SimulationTime,7.212346058993717
FramaCExecutionTime,33.94771063499502
TotalExecutionTime,411.59220488299616
