InputGenerationTime,0.06381965599939576
ProfilingTime,10.563426259999687
SimulationTime,6.396580915999948
FramaCExecutionTime,40.0604183079995
TotalExecutionTime,797.6245004819993
