InputGenerationTime,0.01730999299979885
ProfilingTime,10.552421006999793
SimulationTime,6.211860035000427
FramaCExecutionTime,44.544735395000316
TotalExecutionTime,262.15828326599876
