InputGenerationTime,0.02481988799991086
ProfilingTime,10.143262097000843
SimulationTime,6.484873040000821
FramaCExecutionTime,34.30475738699897
TotalExecutionTime,1356.697020735999
