InputGenerationTime,0.02398628399896552
ProfilingTime,11.432581416000176
SimulationTime,6.863701906000642
FramaCExecutionTime,56.596672714000306
TotalExecutionTime,1158.4354518379987
