InputGenerationTime,0.01121654300368391
ProfilingTime,15.421436415999779
SimulationTime,7.844601723991218
FramaCExecutionTime,48.89147891699395
TotalExecutionTime,1991.5798663540045
