InputGenerationTime,0.01039334099914413
ProfilingTime,9.790949800000817
SimulationTime,4.967900862000533
FramaCExecutionTime,36.1268426799943
TotalExecutionTime,833.3855960110013
