InputGenerationTime,0.02931866299999797
ProfilingTime,10.948585191999996
SimulationTime,55.24276913899996
FramaCExecutionTime,39.656589833
TotalExecutionTime,484.240542076
