InputGenerationTime,0.05992229399998905
ProfilingTime,10.834918257998652
SimulationTime,6.356561656000849
FramaCExecutionTime,40.947449245002645
TotalExecutionTime,652.0914443520014
