InputGenerationTime,0.03755415400155471
ProfilingTime,29.33624393699938
SimulationTime,20.711084630998812
FramaCExecutionTime,131.89057868900272
TotalExecutionTime,1599.4184236239998
