InputGenerationTime,0.01682621199870482
ProfilingTime,14.669932062999578
SimulationTime,9.471527803005301
FramaCExecutionTime,42.423894251012825
TotalExecutionTime,2187.942611720995
