InputGenerationTime,0.0171071029981249
ProfilingTime,12.352846989000682
SimulationTime,7.060077131995058
FramaCExecutionTime,49.93881574000261
TotalExecutionTime,349.08746979900025
