InputGenerationTime,0.05706629699852783
ProfilingTime,10.548319939000066
SimulationTime,6.566482265996456
FramaCExecutionTime,40.58814870099741
TotalExecutionTime,124.81659921399842
