InputGenerationTime,0.012637748999623
ProfilingTime,11.716241008998622
SimulationTime,47.99066035099895
FramaCExecutionTime,57.36715431099947
TotalExecutionTime,2195.2690821569977
