InputGenerationTime,0.0155301419999887
ProfilingTime,9.581963685999654
SimulationTime,47.864125926999805
FramaCExecutionTime,35.18779909500063
TotalExecutionTime,1609.2719368559992
