InputGenerationTime,0.02387934099533595
ProfilingTime,15.134359289993881
SimulationTime,53.94725932000438
FramaCExecutionTime,40.29103302399744
TotalExecutionTime,2509.980802525999
