InputGenerationTime,0.11740471799566876
ProfilingTime,10.942082242996548
SimulationTime,76.11973680800293
FramaCExecutionTime,50.78784949700639
TotalExecutionTime,3302.0670433630003
