InputGenerationTime,0.06381965599939576
ProfilingTime,10.292186017000859
SimulationTime,5.937891042998672
FramaCExecutionTime,40.0604183079995
TotalExecutionTime,542.7391796280008
