InputGenerationTime,0.03211433500109706
ProfilingTime,9.951820870999654
SimulationTime,40.33065850800631
FramaCExecutionTime,39.37306821200036
TotalExecutionTime,3586.343103483996
