InputGenerationTime,0.05265666600462282
ProfilingTime,10.629372201001388
SimulationTime,6.114661690997309
FramaCExecutionTime,41.49356549300137
TotalExecutionTime,1208.0777993509982
