InputGenerationTime,0.06381965599939576
ProfilingTime,10.56886740200025
SimulationTime,6.903641515000345
FramaCExecutionTime,40.0604183079995
TotalExecutionTime,763.3530349609991
