InputGenerationTime,0.0852646759885829
ProfilingTime,10.188375157988048
SimulationTime,90.86707158500212
FramaCExecutionTime,42.89104297501035
TotalExecutionTime,1974.8905875179917
