InputGenerationTime,0.0223144050000883
ProfilingTime,10.705298872000185
SimulationTime,6.221954769999911
FramaCExecutionTime,35.90068683499999
TotalExecutionTime,992.064779069
