InputGenerationTime,0.01414316500449786
ProfilingTime,11.448595757996372
SimulationTime,6.7606292519994895
FramaCExecutionTime,36.11738900899945
TotalExecutionTime,699.1272391379971
