InputGenerationTime,0.12734451101277955
ProfilingTime,10.774873061003746
SimulationTime,6.2340133219986456
FramaCExecutionTime,39.92448624499957
TotalExecutionTime,153.97548742900835
