InputGenerationTime,0.06693528000323568
ProfilingTime,9.942041449990938
SimulationTime,51.866426692999084
FramaCExecutionTime,41.80391053999483
TotalExecutionTime,4460.687630508
