InputGenerationTime,0.05377575800230261
ProfilingTime,10.457609347999096
SimulationTime,5.796714121999685
FramaCExecutionTime,38.171050539000134
TotalExecutionTime,1158.6179034529996
