InputGenerationTime,0.02306973400118295
ProfilingTime,9.89136373600013
SimulationTime,47.67368390699994
FramaCExecutionTime,34.95365613299873
TotalExecutionTime,379.44494349399974
