InputGenerationTime,0.10587871700408868
ProfilingTime,18.957569942009286
SimulationTime,50.40370905199961
FramaCExecutionTime,43.57780704900506
TotalExecutionTime,2770.5242205190007
