InputGenerationTime,0.0207994360007433
ProfilingTime,9.644866526000442
SimulationTime,4.948973606999971
FramaCExecutionTime,34.9967234679998
TotalExecutionTime,855.7428070550004
