InputGenerationTime,0.01839245700102765
ProfilingTime,9.98876834099974
SimulationTime,6.182540899999367
FramaCExecutionTime,35.089644800000315
TotalExecutionTime,341.93643264099956
