InputGenerationTime,0.05998602900035621
ProfilingTime,10.182683609999003
SimulationTime,6.470437038000455
FramaCExecutionTime,38.65595949999988
TotalExecutionTime,1034.6812088060015
