InputGenerationTime,0.09603555100329686
ProfilingTime,13.496783696988132
SimulationTime,8.498723818003782
FramaCExecutionTime,41.09978809001041
TotalExecutionTime,1164.830194972994
