InputGenerationTime,0.06652831399696879
ProfilingTime,10.25748662299884
SimulationTime,7.86429308699735
FramaCExecutionTime,38.49409825599287
TotalExecutionTime,144.0579125360091
