InputGenerationTime,0.06297201899724314
ProfilingTime,11.15268674800609
SimulationTime,54.963807524
FramaCExecutionTime,39.85762919300032
TotalExecutionTime,1204.837834512
