InputGenerationTime,0.02305058599813492
ProfilingTime,13.850942264001787
SimulationTime,8.834852210999088
FramaCExecutionTime,58.556756318001135
TotalExecutionTime,477.5318759139991
