InputGenerationTime,0.06373837799947069
ProfilingTime,10.463867941999524
SimulationTime,7.0003558339994925
FramaCExecutionTime,37.73800484300045
TotalExecutionTime,722.44829484
