InputGenerationTime,0.07852797899977304
ProfilingTime,11.320604837004794
SimulationTime,13.240382343006786
FramaCExecutionTime,48.29240481999295
TotalExecutionTime,942.5551088639913
