InputGenerationTime,0.02140154999869992
ProfilingTime,23.021906197001954
SimulationTime,15.851006233999215
FramaCExecutionTime,121.4568781320013
TotalExecutionTime,1870.9289681640003
