InputGenerationTime,0.03455019700049888
ProfilingTime,9.581013323999287
SimulationTime,5.789007863999359
FramaCExecutionTime,34.927573151000615
TotalExecutionTime,811.6020453370002
