InputGenerationTime,0.02377328900183784
ProfilingTime,9.920750547997159
SimulationTime,5.787437743998453
FramaCExecutionTime,35.40231949600275
TotalExecutionTime,880.1171203110007
