InputGenerationTime,0.01578046099984931
ProfilingTime,9.993312557000081
SimulationTime,6.4001864629999545
FramaCExecutionTime,43.47882046399991
TotalExecutionTime,1532.807135919
