InputGenerationTime,0.02306895500078099
ProfilingTime,9.729128834998846
SimulationTime,5.079050699001527
FramaCExecutionTime,45.48063135499979
TotalExecutionTime,508.97588693599755
