InputGenerationTime,0.07460761899710633
ProfilingTime,10.022003325997503
SimulationTime,17.844182233995525
FramaCExecutionTime,39.61733392599854
TotalExecutionTime,664.2777655959944
