InputGenerationTime,0.0159012049989542
ProfilingTime,11.39212994499394
SimulationTime,5.7640294109951355
FramaCExecutionTime,48.892538050997246
TotalExecutionTime,640.2742104909994
