InputGenerationTime,0.07460761899710633
ProfilingTime,10.606015683995793
SimulationTime,13.139748581990716
FramaCExecutionTime,39.61733392599854
TotalExecutionTime,552.674597049001
