InputGenerationTime,0.08934303199930582
ProfilingTime,10.300097872008337
SimulationTime,8.90154660299595
FramaCExecutionTime,40.58022558799712
TotalExecutionTime,282.18499282200355
