InputGenerationTime,0.05998602900035621
ProfilingTime,9.483383320999565
SimulationTime,5.994639467000525
FramaCExecutionTime,38.65595949999988
TotalExecutionTime,1245.2484946940003
