InputGenerationTime,0.07484678299806546
ProfilingTime,10.20482845299557
SimulationTime,6.57791381500283
FramaCExecutionTime,41.74371946800238
TotalExecutionTime,1603.5019819299996
