InputGenerationTime,0.08946731199102942
ProfilingTime,10.2957547709957
SimulationTime,9.602266536006937
FramaCExecutionTime,41.71104338199075
TotalExecutionTime,284.82666217698716
