InputGenerationTime,0.03064069100219058
ProfilingTime,10.661518348002573
SimulationTime,6.692896805998316
FramaCExecutionTime,34.7892839849992
TotalExecutionTime,731.3143375649997
