InputGenerationTime,0.0154482090001693
ProfilingTime,10.753638102003606
SimulationTime,53.58943253000325
FramaCExecutionTime,48.95317624400195
TotalExecutionTime,4933.952501997992
