InputGenerationTime,0.01121654300368391
ProfilingTime,12.643352120008785
SimulationTime,7.600159705005353
FramaCExecutionTime,48.89147891699395
TotalExecutionTime,1649.4991003000032
