InputGenerationTime,0.07123787500131584
ProfilingTime,9.905237895998653
SimulationTime,5.815374654001062
FramaCExecutionTime,41.87460094400012
TotalExecutionTime,174.30014950999976
