InputGenerationTime,0.01908354100305587
ProfilingTime,9.563301433998276
SimulationTime,4.998198607001541
FramaCExecutionTime,45.59387044799951
TotalExecutionTime,488.1619271749987
