InputGenerationTime,0.02306973400118295
ProfilingTime,10.127794553998683
SimulationTime,47.657483543000126
FramaCExecutionTime,34.95365613299873
TotalExecutionTime,952.9543811909989
