InputGenerationTime,0.07990379400143865
ProfilingTime,10.690924029000598
SimulationTime,6.608463614998982
FramaCExecutionTime,39.39046175999829
TotalExecutionTime,363.79446622100113
