InputGenerationTime,0.01695346001361031
ProfilingTime,13.767521273999591
SimulationTime,53.71590312999615
FramaCExecutionTime,51.14702446399315
TotalExecutionTime,1110.1294672410004
