InputGenerationTime,0.04088580200186698
ProfilingTime,10.659181052993517
SimulationTime,6.152743084996473
FramaCExecutionTime,46.09346962199925
TotalExecutionTime,579.4223872209986
