InputGenerationTime,0.07123787500131584
ProfilingTime,9.98149745199953
SimulationTime,5.866250675999254
FramaCExecutionTime,41.87460094400012
TotalExecutionTime,269.14949528800025
