InputGenerationTime,0.07833635200222488
ProfilingTime,10.765510227996856
SimulationTime,10.128196523000952
FramaCExecutionTime,40.119682856995496
TotalExecutionTime,385.99199885399867
