InputGenerationTime,0.02429182899868465
ProfilingTime,10.146114989001944
SimulationTime,5.638090595999529
FramaCExecutionTime,45.97813112299991
TotalExecutionTime,526.1172114880028
