InputGenerationTime,0.03064069100219058
ProfilingTime,10.286882863001665
SimulationTime,6.456154873998457
FramaCExecutionTime,34.7892839849992
TotalExecutionTime,765.0500477749993
