InputGenerationTime,0.07467210799222812
ProfilingTime,9.681547575994045
SimulationTime,15.867694374988787
FramaCExecutionTime,39.828040738997515
TotalExecutionTime,1725.4142740809912
