InputGenerationTime,0.07492488600109937
ProfilingTime,10.118570036000165
SimulationTime,6.35864804200537
FramaCExecutionTime,42.08125151599961
TotalExecutionTime,990.6852025129992
