InputGenerationTime,0.05377575800230261
ProfilingTime,10.202381914998114
SimulationTime,6.014413010998396
FramaCExecutionTime,38.171050539000134
TotalExecutionTime,1087.6414339039984
