InputGenerationTime,0.03158086500002355
ProfilingTime,10.234230087000014
SimulationTime,6.253068254000027
FramaCExecutionTime,36.47446528099999
TotalExecutionTime,768.7245223250001
