InputGenerationTime,0.02436892400146462
ProfilingTime,17.14525791699998
SimulationTime,9.842241635997198
FramaCExecutionTime,41.515238159990986
TotalExecutionTime,417.2998471339961
