InputGenerationTime,0.10372775399991951
ProfilingTime,12.351921018998837
SimulationTime,53.13173182199898
FramaCExecutionTime,41.57309912600067
TotalExecutionTime,5495.85098737
