InputGenerationTime,0.02041564299724996
ProfilingTime,10.68551819199638
SimulationTime,6.27535162899585
FramaCExecutionTime,48.29850274599448
TotalExecutionTime,1378.5771963519946
