InputGenerationTime,0.01414316500449786
ProfilingTime,10.050407333001203
SimulationTime,5.47087441199983
FramaCExecutionTime,36.11738900899945
TotalExecutionTime,480.2560478209998
