InputGenerationTime,0.01725929699932749
ProfilingTime,9.354702904000078
SimulationTime,5.8366912879992014
FramaCExecutionTime,34.431736876000286
TotalExecutionTime,1098.6927125049988
