InputGenerationTime,0.01848810700175818
ProfilingTime,9.790749842999503
SimulationTime,5.341813548999198
FramaCExecutionTime,35.19626918999711
TotalExecutionTime,1037.4439610690024
