InputGenerationTime,0.01267333799842163
ProfilingTime,9.721371610999995
SimulationTime,46.95963284099889
FramaCExecutionTime,34.714407606999885
TotalExecutionTime,1397.7252006479994
