InputGenerationTime,0.02354438200018194
ProfilingTime,10.354548794000038
SimulationTime,5.562933323999914
FramaCExecutionTime,36.64489351900011
TotalExecutionTime,623.202244737
