InputGenerationTime,0.07852797899977304
ProfilingTime,11.410665759001859
SimulationTime,12.80141473399999
FramaCExecutionTime,48.29240481999295
TotalExecutionTime,1022.5823457769875
