InputGenerationTime,0.03455019700049888
ProfilingTime,9.929543709999052
SimulationTime,6.294655826000962
FramaCExecutionTime,34.927573151000615
TotalExecutionTime,536.6032499600005
