InputGenerationTime,0.05992229399998905
ProfilingTime,10.625485336000565
SimulationTime,6.1368010590013
FramaCExecutionTime,40.947449245002645
TotalExecutionTime,548.5639142310029
