InputGenerationTime,0.02471806799985643
ProfilingTime,10.027236248999998
SimulationTime,5.419199106999713
FramaCExecutionTime,36.439571203000014
TotalExecutionTime,402.0751618910001
