InputGenerationTime,0.08479241801251192
ProfilingTime,9.858550466000452
SimulationTime,6.195162461997825
FramaCExecutionTime,41.54485546500655
TotalExecutionTime,517.3148992299975
