InputGenerationTime,0.02624188499612501
ProfilingTime,11.115981688999454
SimulationTime,6.252047588001005
FramaCExecutionTime,71.5697110770052
TotalExecutionTime,1306.0877970000001
