InputGenerationTime,0.01682621199870482
ProfilingTime,13.97204960801173
SimulationTime,9.305149412000901
FramaCExecutionTime,42.423894251012825
TotalExecutionTime,2253.9927726500027
