InputGenerationTime,0.0738430739947944
ProfilingTime,9.662764886001241
SimulationTime,11.295218886996736
FramaCExecutionTime,42.79753851800342
TotalExecutionTime,1780.4078100600018
