InputGenerationTime,0.07647114399878774
ProfilingTime,10.673843075986952
SimulationTime,37.26846265599306
FramaCExecutionTime,39.74868804399739
TotalExecutionTime,365.5143680330075
