InputGenerationTime,0.07192333900093217
ProfilingTime,10.265534581001702
SimulationTime,48.84081624999817
FramaCExecutionTime,39.947012405998976
TotalExecutionTime,1245.9917931210002
