InputGenerationTime,0.03659036000317428
ProfilingTime,11.235718996998912
SimulationTime,7.245419159997255
FramaCExecutionTime,43.33275046799827
TotalExecutionTime,1586.4013539429943
