InputGenerationTime,0.01839245700102765
ProfilingTime,10.127438673998768
SimulationTime,6.158862796999529
FramaCExecutionTime,35.089644800000315
TotalExecutionTime,293.1904246640006
