InputGenerationTime,0.02913684999657562
ProfilingTime,9.800356109000859
SimulationTime,4.927610202001233
FramaCExecutionTime,35.218215351000254
TotalExecutionTime,527.4189950670043
