InputGenerationTime,0.02187398799287621
ProfilingTime,10.202151065997896
SimulationTime,7.121391670007142
FramaCExecutionTime,33.94771063499502
TotalExecutionTime,134.6873855879967
