InputGenerationTime,0.0155301419999887
ProfilingTime,9.987832431999777
SimulationTime,48.17831098299939
FramaCExecutionTime,35.18779909500063
TotalExecutionTime,2134.711050305
