InputGenerationTime,0.01905658200121252
ProfilingTime,10.632279124001798
SimulationTime,5.6697996410002816
FramaCExecutionTime,35.78832621900074
TotalExecutionTime,939.0612599290034
