InputGenerationTime,0.06687718700050027
ProfilingTime,10.606742619000215
SimulationTime,7.470398297000429
FramaCExecutionTime,39.48932267499913
TotalExecutionTime,595.1846446039999
