InputGenerationTime,0.07467210799222812
ProfilingTime,9.74654251600441
SimulationTime,11.178153642002144
FramaCExecutionTime,39.828040738997515
TotalExecutionTime,1556.2702367689926
