InputGenerationTime,0.02140154999869992
ProfilingTime,23.759429206998902
SimulationTime,16.31445944100051
FramaCExecutionTime,121.4568781320013
TotalExecutionTime,1523.945466887999
