InputGenerationTime,0.02429182899868465
ProfilingTime,10.055399105996912
SimulationTime,5.395606218997273
FramaCExecutionTime,45.97813112299991
TotalExecutionTime,604.9207092010001
