InputGenerationTime,0.0207994360007433
ProfilingTime,9.405658566000056
SimulationTime,4.794709310999679
FramaCExecutionTime,34.9967234679998
TotalExecutionTime,1154.947410193
