InputGenerationTime,0.06190480099940032
ProfilingTime,10.597493160999875
SimulationTime,6.6700539180001215
FramaCExecutionTime,40.04177317700123
TotalExecutionTime,640.9192152880005
