InputGenerationTime,0.0385067209990666
ProfilingTime,10.4458046560012
SimulationTime,6.504978010998457
FramaCExecutionTime,37.904336684001464
TotalExecutionTime,723.7230471519997
