InputGenerationTime,0.04088580200186698
ProfilingTime,11.579927601997042
SimulationTime,6.509900993005431
FramaCExecutionTime,46.09346962199925
TotalExecutionTime,666.4117072329973
