InputGenerationTime,0.01839245700102765
ProfilingTime,9.58376711299934
SimulationTime,5.733447553999213
FramaCExecutionTime,35.089644800000315
TotalExecutionTime,406.0427929079997
