InputGenerationTime,0.03158086500002355
ProfilingTime,10.344899971000132
SimulationTime,6.134827049999785
FramaCExecutionTime,36.47446528099999
TotalExecutionTime,702.385593369
