InputGenerationTime,0.06297201899724314
ProfilingTime,10.931699825996475
SimulationTime,52.830828486003156
FramaCExecutionTime,39.85762919300032
TotalExecutionTime,1057.3214337770041
