InputGenerationTime,0.02377328900183784
ProfilingTime,9.820724963999965
SimulationTime,5.657123691002198
FramaCExecutionTime,35.40231949600275
TotalExecutionTime,1007.358514081001
