InputGenerationTime,0.01267333799842163
ProfilingTime,9.942938088001029
SimulationTime,46.86796678899918
FramaCExecutionTime,34.714407606999885
TotalExecutionTime,2137.9380279859997
