InputGenerationTime,0.10799351200694218
ProfilingTime,10.427477703007753
SimulationTime,7.29998053899908
FramaCExecutionTime,41.71048603999952
TotalExecutionTime,831.7619157899899
