InputGenerationTime,0.01165099699574057
ProfilingTime,9.746706614998402
SimulationTime,5.7715769709902816
FramaCExecutionTime,33.58243524499994
TotalExecutionTime,1437.440298617992
