InputGenerationTime,0.01695346001361031
ProfilingTime,13.574888442002703
SimulationTime,53.34725900601188
FramaCExecutionTime,51.14702446399315
TotalExecutionTime,1464.7151267449954
