InputGenerationTime,0.03158086500002355
ProfilingTime,10.133263713000133
SimulationTime,6.213607654000043
FramaCExecutionTime,36.47446528099999
TotalExecutionTime,504.70849466900006
