InputGenerationTime,0.04271512100240216
ProfilingTime,47.1363212239994
SimulationTime,29.633808951999526
FramaCExecutionTime,140.39492750800127
TotalExecutionTime,3121.677284726
