InputGenerationTime,0.02931866299999797
ProfilingTime,10.947863182999981
SimulationTime,54.595908142999974
FramaCExecutionTime,39.656589833
TotalExecutionTime,811.786694677
