InputGenerationTime,0.01758529599464964
ProfilingTime,9.501798450000933
SimulationTime,4.9572092029993655
FramaCExecutionTime,36.372605122000095
TotalExecutionTime,226.09854613500647
