InputGenerationTime,0.06673658799991244
ProfilingTime,9.913866556000357
SimulationTime,5.994909792000271
FramaCExecutionTime,40.517046983
TotalExecutionTime,574.7900544019999
