InputGenerationTime,0.01157555900135776
ProfilingTime,10.501563256999361
SimulationTime,51.605146879999666
FramaCExecutionTime,37.79498738999973
TotalExecutionTime,5573.925115394002
