InputGenerationTime,0.01974974999029655
ProfilingTime,12.937549862996093
SimulationTime,51.27335513199796
FramaCExecutionTime,46.534168247992056
TotalExecutionTime,6342.999999338004
