InputGenerationTime,0.10142935998737812
ProfilingTime,10.656377484992845
SimulationTime,50.290547003009124
FramaCExecutionTime,42.27029998799844
TotalExecutionTime,3931.2186395909957
