InputGenerationTime,0.01344646500365343
ProfilingTime,11.086136350000743
SimulationTime,53.48448133398779
FramaCExecutionTime,41.5655235019949
TotalExecutionTime,3288.9439973629924
