InputGenerationTime,0.02624188499612501
ProfilingTime,10.44998437599861
SimulationTime,6.033592519001104
FramaCExecutionTime,71.5697110770052
TotalExecutionTime,1404.6376665639982
