InputGenerationTime,0.08934303199930582
ProfilingTime,10.608256317005726
SimulationTime,8.94705582599272
FramaCExecutionTime,40.58022558799712
TotalExecutionTime,405.153950781998
