InputGenerationTime,0.01157555900135776
ProfilingTime,10.344797215999279
SimulationTime,51.52720906200557
FramaCExecutionTime,37.79498738999973
TotalExecutionTime,4748.990137769997
