InputGenerationTime,0.01968984300037846
ProfilingTime,10.382483469002182
SimulationTime,5.631114098003309
FramaCExecutionTime,38.81064819900348
TotalExecutionTime,698.0235808069992
