InputGenerationTime,0.09603555100329686
ProfilingTime,10.211416705991724
SimulationTime,6.39614301500842
FramaCExecutionTime,41.09978809001041
TotalExecutionTime,1030.1909167289996
