InputGenerationTime,0.03158086500002355
ProfilingTime,10.048772150000104
SimulationTime,6.287694963999911
FramaCExecutionTime,36.47446528099999
TotalExecutionTime,569.818735444
