InputGenerationTime,0.02481988799991086
ProfilingTime,10.176386931001616
SimulationTime,6.659078163000231
FramaCExecutionTime,34.30475738699897
TotalExecutionTime,1590.6433029649997
