InputGenerationTime,0.01682621199870482
ProfilingTime,12.813110994000454
SimulationTime,7.215404187998502
FramaCExecutionTime,42.423894251012825
TotalExecutionTime,1837.8375377880002
