InputGenerationTime,0.01144098601071164
ProfilingTime,9.999060043002828
SimulationTime,7.514116316000582
FramaCExecutionTime,34.14544824699988
TotalExecutionTime,600.413908425995
