InputGenerationTime,0.01882177800143836
ProfilingTime,10.36101858499751
SimulationTime,5.933309697997174
FramaCExecutionTime,52.14162661100272
TotalExecutionTime,2009.205444649997
