InputGenerationTime,0.01343886599988764
ProfilingTime,10.830523679999715
SimulationTime,48.21877850999954
FramaCExecutionTime,35.34428882700013
TotalExecutionTime,2447.2650356910003
