InputGenerationTime,0.06730768499983242
ProfilingTime,10.016029090000302
SimulationTime,9.434420901001431
FramaCExecutionTime,40.06123223099894
TotalExecutionTime,607.7480691729997
