InputGenerationTime,0.01968984300037846
ProfilingTime,9.93000109300192
SimulationTime,5.554031578998547
FramaCExecutionTime,38.81064819900348
TotalExecutionTime,823.707407389993
