InputGenerationTime,0.07990379400143865
ProfilingTime,10.66686657199898
SimulationTime,6.631715365998389
FramaCExecutionTime,39.39046175999829
TotalExecutionTime,381.1469466670005
