InputGenerationTime,0.01730999299979885
ProfilingTime,9.79249320999952
SimulationTime,5.403810955998779
FramaCExecutionTime,44.544735395000316
TotalExecutionTime,148.10565430399947
