InputGenerationTime,0.04653632100234972
ProfilingTime,10.978141080006026
SimulationTime,52.537545736005995
FramaCExecutionTime,41.64242968399776
TotalExecutionTime,3400.4574707240026
