InputGenerationTime,0.10100196998973843
ProfilingTime,9.85755467999843
SimulationTime,10.636113899992779
FramaCExecutionTime,42.211014248998254
TotalExecutionTime,625.3474883769959
