InputGenerationTime,0.07467210799222812
ProfilingTime,10.597251057988615
SimulationTime,7.998524071997963
FramaCExecutionTime,39.828040738997515
TotalExecutionTime,1899.4308334879897
