InputGenerationTime,0.10100196998973843
ProfilingTime,10.081664556011674
SimulationTime,10.965599647999625
FramaCExecutionTime,42.211014248998254
TotalExecutionTime,604.7866995700024
