InputGenerationTime,0.01839245700102765
ProfilingTime,10.087412713999584
SimulationTime,6.15997488299945
FramaCExecutionTime,35.089644800000315
TotalExecutionTime,374.4274412960003
