InputGenerationTime,0.10177876400121022
ProfilingTime,9.769607911992352
SimulationTime,6.875978384006885
FramaCExecutionTime,40.503118693988654
TotalExecutionTime,1324.8115186719951
