InputGenerationTime,0.06920159800029069
ProfilingTime,9.726515585000016
SimulationTime,4.931948015000671
FramaCExecutionTime,38.74239860200032
TotalExecutionTime,861.0066160219994
