InputGenerationTime,0.06674171199847478
ProfilingTime,10.019379025994567
SimulationTime,50.3416176239989
FramaCExecutionTime,40.77649916699738
TotalExecutionTime,1908.0196898189897
