InputGenerationTime,0.02938545899814926
ProfilingTime,10.281102296001336
SimulationTime,6.740577183001733
FramaCExecutionTime,38.626025493998895
TotalExecutionTime,16374.523452921003
