InputGenerationTime,0.07460761899710633
ProfilingTime,10.396200274990406
SimulationTime,27.17003372500767
FramaCExecutionTime,39.61733392599854
TotalExecutionTime,424.9953021819965
