InputGenerationTime,0.02827716300089378
ProfilingTime,13.768203692001407
SimulationTime,7.244355048998841
FramaCExecutionTime,39.25252934300079
TotalExecutionTime,849.1392015540005
