InputGenerationTime,0.0159012049989542
ProfilingTime,9.469813134004653
SimulationTime,5.044822472002124
FramaCExecutionTime,48.892538050997246
TotalExecutionTime,498.4767115170034
