InputGenerationTime,0.01605060899964883
ProfilingTime,12.2579819829989
SimulationTime,17.71254623099958
FramaCExecutionTime,55.23388443600197
TotalExecutionTime,257.29667889100165
