InputGenerationTime,0.08211587400001008
ProfilingTime,10.786799803005124
SimulationTime,6.794685291002679
FramaCExecutionTime,42.833708010999544
TotalExecutionTime,1504.5681444669972
