InputGenerationTime,0.02931866299999797
ProfilingTime,11.050599569000042
SimulationTime,56.859770997000055
FramaCExecutionTime,39.656589833
TotalExecutionTime,352.040760581
