InputGenerationTime,0.06281015000058687
ProfilingTime,9.636241305999647
SimulationTime,4.960442088999116
FramaCExecutionTime,39.76741987800051
TotalExecutionTime,1239.291317784
