InputGenerationTime,0.01600631699989208
ProfilingTime,11.17028849799999
SimulationTime,6.811310759999969
FramaCExecutionTime,36.088396689999854
TotalExecutionTime,210.127148432
