InputGenerationTime,0.05692466000073182
ProfilingTime,10.408394011999917
SimulationTime,7.328675043001567
FramaCExecutionTime,39.214578377999715
TotalExecutionTime,1547.259434865
