InputGenerationTime,0.01974974999029655
ProfilingTime,14.309748077008408
SimulationTime,53.12474480200035
FramaCExecutionTime,46.534168247992056
TotalExecutionTime,4951.945154813002
