InputGenerationTime,0.06581077299779281
ProfilingTime,24.17892279300213
SimulationTime,15.945964016002108
FramaCExecutionTime,115.83512147400324
TotalExecutionTime,3685.957743412997
