InputGenerationTime,0.02436892400146462
ProfilingTime,15.107931455000653
SimulationTime,8.171230516003561
FramaCExecutionTime,41.515238159990986
TotalExecutionTime,364.98196691799967
