InputGenerationTime,0.01758529599464964
ProfilingTime,9.665543374001572
SimulationTime,5.2379178529954515
FramaCExecutionTime,36.372605122000095
TotalExecutionTime,285.58571350600687
