InputGenerationTime,0.07492488600109937
ProfilingTime,10.98742294999829
SimulationTime,6.791275742005382
FramaCExecutionTime,42.08125151599961
TotalExecutionTime,1198.7891312369975
