InputGenerationTime,0.06687718700050027
ProfilingTime,10.136482551999507
SimulationTime,6.765378054000394
FramaCExecutionTime,39.48932267499913
TotalExecutionTime,717.2554040550003
