InputGenerationTime,0.02624188499612501
ProfilingTime,10.080958513004589
SimulationTime,6.092448010997032
FramaCExecutionTime,71.5697110770052
TotalExecutionTime,1288.7009408119993
