InputGenerationTime,0.02305058599813492
ProfilingTime,13.990660629002377
SimulationTime,10.037094200997672
FramaCExecutionTime,58.556756318001135
TotalExecutionTime,401.1339117419993
