InputGenerationTime,0.02227763999690069
ProfilingTime,11.002172206994146
SimulationTime,7.1038695169991115
FramaCExecutionTime,40.6428507610035
TotalExecutionTime,762.050048127996
