InputGenerationTime,0.01877888300077757
ProfilingTime,14.64140231700003
SimulationTime,17.154673223998543
FramaCExecutionTime,59.614060054998845
TotalExecutionTime,447.2631472239991
