InputGenerationTime,0.07492488600109937
ProfilingTime,10.913080304002506
SimulationTime,6.815965515997959
FramaCExecutionTime,42.08125151599961
TotalExecutionTime,1234.640835320999
