InputGenerationTime,0.02354438200018194
ProfilingTime,9.95183148399974
SimulationTime,4.890904965000118
FramaCExecutionTime,36.64489351900011
TotalExecutionTime,827.6275276050001
