InputGenerationTime,0.03914463899855036
ProfilingTime,14.908865809993586
SimulationTime,6.978923504000704
FramaCExecutionTime,48.82799473100022
TotalExecutionTime,950.2896986209962
