InputGenerationTime,0.02881482700104243
ProfilingTime,11.534625795000466
SimulationTime,17.670691437997448
FramaCExecutionTime,55.802621858998464
TotalExecutionTime,1417.8741462390026
