InputGenerationTime,0.03211433500109706
ProfilingTime,10.658206847998372
SimulationTime,47.79564318199846
FramaCExecutionTime,39.37306821200036
TotalExecutionTime,1209.657633263996
