InputGenerationTime,0.0171071029981249
ProfilingTime,12.446665261995804
SimulationTime,6.960168117002468
FramaCExecutionTime,49.93881574000261
TotalExecutionTime,329.65542927500064
