InputGenerationTime,0.02632365800673142
ProfilingTime,12.69776339000964
SimulationTime,11.300876684996183
FramaCExecutionTime,39.77912241400918
TotalExecutionTime,547.3745607520104
