InputGenerationTime,0.09784811999998055
ProfilingTime,10.139855714995065
SimulationTime,7.623182872004691
FramaCExecutionTime,41.55466879501182
TotalExecutionTime,1387.5915591780067
