InputGenerationTime,0.03070392999507021
ProfilingTime,14.79346934799105
SimulationTime,8.93283003900433
FramaCExecutionTime,43.51740340801189
TotalExecutionTime,1151.0974179729965
