InputGenerationTime,0.01905658200121252
ProfilingTime,10.511969690000114
SimulationTime,5.231199118999939
FramaCExecutionTime,35.78832621900074
TotalExecutionTime,907.0372203080042
