InputGenerationTime,0.11606005700014066
ProfilingTime,9.981160351002472
SimulationTime,51.64871638000477
FramaCExecutionTime,42.19512809099979
TotalExecutionTime,1388.234084546988
