InputGenerationTime,0.01839245700102765
ProfilingTime,10.110695044999375
SimulationTime,6.263431508001304
FramaCExecutionTime,35.089644800000315
TotalExecutionTime,196.2559384920005
