InputGenerationTime,0.01908354100305587
ProfilingTime,9.618468321001274
SimulationTime,5.691983785000048
FramaCExecutionTime,45.59387044799951
TotalExecutionTime,638.7789941560004
