InputGenerationTime,0.02305058599813492
ProfilingTime,12.367030161000002
SimulationTime,7.431231092003145
FramaCExecutionTime,58.556756318001135
TotalExecutionTime,222.1669866859993
