InputGenerationTime,0.0385067209990666
ProfilingTime,10.521993559999828
SimulationTime,5.838616226999875
FramaCExecutionTime,37.904336684001464
TotalExecutionTime,674.5524165629995
