InputGenerationTime,0.02913684999657562
ProfilingTime,9.489011606994609
SimulationTime,4.698683498005266
FramaCExecutionTime,35.218215351000254
TotalExecutionTime,424.32578315799765
