InputGenerationTime,0.08946731199102942
ProfilingTime,13.173726683991845
SimulationTime,12.943106044011074
FramaCExecutionTime,41.71104338199075
TotalExecutionTime,417.1436187979998
