InputGenerationTime,0.09603555100329686
ProfilingTime,9.678905657987343
SimulationTime,5.200226838001981
FramaCExecutionTime,41.09978809001041
TotalExecutionTime,934.7365476889972
