InputGenerationTime,0.07630812800016429
ProfilingTime,10.36274175700055
SimulationTime,6.892178232001243
FramaCExecutionTime,39.353945180000665
TotalExecutionTime,175.7726602620005
