InputGenerationTime,0.01333866200002376
ProfilingTime,10.81476539799769
SimulationTime,6.035003636003239
FramaCExecutionTime,48.59325111399812
TotalExecutionTime,1246.5245903519972
