InputGenerationTime,0.08286192300147377
ProfilingTime,9.887281720002647
SimulationTime,49.67218566699012
FramaCExecutionTime,39.38539788800699
TotalExecutionTime,335.66214354199474
