InputGenerationTime,0.06673658799991244
ProfilingTime,10.69750839399967
SimulationTime,6.637555351999708
FramaCExecutionTime,40.517046983
TotalExecutionTime,813.7928613869999
