InputGenerationTime,0.08069114800036914
ProfilingTime,9.81715326199992
SimulationTime,6.9577500489995145
FramaCExecutionTime,37.93133167399992
TotalExecutionTime,1141.576856785
