InputGenerationTime,0.12183218299469445
ProfilingTime,10.57894633099204
SimulationTime,61.43256020300032
FramaCExecutionTime,43.303145281999605
TotalExecutionTime,533.5166198779916
