InputGenerationTime,0.02471806799985643
ProfilingTime,9.872988638999914
SimulationTime,5.794074254000179
FramaCExecutionTime,36.439571203000014
TotalExecutionTime,261.12744856799986
