InputGenerationTime,0.01578046099984931
ProfilingTime,9.980671934999918
SimulationTime,6.41822226499994
FramaCExecutionTime,43.47882046399991
TotalExecutionTime,1663.874875689
