InputGenerationTime,0.06381965599939576
ProfilingTime,10.064650154999981
SimulationTime,5.646144870001081
FramaCExecutionTime,40.0604183079995
TotalExecutionTime,693.7971860859998
