InputGenerationTime,0.06920159800029069
ProfilingTime,9.950458793999132
SimulationTime,5.336445805000039
FramaCExecutionTime,38.74239860200032
TotalExecutionTime,998.8007043140005
