InputGenerationTime,0.0590006890015502
ProfilingTime,11.355933971000923
SimulationTime,17.02305628600152
FramaCExecutionTime,113.22399641499942
TotalExecutionTime,4851.725214089998
