InputGenerationTime,0.00968929698865395
ProfilingTime,12.300065694988007
SimulationTime,52.72798154200427
FramaCExecutionTime,48.13642818399239
TotalExecutionTime,1905.9431577969954
