InputGenerationTime,0.07492488600109937
ProfilingTime,10.832720179998432
SimulationTime,6.778063499004929
FramaCExecutionTime,42.08125151599961
TotalExecutionTime,1180.988717246997
