InputGenerationTime,0.12734451101277955
ProfilingTime,13.547823423010414
SimulationTime,8.522780293002143
FramaCExecutionTime,39.92448624499957
TotalExecutionTime,341.83978915000625
