InputGenerationTime,0.06581077299779281
ProfilingTime,24.038713205998647
SimulationTime,19.940660120999382
FramaCExecutionTime,115.83512147400324
TotalExecutionTime,3730.044624228998
