InputGenerationTime,0.07630812800016429
ProfilingTime,10.642154905001007
SimulationTime,7.011328257998684
FramaCExecutionTime,39.353945180000665
TotalExecutionTime,140.47139238700038
