InputGenerationTime,0.02879062700048962
ProfilingTime,10.390758321999783
SimulationTime,7.474589956000273
FramaCExecutionTime,37.36917282200011
TotalExecutionTime,569.012341572
