InputGenerationTime,0.06652831399696879
ProfilingTime,9.852183184004389
SimulationTime,7.520858547999524
FramaCExecutionTime,38.49409825599287
TotalExecutionTime,108.09639351900842
