InputGenerationTime,0.0745205179991899
ProfilingTime,10.461706563000917
SimulationTime,6.017081934012822
FramaCExecutionTime,41.4757383850083
TotalExecutionTime,769.1843361170031
