InputGenerationTime,0.01121654300368391
ProfilingTime,15.560498184000608
SimulationTime,7.852696448986535
FramaCExecutionTime,48.89147891699395
TotalExecutionTime,1926.092540144993
