InputGenerationTime,0.01207756999792764
ProfilingTime,11.26054398999986
SimulationTime,57.34586230000423
FramaCExecutionTime,45.69947358400168
TotalExecutionTime,2418.4685715339983
