InputGenerationTime,0.02471806799985643
ProfilingTime,10.225020631000007
SimulationTime,6.012500971000009
FramaCExecutionTime,36.439571203000014
TotalExecutionTime,293.4622062579999
