InputGenerationTime,0.02493770999899425
ProfilingTime,9.589640819998749
SimulationTime,6.03675131700038
FramaCExecutionTime,35.02617612699942
TotalExecutionTime,1504.1690819719988
