InputGenerationTime,0.01695346001361031
ProfilingTime,12.344298926007468
SimulationTime,52.58016765098728
FramaCExecutionTime,51.14702446399315
TotalExecutionTime,846.1904676020058
