InputGenerationTime,0.02131568200275069
ProfilingTime,10.381183550001879
SimulationTime,6.35847555899818
FramaCExecutionTime,37.40565201899881
TotalExecutionTime,644.1871136639966
