InputGenerationTime,0.02583890700043412
ProfilingTime,11.01281507100066
SimulationTime,54.05773107899586
FramaCExecutionTime,39.279005670003244
TotalExecutionTime,5449.069926017997
