InputGenerationTime,0.12734451101277955
ProfilingTime,10.264703898006701
SimulationTime,6.544053416000679
FramaCExecutionTime,39.92448624499957
TotalExecutionTime,203.64123436799855
