InputGenerationTime,0.02859270799672231
ProfilingTime,12.267262515000766
SimulationTime,56.44156969500182
FramaCExecutionTime,44.789751115997205
TotalExecutionTime,3630.861456439001
