InputGenerationTime,0.02154857700043067
ProfilingTime,10.044138029999885
SimulationTime,48.87120262600001
FramaCExecutionTime,36.822960536999744
TotalExecutionTime,2586.1158635770007
