InputGenerationTime,0.03148683500012339
ProfilingTime,10.356563007999739
SimulationTime,6.707655675999831
FramaCExecutionTime,43.64821819200006
TotalExecutionTime,730.804740473
