InputGenerationTime,0.02938545899814926
ProfilingTime,10.620954921003431
SimulationTime,6.338265327001864
FramaCExecutionTime,38.626025493998895
TotalExecutionTime,16444.734379141
