InputGenerationTime,0.08286192300147377
ProfilingTime,10.872762579005212
SimulationTime,50.234017045993824
FramaCExecutionTime,39.38539788800699
TotalExecutionTime,1065.685395913999
