InputGenerationTime,0.06381965599939576
ProfilingTime,10.047007042001496
SimulationTime,6.08818793699902
FramaCExecutionTime,40.0604183079995
TotalExecutionTime,813.8428166539998
