InputGenerationTime,0.05692466000073182
ProfilingTime,10.157553168999584
SimulationTime,6.462551159000213
FramaCExecutionTime,39.214578377999715
TotalExecutionTime,1397.1225461170015
