InputGenerationTime,0.01333866200002376
ProfilingTime,10.420799176994478
SimulationTime,5.860916995006846
FramaCExecutionTime,48.59325111399812
TotalExecutionTime,995.1843428139982
