InputGenerationTime,0.06652831399696879
ProfilingTime,10.518447738009854
SimulationTime,8.785785551997833
FramaCExecutionTime,38.49409825599287
TotalExecutionTime,163.38433725100185
