InputGenerationTime,0.03753126999072265
ProfilingTime,9.662001514996518
SimulationTime,8.517782045993954
FramaCExecutionTime,36.719459897998604
TotalExecutionTime,1463.1503867980064
