InputGenerationTime,0.10100196998973843
ProfilingTime,9.853475809999509
SimulationTime,10.664018839990604
FramaCExecutionTime,42.211014248998254
TotalExecutionTime,583.674663415004
