InputGenerationTime,0.02354438200018194
ProfilingTime,10.183135354000115
SimulationTime,5.503079908000018
FramaCExecutionTime,36.64489351900011
TotalExecutionTime,765.2927395369998
