InputGenerationTime,0.06373837799947069
ProfilingTime,10.536860111999886
SimulationTime,7.167144439999902
FramaCExecutionTime,37.73800484300045
TotalExecutionTime,637.2115207690003
