InputGenerationTime,0.02927012700092746
ProfilingTime,14.12042137699973
SimulationTime,22.370303177001915
FramaCExecutionTime,59.54822582100314
TotalExecutionTime,286.180010991
