InputGenerationTime,0.01905658200121252
ProfilingTime,10.681296192000445
SimulationTime,5.530889472000126
FramaCExecutionTime,35.78832621900074
TotalExecutionTime,1204.533786318003
