InputGenerationTime,0.01781125200795941
ProfilingTime,10.118840711002122
SimulationTime,5.698926926997956
FramaCExecutionTime,33.69016032500076
TotalExecutionTime,981.6872810799978
