InputGenerationTime,0.05992229399998905
ProfilingTime,10.790316614002222
SimulationTime,6.34621919899655
FramaCExecutionTime,40.947449245002645
TotalExecutionTime,565.7423586020013
