InputGenerationTime,0.02154857700043067
ProfilingTime,10.30996538799991
SimulationTime,48.98116999800004
FramaCExecutionTime,36.822960536999744
TotalExecutionTime,2394.082662736
