InputGenerationTime,0.02429182899868465
ProfilingTime,10.200053108001157
SimulationTime,5.355083405000187
FramaCExecutionTime,45.97813112299991
TotalExecutionTime,683.6269645760003
