InputGenerationTime,0.00933023100515129
ProfilingTime,9.446456525998656
SimulationTime,5.4327062770025805
FramaCExecutionTime,36.48298437499761
TotalExecutionTime,1243.1337498370049
