InputGenerationTime,0.02306973400118295
ProfilingTime,10.254820125999686
SimulationTime,47.35245307399964
FramaCExecutionTime,34.95365613299873
TotalExecutionTime,1010.5806736089999
