InputGenerationTime,0.06281015000058687
ProfilingTime,10.339318214000741
SimulationTime,5.722717096999986
FramaCExecutionTime,39.76741987800051
TotalExecutionTime,1503.275803826
