InputGenerationTime,0.0223144050000883
ProfilingTime,11.235525909999978
SimulationTime,6.5715634870000486
FramaCExecutionTime,35.90068683499999
TotalExecutionTime,1190.795877114
