InputGenerationTime,0.0385067209990666
ProfilingTime,10.230705919000684
SimulationTime,5.614433127000666
FramaCExecutionTime,37.904336684001464
TotalExecutionTime,517.4452807380003
