InputGenerationTime,0.03469175999998697
ProfilingTime,12.825250173000313
SimulationTime,7.278597132999494
FramaCExecutionTime,61.06725525799993
TotalExecutionTime,931.5512978660008
