InputGenerationTime,0.11479880199476611
ProfilingTime,9.916358083006344
SimulationTime,8.50927428000432
FramaCExecutionTime,42.08872573199915
TotalExecutionTime,1514.7366569110018
