InputGenerationTime,0.02305058599813492
ProfilingTime,13.918425863001175
SimulationTime,8.510774435999338
FramaCExecutionTime,58.556756318001135
TotalExecutionTime,377.06976556099835
