InputGenerationTime,0.01730999299979885
ProfilingTime,10.912983699003235
SimulationTime,5.4416848060027405
FramaCExecutionTime,44.544735395000316
TotalExecutionTime,197.53640936800002
