InputGenerationTime,0.06581077299779281
ProfilingTime,26.42774356299924
SimulationTime,18.914378751000186
FramaCExecutionTime,115.83512147400324
TotalExecutionTime,3775.429431159999
