InputGenerationTime,0.01343886599988764
ProfilingTime,10.421338760999788
SimulationTime,46.991155011000046
FramaCExecutionTime,35.34428882700013
TotalExecutionTime,1609.4861019289997
