InputGenerationTime,0.0658009869948728
ProfilingTime,10.355326798002352
SimulationTime,11.267319924998446
FramaCExecutionTime,40.643793021998135
TotalExecutionTime,1073.3987386419903
