InputGenerationTime,0.02311374100008834
ProfilingTime,9.493240421999872
SimulationTime,5.264963313999942
FramaCExecutionTime,35.06249987399951
TotalExecutionTime,80.05864304500028
