InputGenerationTime,0.02624188499612501
ProfilingTime,9.627902771004301
SimulationTime,5.3605664069982595
FramaCExecutionTime,71.5697110770052
TotalExecutionTime,1100.5015342490005
