InputGenerationTime,0.06581077299779281
ProfilingTime,22.827327357001195
SimulationTime,16.135226497000986
FramaCExecutionTime,115.83512147400324
TotalExecutionTime,4367.0233458429975
