InputGenerationTime,0.01839245700102765
ProfilingTime,10.07870675400045
SimulationTime,6.021096292000948
FramaCExecutionTime,35.089644800000315
TotalExecutionTime,325.70770696699947
