InputGenerationTime,0.02583890700043412
ProfilingTime,11.23372368299897
SimulationTime,54.00533330399776
FramaCExecutionTime,39.279005670003244
TotalExecutionTime,5258.587728521001
