InputGenerationTime,0.02859270799672231
ProfilingTime,11.210466907999944
SimulationTime,54.49769564799499
FramaCExecutionTime,44.789751115997205
TotalExecutionTime,3965.016941640002
