InputGenerationTime,0.02632365800673142
ProfilingTime,11.405522487009875
SimulationTime,8.189564210988465
FramaCExecutionTime,39.77912241400918
TotalExecutionTime,964.9288472360058
