InputGenerationTime,0.0223144050000883
ProfilingTime,11.111053916999936
SimulationTime,6.885094411999944
FramaCExecutionTime,35.90068683499999
TotalExecutionTime,1027.308510587
