InputGenerationTime,0.01758529599464964
ProfilingTime,9.770931685001415
SimulationTime,5.239066018999438
FramaCExecutionTime,36.372605122000095
TotalExecutionTime,300.61966140200093
