InputGenerationTime,0.10154341699671932
ProfilingTime,9.72408842999721
SimulationTime,12.635374692006735
FramaCExecutionTime,42.076754936002544
TotalExecutionTime,2057.943261761
