InputGenerationTime,0.01328051500604488
ProfilingTime,15.025347021000925
SimulationTime,7.963445429995772
FramaCExecutionTime,41.48226086300565
TotalExecutionTime,538.4892299139901
