InputGenerationTime,0.06652831399696879
ProfilingTime,10.15983566500654
SimulationTime,7.663749245999497
FramaCExecutionTime,38.49409825599287
TotalExecutionTime,318.48453974400763
