InputGenerationTime,0.03444526500243228
ProfilingTime,11.31204226698901
SimulationTime,6.29882682999596
FramaCExecutionTime,52.18555356100842
TotalExecutionTime,155.0311743390048
