InputGenerationTime,0.01647902900003828
ProfilingTime,13.715094481012784
SimulationTime,6.774772759992629
FramaCExecutionTime,48.37001351900108
TotalExecutionTime,861.4795551650022
