InputGenerationTime,0.08211587400001008
ProfilingTime,10.817345064002438
SimulationTime,6.929514196999662
FramaCExecutionTime,42.833708010999544
TotalExecutionTime,1572.861733120997
