InputGenerationTime,0.01848810700175818
ProfilingTime,9.698669886005518
SimulationTime,4.960101131000556
FramaCExecutionTime,35.19626918999711
TotalExecutionTime,977.4466342989981
