InputGenerationTime,0.06297201899724314
ProfilingTime,10.316240122003364
SimulationTime,51.366145814994525
FramaCExecutionTime,39.85762919300032
TotalExecutionTime,535.1826418830024
