InputGenerationTime,0.0590006890015502
ProfilingTime,20.786085225001443
SimulationTime,23.48807133200171
FramaCExecutionTime,113.22399641499942
TotalExecutionTime,4552.697666086999
