InputGenerationTime,0.10154341699671932
ProfilingTime,9.85194061799848
SimulationTime,24.460893704002956
FramaCExecutionTime,42.076754936002544
TotalExecutionTime,2115.167253117994
