InputGenerationTime,0.06693528000323568
ProfilingTime,10.473920337011805
SimulationTime,51.84039652800129
FramaCExecutionTime,41.80391053999483
TotalExecutionTime,4646.062285678003
