InputGenerationTime,0.03125360700141755
ProfilingTime,12.85440772900256
SimulationTime,8.226764399001695
FramaCExecutionTime,56.99454582999897
TotalExecutionTime,2114.1299745290016
