InputGenerationTime,0.02311374100008834
ProfilingTime,9.362335468999845
SimulationTime,5.3889855180004815
FramaCExecutionTime,35.06249987399951
TotalExecutionTime,391.19982184499986
