InputGenerationTime,0.06920159800029069
ProfilingTime,9.987954395999623
SimulationTime,5.229757821000021
FramaCExecutionTime,38.74239860200032
TotalExecutionTime,905.3963717280003
