InputGenerationTime,0.02234565999242477
ProfilingTime,11.679565723999985
SimulationTime,54.58739106700523
FramaCExecutionTime,39.94511723800679
TotalExecutionTime,4934.279036725988
