InputGenerationTime,0.07492488600109937
ProfilingTime,10.808699876004539
SimulationTime,6.714020249004534
FramaCExecutionTime,42.08125151599961
TotalExecutionTime,1042.8093674720003
