InputGenerationTime,0.02131568200275069
ProfilingTime,10.48585701900447
SimulationTime,6.085700855997857
FramaCExecutionTime,37.40565201899881
TotalExecutionTime,711.5707697030011
