InputGenerationTime,0.10154341699671932
ProfilingTime,10.38292394101154
SimulationTime,24.3720073709992
FramaCExecutionTime,42.076754936002544
TotalExecutionTime,2283.0234651270002
