InputGenerationTime,0.02493770999899425
ProfilingTime,9.443427115000304
SimulationTime,6.010094638000737
FramaCExecutionTime,35.02617612699942
TotalExecutionTime,1534.9886959510004
