InputGenerationTime,0.02632365800673142
ProfilingTime,11.596011975998408
SimulationTime,8.716461370000616
FramaCExecutionTime,39.77912241400918
TotalExecutionTime,851.052946263997
