InputGenerationTime,0.057158976997016
ProfilingTime,9.589898154001276
SimulationTime,19.010309240002243
FramaCExecutionTime,37.9393298319992
TotalExecutionTime,301.26580169099907
