InputGenerationTime,0.03455019700049888
ProfilingTime,9.8752162210003
SimulationTime,6.163091665001048
FramaCExecutionTime,34.927573151000615
TotalExecutionTime,520.342621703001
