InputGenerationTime,0.06281015000058687
ProfilingTime,9.54367426600038
SimulationTime,4.921722609000426
FramaCExecutionTime,39.76741987800051
TotalExecutionTime,1253.7925000020005
