InputGenerationTime,0.01848810700175818
ProfilingTime,9.858902589003264
SimulationTime,5.112292817997513
FramaCExecutionTime,35.19626918999711
TotalExecutionTime,1052.4602926980006
