InputGenerationTime,0.08934303199930582
ProfilingTime,9.961994685989339
SimulationTime,8.202047112004948
FramaCExecutionTime,40.58022558799712
TotalExecutionTime,187.23179647600045
