InputGenerationTime,0.03148683500012339
ProfilingTime,10.551325007999822
SimulationTime,6.853662329000144
FramaCExecutionTime,43.64821819200006
TotalExecutionTime,748.2346458739999
