InputGenerationTime,0.02931866299999797
ProfilingTime,10.534558441000058
SimulationTime,54.970174391
FramaCExecutionTime,39.656589833
TotalExecutionTime,549.7681888039999
