InputGenerationTime,0.06730768499983242
ProfilingTime,10.123934494000423
SimulationTime,9.337005612000212
FramaCExecutionTime,40.06123223099894
TotalExecutionTime,568.537557058
