InputGenerationTime,0.01578046099984931
ProfilingTime,9.911903174000145
SimulationTime,6.231013457000017
FramaCExecutionTime,43.47882046399991
TotalExecutionTime,1680.065249636
