InputGenerationTime,0.03469175999998697
ProfilingTime,13.221529181000733
SimulationTime,7.139483680000922
FramaCExecutionTime,61.06725525799993
TotalExecutionTime,911.4148462819994
