InputGenerationTime,0.08479241801251192
ProfilingTime,16.202568409004016
SimulationTime,6.5171463529986795
FramaCExecutionTime,41.54485546500655
TotalExecutionTime,838.8559450199973
