InputGenerationTime,0.01157555900135776
ProfilingTime,10.259017884003697
SimulationTime,51.33820167199883
FramaCExecutionTime,37.79498738999973
TotalExecutionTime,4625.408837224004
