InputGenerationTime,0.01725929699932749
ProfilingTime,9.437932079001257
SimulationTime,5.715095265000855
FramaCExecutionTime,34.431736876000286
TotalExecutionTime,838.1515312749998
