InputGenerationTime,0.06581077299779281
ProfilingTime,29.725447851000354
SimulationTime,17.323854986003425
FramaCExecutionTime,115.83512147400324
TotalExecutionTime,4007.300309799997
