InputGenerationTime,0.07010217800052487
ProfilingTime,10.163570799999434
SimulationTime,6.142860918000224
FramaCExecutionTime,37.008794666999165
TotalExecutionTime,68.74240173099861
