InputGenerationTime,0.01974974999029655
ProfilingTime,14.45030670199776
SimulationTime,53.67324907200236
FramaCExecutionTime,46.534168247992056
TotalExecutionTime,5701.949923685999
