InputGenerationTime,0.01839245700102765
ProfilingTime,9.833258392000062
SimulationTime,5.957221080998352
FramaCExecutionTime,35.089644800000315
TotalExecutionTime,66.79394909800067
