InputGenerationTime,0.02688553600000887
ProfilingTime,10.945884296000031
SimulationTime,6.235528639999984
FramaCExecutionTime,36.49362706299996
TotalExecutionTime,540.085535509
