InputGenerationTime,0.01951889699921594
ProfilingTime,9.915100455998981
SimulationTime,4.88826666299974
FramaCExecutionTime,35.60998623500018
TotalExecutionTime,183.5838502030001
