InputGenerationTime,0.07192333900093217
ProfilingTime,10.381221923998964
SimulationTime,49.12484340999799
FramaCExecutionTime,39.947012405998976
TotalExecutionTime,932.0133112540025
